employee_id,age,gender,country,city,education,experience_level,years_experience,job_title,industry,programming_langiage,company_size,remote_type,tools_used,certification,salary_usd,work_hours_per_week,satisfaction_score,promotion_last_2_years
1,22,Female,Australia,Jamesland,Bachelors,Lead,20,AI Engineer,Healthcare,R,Small,Remote,"Tableau, TensorFlow, Python",Microsoft Power BI,,46,5.8,No
2,23,Other,India,West Derrick,Masters,Lead,13,Data Scntist,Gaming,Julia,Medium,Hybrid,"Pandas, SQL, Spark",None,,38,8.4,No
3,44,Male,Canada,Luceroside,Bachelors,Lead,11,Machine Learning Engineer,Consulting,Julia,Medium,Hybrid,"Python, PyTorch, NumPy",AWS Certified,72818.0,56,8.5,No
4,36,Other,India,South Laurenberg,Masters,Lead,18,Data Scientist,E-commerce,SQL,Large,Onsite,"Spark, TensorFlow, Pandas",TensorFlow Developer,90184.0,32,4.3,Yes
5,25,Female,Germany,Obrienview,Masters,Entry,1,Data Analyst,Retail,R,Large,Remote,"PyTorch, Excel, NumPy",TensorFlow Developer,41244.0,55,5.3,Yes
6,32,Female,Australia,Maldonadoside,PhD,Lead,14,Data Scientist,E-commerce,R,Small,Onsite,"Tableau, TensorFlow, SQL",Google Data Analytics,100416.0,30,5.7,No
7,36,Other,Germany,West Stephaniestad,Bachelors,Mid,4,AI Engineer,Gaming,R,Small,Hybrid,"Power BI, Pandas, Spark",TensorFlow Developer,51712.0,32,7.2,Yes
8,29,Other,USA,Shieldsburgh,Masters,Lead,17,Data Scientist,Finance,Julia,Small,Remote,"SQL, PyTorch, Power BI",Google Data Analytics,128349.0,48,4.9,Yes
9,52,Female,USA,Jimenezmouth,PhD,Senior,6,Data Scientist,SaaS,Python,Medium,Onsite,"Tableau, Python, Spark",Azure Data Engineer,73032.0,31,8.7,Yes
10,47,Female,India,West Christopherburgh,Masters,Lead,15,Business Analyst,Finance,R,Large,Hybrid,"Python, Tableau, Spark",TensorFlow Developer,78615.0,30,8.3,No
11,41,Other,Poland,South Joseph,Bachelors,Senior,10,Data Analyst,Healthcare,SQL,Small,Onsite,"Python, Spark, Excel",Azure Data Engineer,39297.0,60,5.5,No
12,40,Other,India,Robertstown,PhD,Lead,19,BI Analyst,EdTech,SQL,Large,Onsite,"NumPy, Python, Power BI",IBM Data Science,69127.0,38,7.8,Yes
13,55,Other,Canada,West Mary,Masters,Entry,2,Data Analyst,Consulting,Julia,Medium,Onsite,"Excel, TensorFlow, PyTorch",AWS Certified,38299.0,35,8.1,No
14,36,Male,Germany,Acevedofort,Masters,Mid,5,Data Analyst,Retail,Python,Large,Hybrid,"Spark, Python, NumPy",Azure Data Engineer,52035.0,46,8.1,Yes
15,28,Other,India,East Sarah,Masters,Mid,5,Data Scientist,Finance,Scala,Large,Onsite,"NumPy, Pandas, Excel",AWS Certified,30543.0,52,9.9,Yes
16,50,Male,Germany,South Jay,Bachelors,Lead,13,Data Engineer,EdTech,Python,Medium,Remote,"Tableau, Spark, TensorFlow",TensorFlow Developer,87981.0,33,4.1,No
17,53,Other,USA,Miguelmouth,PhD,Entry,2,AI Engineer,E-commerce,R,Large,Onsite,"Spark, Power BI, NumPy",None,95569.0,38,4.8,Yes
18,50,Female,Germany,Maryfort,PhD,Lead,11,Data Engineer,Healthcare,SQL,Large,Remote,"Python, Pandas, SQL",AWS Certified,95123.0,55,6.1,Yes
19,29,Other,India,Davisfurt,PhD,Senior,7,Data Scntist,EdTech,Python,Large,Hybrid,"Power BI, NumPy, SQL",IBM Data Science,37229.0,58,6.2,No
20,28,Other,UK,Georgeville,Masters,Senior,8,Data Scientist,Gaming,Python,Small,Onsite,"Python, Excel, TensorFlow",None,48809.0,32,6.8,Yes
21,38,Other,India,West Holly,Bachelors,Lead,12,Data Scientist,Consulting,SQL,Large,Remote,"SQL, Power BI, PyTorch",AWS Certified,60790.0,54,8.5,Yes
22,50,Male,India,Lake John,Masters,Mid,3,Machine Learning Engineer,E-commerce,R,Medium,Onsite,"Python, PyTorch, TensorFlow",None,27420.0,56,5.9,Yes
23,48,Female,USA,New Andrewtown,Masters,Lead,19,Business Analyst,Consulting,Python,Small,Hybrid,"Power BI, NumPy, SQL",Google Data Analytics,87982.0,52,6.1,No
24,27,Female,Poland,West Aaronburgh,Masters,Lead,14,Data Scientist,Retail,Scala,Large,Remote,"Python, Pandas, Tableau",Microsoft Power BI,101450.0,39,9.6,Yes
25,52,Female,Germany,Tiffanyshire,Bachelors,Senior,8,Business Analyst,SaaS,Python,Large,Hybrid,"Pandas, SQL, Excel",AWS Certified,514296.0,47,9.6,No
26,28,Male,Germany,Port Jeffery,Masters,Lead,18,AI Engineer,Retail,Scala,Medium,Hybrid,"Spark, Power BI, Python",IBM Data Science,133262.0,30,6.2,Yes
27,46,Female,Australia,Lake Kayla,Bachelors,Senior,9,Data Scientist,Gaming,Julia,Small,Onsite,"Pandas, Tableau, NumPy",Google Data Analytics,,41,6.4,No
28,31,Female,Germany,Patriciaton,PhD,Mid,5,Data Scientist,Finance,Python,Medium,Onsite,"SQL, Python, Pandas",Google Data Analytics,63540.0,35,8.6,No
29,52,Male,Poland,Christopherton,Bachelors,Lead,16,Data Analyst,Gaming,Julia,Small,Hybrid,"Excel, SQL, TensorFlow",IBM Data Science,56133.0,56,4.6,No
30,47,Female,Brazil,Susanshire,Bachelors,Lead,11,Machine Learning Engineer,Finance,Julia,Small,Onsite,"Pandas, Power BI, Tableau",Azure Data Engineer,38719.0,44,5.5,Yes
31,32,Male,Germany,Lake Lanceland,PhD,Mid,5,Data Scientist,SaaS,Python,Small,Remote,"Tableau, TensorFlow, Python",TensorFlow Developer,61087.0,49,6.2,Yes
32,40,Male,USA,South Jose,Masters,Senior,9,Business Analyst,Healthcare,R,Large,Hybrid,"TensorFlow, Pandas, Power BI",AWS Certified,68696.0,54,8.1,Yes
33,34,Male,UK,Patriciaside,Bachelors,Senior,8,AI Engineer,Healthcare,R,Small,Onsite,"NumPy, PyTorch, Python",AWS Certified,48800.0,58,7.1,Yes
34,24,Other,Germany,Brewerville,Bachelors,Lead,12,AI Engineer,Consulting,Julia,Large,Onsite,"NumPy, Excel, Power BI",AWS Certified,97594.0,53,6.2,Yes
35,34,Other,Germany,Walkerhaven,Bachelors,Lead,13,Business Analyst,Finance,Julia,Medium,Onsite,"PyTorch, SQL, TensorFlow",IBM Data Science,67454.0,32,8.9,Yes
36,30,Other,Poland,Wolfstad,PhD,Entry,1,Data Engineer,EdTech,SQL,Small,Hybrid,"PyTorch, Pandas, Tableau",TensorFlow Developer,27121.0,41,7.1,No
37,51,Male,Canada,North Jeffreyland,Masters,Entry,1,BI Analyst,Consulting,SQL,Medium,Remote,"PyTorch, Power BI, SQL",Microsoft Power BI,38122.0,32,7.9,No
38,22,Other,Brazil,Ryanfort,PhD,Mid,5,Data Scientist,Gaming,R,Medium,Remote,"Excel, TensorFlow, Python",Azure Data Engineer,47896.0,57,5.3,No
39,28,Other,USA,Lake Christopher,Masters,Entry,2,Business Analyst,EdTech,Julia,Small,Remote,"Excel, PyTorch, NumPy",AWS Certified,,35,5.5,No
40,31,Female,Brazil,South Tracifort,PhD,Senior,10,AI Engineer,Gaming,Python,Small,Remote,"SQL, NumPy, Python",Google Data Analytics,68417.0,60,5.3,No
41,25,Female,Brazil,North Ashley,Masters,Lead,16,Business Analyst,E-commerce,SQL,Medium,Remote,"Spark, PyTorch, NumPy",TensorFlow Developer,73061.0,44,9.9,Yes
42,37,Other,USA,Lake Johnport,PhD,Lead,20,Analytics Engineer,Gaming,SQL,Small,Onsite,"PyTorch, Tableau, Spark",IBM Data Science,85684.0,38,4.8,Yes
43,37,Female,Brazil,Gilbertside,Bachelors,Entry,2,Analytics Engineer,E-commerce,R,Large,Hybrid,"Excel, PyTorch, Spark",Microsoft Power BI,30558.0,60,8.9,Yes
44,23,Other,Canada,Barnesshire,PhD,Entry,2,AI Engineer,EdTech,Scala,Large,Remote,"PyTorch, SQL, NumPy",None,86659.0,40,9.3,No
45,45,Other,Australia,Jessicafurt,Bachelors,Entry,1,Analytics Engineer,EdTech,Python,Small,Onsite,"Excel, PyTorch, Power BI",Azure Data Engineer,30755.0,49,7.2,No
46,42,Male,Poland,New Charlesview,Bachelors,Mid,4,Business Analyst,Consulting,Julia,Medium,Hybrid,"Tableau, SQL, Excel",None,32577.0,58,9.7,No
47,43,Male,USA,Justinhaven,Bachelors,Lead,17,Business Analyst,Consulting,SQL,Medium,Onsite,"PyTorch, SQL, Excel",Google Data Analytics,114714.0,36,9.7,Yes
48,36,Female,Australia,Cooperton,PhD,Lead,19,Data Scientist,Finance,Julia,Small,Hybrid,"SQL, Python, Power BI",Google Data Analytics,111446.0,46,5.3,No
49,40,Female,Poland,West Samanthaview,Bachelors,Lead,12,AI Engineer,Retail,Scala,Medium,Remote,"Tableau, Power BI, SQL",Microsoft Power BI,715264.0,45,9.2,Yes
50,46,Male,Poland,East Doris,Masters,Senior,8,Data Analyst,EdTech,R,Small,Remote,"TensorFlow, Spark, PyTorch",TensorFlow Developer,48800.0,41,7.4,Yes
51,33,Female,Poland,Jonesland,Masters,Mid,5,Data Analyst,Gaming,Julia,Medium,Remote,"Pandas, Python, PyTorch",TensorFlow Developer,36572.0,55,10.0,Yes
52,50,Other,Brazil,Audreymouth,Masters,Entry,0,BI Analyst,Retail,Python,Small,Hybrid,"TensorFlow, Python, Power BI",IBM Data Science,13025.0,60,4.4,Yes
53,53,Female,Germany,Lewisfort,PhD,Entry,1,Data Engineer,EdTech,R,Large,Onsite,"TensorFlow, Tableau, PyTorch",None,57622.0,55,9.9,Yes
54,47,Male,Canada,Melissafurt,Masters,Senior,9,Analytics Engineer,Gaming,Python,Small,Remote,"Power BI, PyTorch, Pandas",None,72709.0,45,6.2,Yes
55,22,Female,Germany,North Derrickport,PhD,Lead,11,Machine Learning Engineer,Healthcare,SQL,Large,Onsite,"NumPy, Tableau, Pandas",None,84320.0,45,5.5,No
56,28,Male,Poland,Lake Martin,Masters,Senior,6,Business Analyst,SaaS,Scala,Small,Onsite,"PyTorch, Pandas, Spark",AWS Certified,38290.0,60,6.0,Yes
57,46,Other,Poland,East Michael,Masters,Entry,2,Data Scntist,Retail,Julia,Medium,Remote,"NumPy, Excel, Power BI",TensorFlow Developer,34383.0,57,8.4,No
58,43,Female,Australia,Ericshire,PhD,Lead,13,Analytics Engineer,Gaming,Julia,Large,Remote,"TensorFlow, Spark, Excel",None,112938.0,55,4.8,No
59,41,Other,Poland,South Kimberly,PhD,Senior,8,Analytics Engineer,Finance,SQL,Small,Hybrid,"SQL, Pandas, Tableau",Azure Data Engineer,59577.0,48,4.4,No
60,37,Male,Brazil,Lake Eric,PhD,Senior,6,BI Analyst,EdTech,R,Large,Hybrid,"PyTorch, Python, Power BI",None,36148.0,44,9.6,Yes
61,29,Other,Poland,Lake Jillfort,Bachelors,Mid,3,BI Analyst,Retail,Python,Medium,Onsite,"Excel, NumPy, PyTorch",Google Data Analytics,27360.0,30,8.4,No
62,54,Female,Australia,South Laurenland,Bachelors,Lead,18,Data Analyst,SaaS,R,Large,Hybrid,"Power BI, Python, SQL",Google Data Analytics,78392.0,35,9.7,No
63,36,Female,Poland,Iantown,PhD,Lead,18,BI Analyst,Gaming,Scala,Large,Onsite,"Python, Pandas, Power BI",Azure Data Engineer,78834.0,42,5.1,No
64,55,Male,Australia,Lake Ashley,PhD,Senior,8,Analytics Engineer,SaaS,R,Small,Remote,"Tableau, SQL, Excel",TensorFlow Developer,55627.0,34,8.7,Yes
65,25,Female,India,Port Erikchester,Masters,Mid,4,Machine Learning Engineer,Finance,R,Small,Hybrid,"TensorFlow, Power BI, Tableau",None,31776.0,47,4.7,Yes
66,54,Other,Brazil,Catherineview,PhD,Lead,20,Analytics Engineer,Retail,R,Medium,Remote,"NumPy, Excel, SQL",None,80378.0,59,4.7,No
67,37,Female,Germany,South Taramouth,Bachelors,Entry,0,Analytics Engineer,Finance,Python,Small,Remote,"Excel, SQL, Power BI",Google Data Analytics,27893.0,55,6.2,No
68,53,Other,USA,West Sarah,Masters,Entry,1,Business Analyst,Finance,Scala,Large,Onsite,"SQL, PyTorch, Python",Microsoft Power BI,46507.0,36,4.6,Yes
69,38,Female,USA,South Davidville,PhD,Lead,14,BI Analyst,Retail,Scala,Large,Remote,"TensorFlow, SQL, Excel",Microsoft Power BI,97816.0,45,7.0,No
70,31,Other,Canada,Lake Nicholehaven,Masters,Lead,13,Business Analyst,Retail,Scala,Medium,Remote,"TensorFlow, PyTorch, Pandas",Google Data Analytics,77779.0,41,5.0,No
71,22,Other,India,Stephanieland,Masters,Lead,15,AI Engineer,EdTech,SQL,Medium,Onsite,"TensorFlow, Pandas, Excel",IBM Data Science,84205.0,56,5.0,No
72,40,Female,Germany,Natalieberg,PhD,Senior,9,BI Analyst,SaaS,SQL,Large,Hybrid,"SQL, Python, Power BI",AWS Certified,80855.0,33,8.4,Yes
73,31,Other,Poland,Port Christina,Bachelors,Lead,19,Analytics Engineer,Consulting,Scala,Medium,Onsite,"Excel, NumPy, TensorFlow",None,82745.0,33,8.3,Yes
74,47,Female,Canada,Summerstown,Masters,Lead,17,AI Engineer,Consulting,Python,Large,Hybrid,"TensorFlow, Tableau, Excel",AWS Certified,111828.0,37,9.5,No
75,34,Female,Canada,South Kevin,Masters,Entry,2,Data Analyst,SaaS,Scala,Small,Hybrid,"Power BI, Excel, SQL",AWS Certified,32331.0,30,4.1,Yes
76,26,Other,Brazil,West William,Masters,Mid,5,Data Scntist,Retail,Julia,Large,Onsite,"TensorFlow, Python, Tableau",None,36282.0,44,9.4,Yes
77,22,Male,USA,Donaldmouth,PhD,Lead,11,Machine Learning Engineer,Finance,R,Small,Remote,"Excel, Power BI, Spark",TensorFlow Developer,82237.0,32,7.7,Yes
78,22,Other,Brazil,East Brandon,PhD,Entry,2,BI Analyst,Healthcare,SQL,Large,Onsite,"TensorFlow, Tableau, Power BI",TensorFlow Developer,,55,8.8,Yes
79,27,Female,Brazil,Millerfurt,Masters,Mid,4,BI Analyst,Consulting,Scala,Small,Onsite,"TensorFlow, Excel, Spark",Google Data Analytics,30559.0,60,8.8,Yes
80,35,Male,USA,North Matthewstad,Bachelors,Senior,6,BI Analyst,Consulting,Julia,Small,Onsite,"Spark, Pandas, Python",AWS Certified,46440.0,50,5.3,No
81,55,Male,India,North Katelynton,Bachelors,Mid,5,Data Analyst,Finance,R,Large,Onsite,"Python, Tableau, Power BI",IBM Data Science,24202.0,48,9.0,Yes
82,54,Female,Germany,South Anthonyburgh,PhD,Mid,3,BI Analyst,Finance,Python,Medium,Onsite,"Tableau, SQL, Power BI",Google Data Analytics,45216.0,35,5.9,Yes
83,26,Female,India,East Allen,Masters,Lead,14,AI Engineer,E-commerce,Python,Large,Hybrid,"Power BI, Python, NumPy",Google Data Analytics,84098.0,35,7.2,Yes
84,28,Female,USA,Lake Elizabeth,Masters,Senior,6,BI Analyst,Retail,SQL,Large,Hybrid,"Power BI, NumPy, Excel",Microsoft Power BI,78274.0,41,9.3,Yes
85,39,Male,UK,Collinchester,PhD,Lead,11,Analytics Engineer,Retail,SQL,Medium,Onsite,"PyTorch, Power BI, Python",Microsoft Power BI,79617.0,45,9.0,Yes
86,49,Other,India,New Brittany,PhD,Lead,20,AI Engineer,Consulting,Scala,Large,Hybrid,"Pandas, PyTorch, NumPy",IBM Data Science,102074.0,43,8.1,Yes
87,54,Female,Germany,New David,Masters,Mid,5,BI Analyst,Healthcare,Julia,Medium,Hybrid,"TensorFlow, NumPy, Python",Azure Data Engineer,48246.0,42,6.5,No
88,36,Female,Germany,Richardmouth,Masters,Lead,13,Data Analyst,EdTech,Python,Small,Onsite,"PyTorch, Pandas, NumPy",Microsoft Power BI,47280.0,37,4.1,No
89,29,Female,USA,Lake Judychester,PhD,Senior,7,Data Engineer,EdTech,Julia,Small,Onsite,"TensorFlow, Spark, Excel",Microsoft Power BI,72334.0,40,7.3,No
90,30,Female,Canada,Denisemouth,Masters,Mid,5,Data Analyst,SaaS,R,Medium,Hybrid,"TensorFlow, Spark, Pandas",Google Data Analytics,50012.0,48,6.2,No
91,32,Male,Brazil,Richardberg,Masters,Lead,17,Analytics Engineer,SaaS,Python,Small,Remote,"Spark, Excel, Python",None,100278.0,41,7.2,Yes
92,50,Male,India,New Justin,PhD,Lead,19,Data Scientist,Consulting,SQL,Large,Onsite,"Pandas, SQL, Python",IBM Data Science,100144.0,52,5.7,No
93,50,Other,UK,Flynnchester,Bachelors,Lead,19,Analytics Engineer,EdTech,Scala,Large,Hybrid,"Pandas, Spark, TensorFlow",None,80678.0,58,7.3,Yes
94,35,Female,Germany,South Jonathanstad,Bachelors,Lead,14,BI Analyst,Gaming,SQL,Small,Remote,"Pandas, SQL, PyTorch",Azure Data Engineer,87651.0,55,7.4,No
95,55,Female,Brazil,Tonyamouth,Bachelors,Senior,8,Data Engineer,Finance,Julia,Small,Remote,"PyTorch, Pandas, Python",IBM Data Science,57042.0,35,5.2,No
96,37,Male,India,Bryantburgh,PhD,Lead,11,AI Engineer,Gaming,SQL,Small,Onsite,"Pandas, Python, TensorFlow",None,59498.0,59,7.8,Yes
97,43,Female,Australia,Port Danaberg,Masters,Entry,0,Data Scntist,Healthcare,Julia,Large,Onsite,"PyTorch, Pandas, SQL",AWS Certified,39959.0,37,7.5,No
98,54,Male,Poland,North Jessicaborough,PhD,Lead,16,Data Engineer,E-commerce,R,Small,Onsite,"Tableau, Spark, Power BI",Azure Data Engineer,56594.0,49,6.9,Yes
99,34,Female,India,Laurieside,Masters,Lead,18,Business Analyst,Healthcare,SQL,Medium,Hybrid,"Power BI, TensorFlow, SQL",IBM Data Science,94703.0,55,8.3,Yes
100,45,Other,India,Monicaville,Masters,Lead,13,BI Analyst,Consulting,Scala,Medium,Remote,"Excel, Tableau, Spark",None,46846.0,41,8.9,No
101,43,Other,India,South Robin,Bachelors,Senior,10,Data Analyst,Consulting,Scala,Small,Remote,"Spark, TensorFlow, NumPy",None,40110.0,60,4.5,Yes
102,47,Female,UK,Spencerstad,Bachelors,Entry,2,AI Engineer,Gaming,Scala,Medium,Onsite,"Spark, Excel, SQL",Azure Data Engineer,41401.0,37,6.5,Yes
103,22,Female,Poland,North Nathaniel,PhD,Senior,10,Data Analyst,SaaS,Scala,Medium,Remote,"TensorFlow, PyTorch, Excel",IBM Data Science,70005.0,59,4.7,Yes
104,22,Male,Brazil,Haroldmouth,PhD,Lead,18,Data Engineer,Gaming,R,Medium,Hybrid,"PyTorch, Power BI, Excel",Azure Data Engineer,62543.0,47,6.5,No
105,52,Other,UK,East Lisaville,Masters,Lead,18,Data Scntist,Consulting,Julia,Medium,Onsite,"Excel, Pandas, Python",None,76152.0,34,7.9,No
106,27,Male,India,Port Jasmine,PhD,Lead,19,Analytics Engineer,SaaS,Scala,Large,Remote,"Tableau, TensorFlow, Power BI",AWS Certified,105848.0,36,4.3,No
107,39,Female,Germany,East Brendamouth,Bachelors,Lead,13,Analytics Engineer,Gaming,Python,Medium,Onsite,"TensorFlow, PyTorch, Pandas",Google Data Analytics,71832.0,44,5.9,No
108,51,Female,Germany,Raymondstad,Masters,Lead,16,Machine Learning Engineer,E-commerce,Julia,Medium,Remote,"Spark, SQL, Tableau",TensorFlow Developer,96216.0,47,7.1,No
109,55,Male,India,Lake Markburgh,Bachelors,Senior,6,Data Analyst,Gaming,SQL,Medium,Onsite,"Python, SQL, Excel",AWS Certified,33941.0,47,6.8,Yes
110,49,Other,India,Smithfurt,PhD,Lead,14,Analytics Engineer,Healthcare,Python,Small,Remote,"Spark, Power BI, Pandas",IBM Data Science,83040.0,30,6.0,No
111,41,Male,UK,New Brett,Bachelors,Mid,3,AI Engineer,Consulting,R,Large,Hybrid,"NumPy, PyTorch, Excel",Microsoft Power BI,56546.0,60,7.6,No
112,41,Female,Germany,Leetown,Masters,Senior,10,BI Analyst,Healthcare,Scala,Medium,Remote,"Python, Pandas, PyTorch",Google Data Analytics,76108.0,35,7.8,No
113,41,Other,Poland,Port Edwardview,Bachelors,Lead,11,Analytics Engineer,Gaming,R,Medium,Onsite,"Power BI, Spark, TensorFlow",None,67226.0,33,5.4,Yes
114,28,Other,UK,Robertchester,Bachelors,Lead,18,Analytics Engineer,Healthcare,SQL,Medium,Hybrid,"PyTorch, Tableau, TensorFlow",AWS Certified,106984.0,36,5.0,No
115,54,Male,Canada,New Paigehaven,Masters,Mid,5,BI Analyst,SaaS,Scala,Medium,Onsite,"NumPy, Python, PyTorch",AWS Certified,43358.0,39,5.9,No
116,55,Female,Brazil,Patelstad,Masters,Lead,14,Data Analyst,EdTech,Scala,Large,Onsite,"Excel, Python, NumPy",Microsoft Power BI,60864.0,42,5.1,Yes
117,28,Other,UK,New Katelynshire,Masters,Entry,0,Data Analyst,Gaming,R,Large,Remote,"Power BI, TensorFlow, NumPy",AWS Certified,34665.0,55,6.2,No
118,34,Female,USA,North Susanchester,Masters,Lead,17,Data Analyst,Gaming,SQL,Medium,Hybrid,"Power BI, SQL, Pandas",Azure Data Engineer,110933.0,49,8.4,Yes
119,26,Male,Germany,Jacksonhaven,Bachelors,Lead,19,Business Analyst,SaaS,SQL,Large,Hybrid,"PyTorch, Spark, Python",None,649664.0,44,9.4,No
120,40,Female,Canada,Jamesmouth,Masters,Senior,8,AI Engineer,E-commerce,SQL,Small,Onsite,"Python, Pandas, NumPy",Azure Data Engineer,60317.0,32,8.2,No
121,33,Male,UK,Martinezville,PhD,Mid,4,Data Engineer,Finance,Julia,Large,Remote,"PyTorch, Pandas, NumPy",TensorFlow Developer,72386.0,57,7.6,No
122,28,Male,USA,West Deanna,Bachelors,Lead,16,Business Analyst,Retail,Julia,Small,Remote,"NumPy, Spark, Excel",IBM Data Science,108005.0,32,7.6,No
123,24,Other,Germany,South Peterburgh,Bachelors,Entry,1,Data Analyst,E-commerce,Julia,Small,Hybrid,"Tableau, Excel, TensorFlow",Microsoft Power BI,25371.0,46,6.2,No
124,37,Male,Canada,Deannaburgh,PhD,Lead,13,Data Analyst,Consulting,R,Small,Hybrid,"Spark, Pandas, SQL",Microsoft Power BI,69970.0,35,6.9,No
125,39,Female,Australia,Joannastad,Bachelors,Entry,1,Data Scientist,EdTech,Scala,Large,Hybrid,"Tableau, TensorFlow, SQL",None,40987.0,54,7.4,Yes
126,49,Female,UK,Hollyside,PhD,Entry,0,Data Scntist,Finance,Scala,Large,Onsite,"Power BI, Python, Spark",IBM Data Science,60375.0,58,4.9,Yes
127,55,Female,India,North Jefferyfurt,Masters,Senior,6,AI Engineer,Gaming,R,Small,Remote,"Pandas, Python, Excel",Google Data Analytics,44680.0,32,6.7,No
128,40,Female,Brazil,Annaborough,Masters,Lead,19,Business Analyst,Gaming,Julia,Medium,Onsite,"Spark, TensorFlow, SQL",Microsoft Power BI,77173.0,42,5.1,No
129,54,Other,UK,Lake Ericchester,Bachelors,Lead,15,BI Analyst,Finance,R,Medium,Hybrid,"Tableau, SQL, TensorFlow",Google Data Analytics,93920.0,57,4.8,Yes
130,26,Male,USA,Sierrashire,PhD,Senior,6,Machine Learning Engineer,SaaS,R,Large,Onsite,"NumPy, Spark, Tableau",AWS Certified,100688.0,54,9.5,Yes
131,33,Other,Germany,South Jaredborough,Masters,Senior,10,Data Scientist,Gaming,Python,Large,Hybrid,"Tableau, NumPy, Python",Microsoft Power BI,73374.0,32,6.9,No
132,52,Other,Canada,West Barbaraside,Masters,Entry,0,Data Engineer,Consulting,Julia,Medium,Remote,"Excel, Power BI, Spark",IBM Data Science,45118.0,47,7.9,Yes
133,48,Male,India,North Sheilahaven,Bachelors,Senior,8,Data Scientist,Healthcare,R,Large,Remote,"PyTorch, Pandas, Tableau",Google Data Analytics,63347.0,58,8.3,Yes
134,40,Female,USA,Monroeborough,Masters,Entry,1,AI Engineer,EdTech,Python,Medium,Hybrid,"Power BI, Spark, Tableau",Azure Data Engineer,61461.0,31,7.9,Yes
135,38,Other,Brazil,Marvinton,Bachelors,Lead,20,BI Analyst,Finance,Julia,Large,Onsite,"TensorFlow, SQL, Spark",Google Data Analytics,96074.0,42,6.4,Yes
136,23,Male,Brazil,North Victoriachester,PhD,Entry,2,Business Analyst,E-commerce,Julia,Large,Hybrid,"TensorFlow, Pandas, Tableau",Google Data Analytics,29477.0,56,9.7,Yes
137,35,Female,UK,South Stephen,Masters,Senior,10,Machine Learning Engineer,Finance,Julia,Small,Onsite,"TensorFlow, PyTorch, SQL",IBM Data Science,76968.0,49,4.5,Yes
138,40,Male,Germany,Kennethchester,PhD,Lead,12,Data Engineer,Consulting,Julia,Large,Onsite,"Power BI, Python, NumPy",TensorFlow Developer,92161.0,59,6.7,Yes
139,41,Female,Australia,South Lindsey,Bachelors,Senior,6,Machine Learning Engineer,E-commerce,R,Medium,Onsite,"Power BI, Python, NumPy",Google Data Analytics,49018.0,47,6.8,No
140,53,Male,Brazil,Port Ashleymouth,PhD,Mid,4,Data Engineer,Healthcare,Python,Medium,Onsite,"Python, SQL, NumPy",Azure Data Engineer,42593.0,58,8.3,Yes
141,23,Female,UK,Jessicaberg,Masters,Mid,4,Data Engineer,Gaming,Python,Large,Hybrid,"NumPy, Pandas, Power BI",TensorFlow Developer,64877.0,38,4.0,Yes
142,33,Male,UK,Williamsberg,PhD,Lead,17,Analytics Engineer,E-commerce,SQL,Small,Hybrid,"Tableau, PyTorch, TensorFlow",Azure Data Engineer,67254.0,57,4.2,No
143,39,Female,UK,Summerhaven,Bachelors,Senior,8,Data Scientist,Gaming,Julia,Small,Hybrid,"Tableau, PyTorch, Excel",Google Data Analytics,53159.0,46,6.8,No
144,48,Other,Australia,Mcgeeton,PhD,Lead,18,Machine Learning Engineer,Healthcare,Python,Small,Remote,"Spark, Pandas, Excel",None,83232.0,54,6.4,No
145,44,Other,Brazil,Jonesview,Bachelors,Lead,11,Analytics Engineer,Consulting,R,Small,Onsite,"SQL, NumPy, Power BI",TensorFlow Developer,42358.0,39,8.2,No
146,36,Male,UK,Campbellhaven,PhD,Lead,13,Data Scntist,EdTech,Julia,Medium,Hybrid,"PyTorch, Pandas, Python",None,64567.0,37,9.5,No
147,27,Female,Brazil,East Jessica,Masters,Entry,2,Business Analyst,Consulting,Julia,Small,Hybrid,"NumPy, Pandas, Python",None,20612.0,36,9.0,Yes
148,30,Other,Poland,New John,PhD,Senior,9,Business Analyst,EdTech,Python,Small,Remote,"SQL, Power BI, Pandas",Google Data Analytics,42602.0,49,8.1,Yes
149,44,Male,Australia,Jamesstad,PhD,Mid,3,Business Analyst,SaaS,R,Large,Remote,"Power BI, TensorFlow, SQL",IBM Data Science,60064.0,34,7.9,No
150,54,Female,USA,Christinashire,Masters,Mid,3,Analytics Engineer,E-commerce,Scala,Medium,Onsite,"Python, NumPy, Power BI",AWS Certified,50154.0,45,9.1,Yes
151,43,Other,Poland,Katherineburgh,Bachelors,Entry,1,Data Analyst,SaaS,Julia,Large,Remote,"PyTorch, Spark, Power BI",TensorFlow Developer,28870.0,53,6.5,No
152,49,Male,Poland,Sandersborough,Masters,Senior,7,Data Analyst,Retail,Python,Large,Remote,"TensorFlow, NumPy, Pandas",Microsoft Power BI,53478.0,57,6.8,Yes
153,53,Male,Brazil,Mooreville,PhD,Entry,2,Business Analyst,Consulting,R,Small,Onsite,"Spark, Pandas, TensorFlow",Azure Data Engineer,22877.0,49,6.7,No
154,25,Other,Canada,Johnsonberg,PhD,Senior,8,Data Scientist,E-commerce,Python,Small,Onsite,"PyTorch, Pandas, Tableau",TensorFlow Developer,73381.0,35,4.3,Yes
155,28,Other,UK,Vazquezfort,PhD,Lead,13,Data Analyst,Healthcare,R,Large,Hybrid,"NumPy, Power BI, Python",IBM Data Science,92736.0,50,9.6,No
156,48,Female,India,Georgeside,Masters,Lead,18,Analytics Engineer,Finance,SQL,Small,Onsite,"Tableau, Power BI, NumPy",TensorFlow Developer,593200.0,55,9.0,Yes
157,35,Other,Brazil,Lake Lauraberg,Masters,Lead,11,Analytics Engineer,E-commerce,Julia,Medium,Remote,"Python, SQL, PyTorch",Microsoft Power BI,,55,4.7,Yes
158,54,Female,UK,East Jennifer,Masters,Lead,11,BI Analyst,Healthcare,Python,Small,Remote,"NumPy, Spark, Pandas",Google Data Analytics,62308.0,55,9.0,Yes
159,48,Other,USA,South Seanmouth,Bachelors,Lead,14,Data Scntist,Gaming,Scala,Small,Onsite,"TensorFlow, NumPy, PyTorch",IBM Data Science,96684.0,31,5.6,Yes
160,54,Male,USA,Michellechester,Masters,Lead,16,Data Scientist,Finance,Scala,Large,Remote,"Pandas, PyTorch, Tableau",IBM Data Science,105080.0,36,6.9,Yes
161,37,Other,Canada,North Erica,PhD,Entry,2,Data Engineer,Healthcare,SQL,Small,Hybrid,"NumPy, Excel, Power BI",IBM Data Science,46622.0,41,4.4,Yes
162,42,Other,Canada,South Sherry,Masters,Senior,9,Data Scientist,EdTech,Python,Large,Hybrid,"TensorFlow, Tableau, PyTorch",Microsoft Power BI,65523.0,34,9.3,No
163,22,Male,Poland,Ramosview,PhD,Lead,17,Data Engineer,EdTech,Scala,Medium,Onsite,"SQL, Python, PyTorch",IBM Data Science,99991.0,41,4.3,No
164,36,Other,Canada,Elaineside,Bachelors,Entry,0,Machine Learning Engineer,Finance,R,Small,Remote,"Spark, Pandas, Power BI",Microsoft Power BI,38275.0,56,5.3,No
165,40,Female,UK,Wagnerchester,Masters,Lead,14,Machine Learning Engineer,Healthcare,Julia,Medium,Hybrid,"Tableau, NumPy, Pandas",Microsoft Power BI,109207.0,37,8.2,Yes
166,48,Male,USA,Emilymouth,Masters,Entry,1,Analytics Engineer,Healthcare,Julia,Medium,Hybrid,"Power BI, TensorFlow, NumPy",TensorFlow Developer,47166.0,48,7.9,Yes
167,51,Other,UK,Stephensonfort,PhD,Senior,10,Business Analyst,E-commerce,Python,Large,Remote,"PyTorch, NumPy, Pandas",TensorFlow Developer,91187.0,42,5.5,Yes
168,55,Other,Australia,Brownland,Masters,Lead,20,Business Analyst,Healthcare,Julia,Medium,Hybrid,"Power BI, TensorFlow, Pandas",AWS Certified,76690.0,35,7.8,Yes
169,54,Other,Brazil,Thompsonburgh,Bachelors,Entry,0,Data Analyst,Consulting,Python,Large,Remote,"Power BI, Tableau, PyTorch",None,17739.0,33,9.4,Yes
170,39,Female,Canada,East Dawn,Bachelors,Entry,1,Machine Learning Engineer,EdTech,Julia,Medium,Onsite,"Excel, Python, PyTorch",None,40460.0,33,9.0,No
171,55,Female,Germany,South Robertview,PhD,Mid,3,Data Scntist,Finance,SQL,Medium,Remote,"Spark, PyTorch, SQL",AWS Certified,45204.0,46,6.8,Yes
172,29,Other,Canada,Wardbury,Bachelors,Entry,0,Business Analyst,Gaming,R,Medium,Onsite,"Python, NumPy, TensorFlow",Google Data Analytics,23587.0,52,8.2,No
173,32,Female,Brazil,Matthewhaven,PhD,Lead,15,Business Analyst,Consulting,SQL,Small,Hybrid,"Power BI, TensorFlow, SQL",Google Data Analytics,84247.0,35,6.1,Yes
174,40,Male,Poland,Kathyland,Masters,Lead,16,Machine Learning Engineer,Finance,Scala,Large,Hybrid,"Spark, TensorFlow, PyTorch",Google Data Analytics,74921.0,54,7.3,Yes
175,41,Male,India,South Karen,PhD,Entry,1,AI Engineer,Healthcare,Scala,Medium,Hybrid,"Spark, Tableau, Power BI",Google Data Analytics,31219.0,30,6.1,No
176,51,Other,Canada,Port Stephaniehaven,PhD,Senior,9,AI Engineer,Healthcare,SQL,Medium,Onsite,"SQL, Tableau, Spark",Microsoft Power BI,95522.0,44,6.4,No
177,45,Other,Germany,Vanessaview,Masters,Lead,12,Machine Learning Engineer,Gaming,R,Small,Hybrid,"Spark, Pandas, Python",TensorFlow Developer,73976.0,43,9.2,Yes
178,27,Other,UK,North Scott,Bachelors,Lead,18,Analytics Engineer,Retail,Python,Large,Remote,"Tableau, Power BI, NumPy",Microsoft Power BI,80915.0,52,7.3,No
179,50,Female,Germany,Jenniferchester,PhD,Senior,9,Data Engineer,Finance,Scala,Large,Hybrid,"Tableau, Python, Excel",Google Data Analytics,85420.0,43,8.5,No
180,46,Other,Poland,Floresborough,Masters,Mid,5,BI Analyst,EdTech,SQL,Small,Remote,"NumPy, Spark, PyTorch",IBM Data Science,41856.0,33,7.9,Yes
181,34,Female,Canada,Fordburgh,Masters,Lead,12,Machine Learning Engineer,Healthcare,SQL,Small,Onsite,"Power BI, TensorFlow, PyTorch",AWS Certified,89579.0,46,5.7,No
182,22,Other,Canada,Nelsonland,Bachelors,Lead,14,Analytics Engineer,Retail,Python,Large,Onsite,"SQL, TensorFlow, NumPy",None,102356.0,38,4.9,No
183,30,Female,Germany,Lake Deborahmouth,Bachelors,Lead,16,AI Engineer,Consulting,SQL,Medium,Onsite,"Python, TensorFlow, Pandas",Microsoft Power BI,91752.0,49,6.2,Yes
184,33,Other,Poland,Jacksontown,Masters,Entry,2,BI Analyst,EdTech,Python,Large,Hybrid,"Excel, PyTorch, Power BI",TensorFlow Developer,31421.0,43,6.7,No
185,34,Male,USA,Audreymouth,PhD,Lead,18,Machine Learning Engineer,Retail,SQL,Small,Onsite,"Excel, NumPy, SQL",None,102141.0,32,4.2,Yes
186,51,Other,Canada,Reynoldsmouth,Masters,Lead,14,Analytics Engineer,Gaming,Scala,Large,Hybrid,"NumPy, Pandas, Excel",Microsoft Power BI,86470.0,55,6.2,No
187,29,Male,India,Lyonsmouth,Masters,Entry,2,Data Engineer,Gaming,Python,Medium,Remote,"Excel, TensorFlow, Python",IBM Data Science,30846.0,59,5.8,No
188,39,Male,Germany,South Susanfort,Masters,Lead,12,Data Engineer,E-commerce,Scala,Medium,Onsite,"Spark, Excel, SQL",Azure Data Engineer,99592.0,41,8.7,No
189,54,Other,Australia,Chadton,PhD,Entry,2,Business Analyst,Finance,Python,Large,Remote,"Python, SQL, TensorFlow",AWS Certified,54391.0,39,4.6,No
190,23,Female,Germany,Alvarezfurt,Bachelors,Lead,20,BI Analyst,Healthcare,Scala,Large,Hybrid,"SQL, PyTorch, Excel",Microsoft Power BI,72444.0,32,4.5,No
191,23,Male,Brazil,Williamhaven,Bachelors,Mid,4,Business Analyst,Gaming,Scala,Small,Remote,"TensorFlow, Power BI, NumPy",Google Data Analytics,31983.0,37,7.9,No
192,44,Other,Brazil,East Eric,Masters,Senior,9,Data Scientist,Retail,SQL,Small,Onsite,"Power BI, TensorFlow, Excel",Azure Data Engineer,34234.0,54,6.2,Yes
193,45,Other,Canada,Carolville,Bachelors,Lead,12,Data Scientist,Consulting,SQL,Large,Hybrid,"Spark, Tableau, Python",Azure Data Engineer,96443.0,32,7.0,No
194,46,Female,Canada,Portermouth,PhD,Senior,7,AI Engineer,Finance,Python,Large,Onsite,"Pandas, Power BI, TensorFlow",AWS Certified,102720.0,49,7.5,Yes
195,30,Male,Australia,Ericmouth,Masters,Mid,5,Data Analyst,SaaS,SQL,Small,Remote,"Excel, PyTorch, SQL",AWS Certified,49717.0,41,6.5,Yes
196,29,Other,Poland,Pattersonmouth,PhD,Mid,4,BI Analyst,Gaming,Julia,Small,Onsite,"NumPy, SQL, Pandas",IBM Data Science,32341.0,52,4.6,Yes
197,30,Male,Canada,West Alisonborough,Bachelors,Lead,19,BI Analyst,Finance,SQL,Small,Remote,"NumPy, Spark, Tableau",AWS Certified,92916.0,54,6.1,No
198,31,Male,UK,Tiffanymouth,Bachelors,Lead,13,AI Engineer,SaaS,SQL,Small,Hybrid,"Spark, Tableau, Power BI",Azure Data Engineer,92554.0,40,6.5,Yes
199,30,Female,Poland,Brendashire,PhD,Senior,6,Business Analyst,EdTech,Scala,Large,Remote,"TensorFlow, Spark, SQL",Microsoft Power BI,46398.0,53,5.0,Yes
200,37,Female,Canada,Jeffreystad,Masters,Lead,18,Machine Learning Engineer,SaaS,SQL,Large,Hybrid,"Spark, Excel, NumPy",Microsoft Power BI,111996.0,31,5.8,Yes
201,35,Male,Germany,Garciaton,Masters,Senior,7,Analytics Engineer,Gaming,Julia,Large,Remote,"Python, Spark, Tableau",Microsoft Power BI,81976.0,36,6.7,No
202,37,Male,USA,Lindatown,Bachelors,Mid,3,Analytics Engineer,SaaS,R,Large,Onsite,"Spark, SQL, Excel",None,57096.0,39,7.2,No
203,40,Other,Canada,North Davidfort,PhD,Mid,4,Machine Learning Engineer,Consulting,Julia,Medium,Onsite,"Pandas, NumPy, PyTorch",TensorFlow Developer,60463.0,53,7.5,Yes
204,40,Male,Australia,Andrewberg,Masters,Senior,8,Data Scntist,Consulting,R,Small,Hybrid,"NumPy, Excel, TensorFlow",TensorFlow Developer,64268.0,47,4.3,Yes
205,35,Other,Brazil,East Beckymouth,Masters,Senior,9,Machine Learning Engineer,E-commerce,Scala,Small,Onsite,"Power BI, Python, NumPy",None,51507.0,57,7.1,Yes
206,52,Other,India,Port Anthonychester,Masters,Mid,5,Machine Learning Engineer,Retail,SQL,Small,Onsite,"Tableau, TensorFlow, Spark",IBM Data Science,31140.0,42,4.7,Yes
207,55,Female,India,Brownfort,Masters,Entry,0,AI Engineer,Retail,Scala,Large,Onsite,"Power BI, TensorFlow, NumPy",AWS Certified,26992.0,53,6.4,No
208,40,Female,Poland,Port Debra,PhD,Senior,7,Data Analyst,SaaS,Python,Medium,Onsite,"Excel, TensorFlow, Python",None,49834.0,51,7.9,No
209,44,Female,UK,Jerryhaven,Bachelors,Senior,10,Business Analyst,Finance,Python,Large,Remote,"NumPy, Power BI, TensorFlow",TensorFlow Developer,64980.0,32,7.8,Yes
210,31,Other,Poland,New Jillberg,PhD,Senior,10,Business Analyst,E-commerce,Julia,Small,Onsite,"Excel, Pandas, TensorFlow",AWS Certified,68114.0,59,8.8,No
211,55,Male,Australia,Amandaville,Bachelors,Entry,2,Machine Learning Engineer,Consulting,SQL,Large,Remote,"Python, Spark, TensorFlow",None,56840.0,33,5.8,Yes
212,47,Other,Brazil,West Brandonland,PhD,Senior,7,Machine Learning Engineer,Healthcare,Julia,Medium,Hybrid,"PyTorch, Spark, Tableau",AWS Certified,50417.0,33,7.7,Yes
213,23,Other,Canada,Carrollport,PhD,Lead,14,Data Engineer,EdTech,Python,Medium,Remote,"PyTorch, Tableau, TensorFlow",IBM Data Science,118174.0,31,8.3,No
214,36,Female,Germany,Charlesshire,PhD,Senior,6,Business Analyst,Healthcare,Julia,Small,Onsite,"PyTorch, NumPy, Power BI",TensorFlow Developer,45749.0,56,9.8,No
215,44,Other,Poland,West Susan,Bachelors,Senior,9,Data Scientist,E-commerce,Python,Large,Onsite,"Power BI, Python, Spark",TensorFlow Developer,,57,5.2,No
216,44,Female,Canada,Christopherfort,Masters,Entry,2,Data Engineer,EdTech,Python,Large,Onsite,"Power BI, Pandas, PyTorch",Google Data Analytics,62357.0,37,8.0,Yes
217,32,Male,USA,Deniseside,Masters,Lead,19,Data Scientist,Healthcare,Python,Large,Hybrid,"SQL, Power BI, Pandas",Azure Data Engineer,141590.0,30,10.0,No
218,33,Other,UK,Port Miguel,Masters,Senior,9,AI Engineer,Gaming,Scala,Large,Onsite,"Excel, NumPy, Python",TensorFlow Developer,82576.0,58,9.8,Yes
219,35,Female,India,Lake Caroline,Bachelors,Lead,14,BI Analyst,Consulting,SQL,Medium,Onsite,"SQL, Spark, Pandas",IBM Data Science,48872.0,36,9.2,No
220,45,Female,Australia,New Taylorfurt,Bachelors,Entry,0,Analytics Engineer,E-commerce,Python,Medium,Hybrid,"PyTorch, SQL, NumPy",None,28081.0,54,8.0,No
221,44,Female,Germany,North Ricky,PhD,Senior,8,Business Analyst,EdTech,Scala,Medium,Hybrid,"Python, Tableau, Excel",None,58162.0,46,4.5,No
222,47,Other,Poland,North Lorrainehaven,Bachelors,Lead,14,Business Analyst,Retail,SQL,Large,Hybrid,"TensorFlow, Python, Tableau",AWS Certified,47268.0,56,8.6,No
223,50,Other,Brazil,Lopezport,Bachelors,Lead,19,Data Analyst,Consulting,Python,Medium,Hybrid,"PyTorch, Excel, Tableau",IBM Data Science,61849.0,37,8.4,Yes
224,34,Male,Canada,Kennethbury,Masters,Senior,8,Machine Learning Engineer,Gaming,Python,Medium,Onsite,"NumPy, Pandas, PyTorch",AWS Certified,65871.0,54,9.5,Yes
225,48,Other,Canada,Maryberg,Masters,Lead,15,Data Scientist,EdTech,SQL,Large,Hybrid,"Spark, PyTorch, SQL",Azure Data Engineer,79588.0,42,8.1,Yes
226,27,Male,Brazil,Moodyhaven,PhD,Lead,16,Data Analyst,EdTech,Python,Small,Remote,"Excel, Power BI, TensorFlow",TensorFlow Developer,71120.0,30,7.0,Yes
227,29,Other,Australia,West Scottfort,Masters,Lead,11,Business Analyst,Gaming,Julia,Medium,Hybrid,"Tableau, Pandas, Excel",Azure Data Engineer,83134.0,46,6.1,Yes
228,42,Other,Germany,West Monique,Masters,Lead,18,Data Scientist,SaaS,Python,Medium,Hybrid,"TensorFlow, NumPy, Python",IBM Data Science,94446.0,58,5.4,Yes
229,39,Other,UK,Kristinemouth,PhD,Lead,20,Analytics Engineer,EdTech,Julia,Medium,Onsite,"Power BI, SQL, Spark",Azure Data Engineer,104694.0,58,8.2,No
230,37,Male,Canada,Lake Christophertown,Masters,Senior,6,Machine Learning Engineer,Consulting,R,Small,Remote,"Power BI, NumPy, Spark",AWS Certified,60853.0,57,7.3,Yes
231,33,Female,Poland,Lake Jeffreyberg,PhD,Lead,12,Analytics Engineer,Finance,Julia,Small,Remote,"Python, Excel, TensorFlow",Microsoft Power BI,80648.0,55,9.2,No
232,48,Other,Germany,Fryside,PhD,Entry,1,Machine Learning Engineer,Healthcare,SQL,Medium,Hybrid,"Tableau, Power BI, Python",AWS Certified,,33,9.8,Yes
233,49,Male,Germany,Josephmouth,Bachelors,Lead,17,AI Engineer,Finance,Julia,Large,Remote,"PyTorch, TensorFlow, Python",Google Data Analytics,110965.0,37,8.3,No
234,32,Other,Canada,Aguilartown,PhD,Mid,3,Data Scientist,EdTech,SQL,Medium,Hybrid,"Python, NumPy, Pandas",None,53563.0,34,5.7,No
235,47,Female,India,Sarahside,PhD,Lead,16,BI Analyst,E-commerce,Python,Medium,Onsite,"Python, TensorFlow, Power BI",TensorFlow Developer,80105.0,60,5.2,No
236,47,Other,Canada,Porterfurt,Masters,Entry,1,Analytics Engineer,Healthcare,Scala,Small,Onsite,"Tableau, Spark, NumPy",Google Data Analytics,30481.0,55,7.4,Yes
237,35,Male,Poland,South Kyleport,PhD,Entry,0,Machine Learning Engineer,SaaS,Julia,Medium,Hybrid,"TensorFlow, PyTorch, NumPy",Microsoft Power BI,32291.0,55,6.5,Yes
238,32,Female,Germany,New Jonathan,Bachelors,Mid,3,Data Scientist,EdTech,SQL,Medium,Onsite,"Tableau, SQL, PyTorch",AWS Certified,38885.0,34,6.7,Yes
239,48,Female,UK,East Lisa,PhD,Lead,16,Data Engineer,SaaS,Julia,Small,Hybrid,"Tableau, PyTorch, TensorFlow",Microsoft Power BI,104699.0,33,7.5,Yes
240,22,Male,Poland,South Terrichester,Bachelors,Lead,16,Business Analyst,EdTech,R,Medium,Remote,"PyTorch, Power BI, NumPy",Google Data Analytics,53579.0,60,9.5,Yes
241,36,Female,Poland,Davidtown,Masters,Lead,17,Machine Learning Engineer,Gaming,Python,Small,Remote,"SQL, Pandas, Spark",None,67219.0,34,4.0,Yes
242,40,Female,Australia,Ianton,Bachelors,Senior,7,Analytics Engineer,EdTech,Julia,Large,Hybrid,"PyTorch, Spark, TensorFlow",None,55624.0,52,7.6,No
243,27,Male,USA,East Sallyfurt,Bachelors,Mid,3,Data Analyst,E-commerce,SQL,Small,Hybrid,"Spark, Python, TensorFlow",IBM Data Science,39123.0,59,7.1,No
244,31,Female,Germany,South Sean,Bachelors,Lead,13,Analytics Engineer,Consulting,R,Medium,Hybrid,"Python, Pandas, Power BI",IBM Data Science,91340.0,36,6.0,No
245,26,Female,Poland,Davisstad,Masters,Entry,2,Data Scientist,EdTech,Scala,Small,Hybrid,"Pandas, PyTorch, NumPy",Google Data Analytics,22132.0,41,6.9,No
246,28,Other,USA,East Robert,Masters,Entry,1,Machine Learning Engineer,Gaming,Scala,Large,Hybrid,"TensorFlow, Power BI, PyTorch",Google Data Analytics,69092.0,42,7.5,No
247,55,Male,UK,Smithshire,Masters,Lead,13,AI Engineer,Healthcare,Scala,Small,Hybrid,"NumPy, Pandas, Python",IBM Data Science,73460.0,51,6.7,No
248,45,Male,Canada,North Angelastad,Bachelors,Senior,8,Data Engineer,E-commerce,Python,Medium,Hybrid,"SQL, Power BI, PyTorch",IBM Data Science,73074.0,48,4.7,No
249,49,Male,UK,Kimberlymouth,PhD,Senior,8,Data Scientist,Healthcare,Python,Medium,Onsite,"PyTorch, Python, Pandas",IBM Data Science,64608.0,40,7.0,Yes
250,31,Other,UK,West William,PhD,Entry,1,Data Engineer,Consulting,Scala,Medium,Remote,"Spark, Pandas, Tableau",AWS Certified,52842.0,52,7.6,Yes
251,43,Male,Germany,North Seanshire,Masters,Lead,20,Data Analyst,Finance,R,Large,Hybrid,"SQL, Power BI, Spark",IBM Data Science,101195.0,36,9.9,No
252,47,Other,Poland,Jenniferland,PhD,Lead,11,Data Scientist,SaaS,Scala,Small,Remote,"PyTorch, Pandas, SQL",AWS Certified,66901.0,51,5.1,Yes
253,55,Male,Australia,Lake Sarah,PhD,Lead,16,BI Analyst,Healthcare,Scala,Medium,Onsite,"TensorFlow, Power BI, PyTorch",None,63626.0,39,5.9,Yes
254,36,Other,India,Port Josehaven,Bachelors,Entry,1,Analytics Engineer,Finance,Julia,Medium,Hybrid,"Python, Pandas, PyTorch",AWS Certified,15418.0,41,9.1,No
255,29,Male,Germany,Lake Amberport,PhD,Lead,17,Business Analyst,Healthcare,SQL,Small,Onsite,"Spark, Pandas, NumPy",Google Data Analytics,96340.0,60,9.9,No
256,54,Female,Brazil,Bellstad,Bachelors,Entry,0,Machine Learning Engineer,EdTech,Python,Small,Onsite,"NumPy, PyTorch, Pandas",TensorFlow Developer,17934.0,57,9.2,No
257,44,Female,USA,North Rebeccaberg,Masters,Entry,1,Business Analyst,Consulting,SQL,Large,Onsite,"Python, PyTorch, TensorFlow",None,49448.0,44,5.9,Yes
258,39,Female,Brazil,Derrickburgh,Masters,Lead,20,Machine Learning Engineer,Healthcare,Julia,Small,Hybrid,"Spark, Python, SQL",TensorFlow Developer,76777.0,40,8.7,Yes
259,55,Other,UK,Larafurt,Masters,Lead,11,Data Scientist,Healthcare,Python,Small,Remote,"SQL, Tableau, Python",Microsoft Power BI,74566.0,37,5.0,Yes
260,28,Other,Poland,West Bethfort,Bachelors,Lead,16,Data Scntist,Consulting,R,Small,Onsite,"SQL, PyTorch, NumPy",None,70032.0,42,7.6,Yes
261,54,Female,Canada,Yorkville,Bachelors,Senior,10,Machine Learning Engineer,Finance,Julia,Medium,Hybrid,"Tableau, Spark, NumPy",Azure Data Engineer,69849.0,58,4.1,Yes
262,52,Female,Australia,Mitchellville,Masters,Lead,15,Data Scientist,Finance,Scala,Large,Onsite,"SQL, Pandas, PyTorch",AWS Certified,123548.0,39,7.7,Yes
263,23,Male,India,Brandyview,PhD,Entry,1,Data Engineer,Gaming,SQL,Small,Hybrid,"Excel, NumPy, Pandas",TensorFlow Developer,18778.0,53,4.2,No
264,45,Male,India,Johnsonside,Bachelors,Senior,7,Data Analyst,Retail,SQL,Small,Hybrid,"Excel, PyTorch, NumPy",AWS Certified,34251.0,51,8.0,No
265,41,Male,UK,Christopherton,PhD,Lead,12,BI Analyst,SaaS,Scala,Medium,Onsite,"TensorFlow, Python, NumPy",Google Data Analytics,90201.0,59,6.8,Yes
266,51,Female,Germany,Hugheshaven,Bachelors,Entry,1,Data Scientist,Finance,Python,Large,Remote,"SQL, Python, TensorFlow",TensorFlow Developer,48460.0,54,9.3,Yes
267,34,Female,Germany,North Meganberg,Masters,Lead,11,Analytics Engineer,EdTech,Scala,Medium,Hybrid,"Tableau, PyTorch, Power BI",Azure Data Engineer,56848.0,49,9.9,No
268,42,Male,Australia,Sandraside,PhD,Mid,5,Business Analyst,Finance,Julia,Large,Hybrid,"SQL, Power BI, PyTorch",Microsoft Power BI,59521.0,43,9.6,No
269,38,Female,Germany,Lake Deanna,Bachelors,Lead,19,Data Analyst,Retail,R,Large,Hybrid,"Python, Spark, Pandas",TensorFlow Developer,75043.0,39,5.7,Yes
270,37,Other,Australia,Stevensonport,Masters,Lead,18,Machine Learning Engineer,Finance,R,Small,Onsite,"Excel, TensorFlow, Spark",TensorFlow Developer,76255.0,39,7.5,No
271,52,Male,Canada,Douglasmouth,PhD,Lead,14,BI Analyst,Healthcare,SQL,Large,Hybrid,"Python, PyTorch, Tableau",Microsoft Power BI,101746.0,47,5.5,Yes
272,27,Other,Australia,New Glenberg,Bachelors,Mid,4,Business Analyst,EdTech,Julia,Large,Onsite,"Spark, Python, SQL",Azure Data Engineer,44744.0,55,6.5,No
273,29,Female,Brazil,North Brianbury,PhD,Lead,19,Data Scientist,Consulting,Python,Small,Onsite,"SQL, PyTorch, Pandas",Azure Data Engineer,90771.0,30,6.4,No
274,24,Male,Poland,Gomezhaven,Bachelors,Senior,6,Analytics Engineer,Finance,R,Medium,Onsite,"Excel, Power BI, Pandas",None,38826.0,43,9.6,No
275,42,Male,UK,Troystad,Bachelors,Lead,16,Data Analyst,Finance,Julia,Large,Remote,"SQL, TensorFlow, Tableau",Azure Data Engineer,,54,6.7,No
276,54,Male,USA,Yangmouth,Bachelors,Lead,19,AI Engineer,Retail,SQL,Small,Hybrid,"Python, Excel, TensorFlow",Azure Data Engineer,134092.0,31,4.6,No
277,43,Male,UK,West Debratown,PhD,Lead,13,Data Engineer,Healthcare,R,Medium,Onsite,"TensorFlow, NumPy, Python",None,94822.0,35,9.6,No
278,35,Female,Australia,Lake Diane,Masters,Lead,13,BI Analyst,Finance,R,Large,Hybrid,"Pandas, Spark, Tableau",None,95383.0,32,6.4,Yes
279,42,Female,Australia,West Dustinside,Bachelors,Entry,2,AI Engineer,EdTech,R,Large,Remote,"PyTorch, NumPy, Tableau",Azure Data Engineer,68300.0,58,7.6,Yes
280,33,Other,Australia,West Allen,PhD,Entry,1,AI Engineer,Finance,R,Small,Remote,"Python, Tableau, TensorFlow",Microsoft Power BI,53849.0,51,9.1,No
281,29,Female,UK,Port Mark,Masters,Lead,17,Business Analyst,Gaming,Scala,Medium,Remote,"Tableau, Power BI, NumPy",None,85225.0,47,4.3,No
282,50,Other,India,Port Andrew,PhD,Lead,13,Data Analyst,EdTech,Scala,Small,Hybrid,"Power BI, Pandas, Python",Azure Data Engineer,45040.0,57,6.2,No
283,53,Other,USA,Davidside,PhD,Senior,7,AI Engineer,Finance,SQL,Small,Onsite,"Power BI, Python, NumPy",AWS Certified,89739.0,44,9.4,No
284,27,Male,Australia,Vargasberg,Bachelors,Entry,0,Data Analyst,E-commerce,Julia,Large,Remote,"Tableau, Power BI, TensorFlow",Google Data Analytics,31956.0,44,4.2,Yes
285,26,Male,Germany,Carlsonshire,Bachelors,Mid,4,Business Analyst,SaaS,Python,Large,Remote,"NumPy, Excel, Power BI",AWS Certified,50715.0,50,7.0,Yes
286,22,Male,Brazil,Curtisburgh,PhD,Lead,14,Data Scntist,Gaming,SQL,Medium,Onsite,"Power BI, Python, Pandas",None,67931.0,53,5.1,No
287,36,Other,Poland,Christophershire,PhD,Lead,15,Data Engineer,Retail,R,Small,Hybrid,"Tableau, Python, Spark",Azure Data Engineer,76511.0,56,9.9,No
288,43,Male,Australia,South Eric,Masters,Lead,19,Data Engineer,EdTech,SQL,Small,Remote,"Pandas, SQL, Excel",Microsoft Power BI,109042.0,52,5.8,No
289,51,Female,Australia,New Linda,Bachelors,Entry,1,Analytics Engineer,Healthcare,R,Large,Hybrid,"TensorFlow, Spark, Tableau",Azure Data Engineer,40113.0,44,7.4,No
290,23,Other,Canada,East Lauraville,Masters,Senior,10,Data Engineer,Retail,Scala,Small,Remote,"NumPy, Spark, Excel",AWS Certified,75835.0,30,9.3,Yes
291,37,Other,Australia,North Paul,PhD,Lead,15,Data Analyst,Consulting,Julia,Medium,Hybrid,"SQL, Pandas, Tableau",TensorFlow Developer,90219.0,30,6.5,Yes
292,23,Female,Australia,Hudsonview,Masters,Lead,13,Data Engineer,Healthcare,Python,Small,Onsite,"NumPy, Excel, Spark",TensorFlow Developer,81102.0,37,6.8,No
293,51,Female,India,Port Robertfurt,Masters,Lead,11,Data Scientist,Finance,Python,Small,Onsite,"Pandas, Spark, Excel",TensorFlow Developer,60224.0,59,5.8,No
294,47,Female,Germany,South Rachelport,PhD,Lead,17,Data Engineer,EdTech,SQL,Medium,Hybrid,"Power BI, Python, NumPy",IBM Data Science,96878.0,42,8.0,No
295,28,Male,Poland,West Nicole,Bachelors,Senior,8,Data Engineer,E-commerce,Julia,Large,Remote,"Pandas, PyTorch, Spark",AWS Certified,66783.0,36,7.5,Yes
296,32,Female,USA,Bonnieshire,Bachelors,Senior,7,Data Scntist,Consulting,Scala,Medium,Remote,"Spark, Tableau, PyTorch",TensorFlow Developer,63976.0,41,9.7,Yes
297,44,Male,Brazil,East Nicole,PhD,Entry,1,Data Analyst,Finance,Julia,Large,Hybrid,"Power BI, SQL, Pandas",Microsoft Power BI,25381.0,33,9.7,No
298,47,Other,India,Lake Misty,Masters,Senior,6,AI Engineer,Consulting,SQL,Medium,Onsite,"Excel, Python, PyTorch",Microsoft Power BI,37320.0,31,4.9,Yes
299,55,Female,Germany,Phyllisville,Masters,Lead,16,BI Analyst,Retail,Julia,Small,Hybrid,"NumPy, Pandas, Python",Azure Data Engineer,61309.0,32,6.6,Yes
300,55,Female,UK,Scotthaven,PhD,Lead,14,Data Analyst,EdTech,SQL,Small,Hybrid,"Pandas, Power BI, NumPy",Google Data Analytics,72713.0,59,8.7,No
301,43,Male,Brazil,Jacobberg,PhD,Senior,6,BI Analyst,Healthcare,R,Medium,Onsite,"Pandas, Power BI, PyTorch",None,37244.0,50,6.6,No
302,48,Other,Australia,Laurabury,PhD,Mid,5,AI Engineer,EdTech,Python,Small,Onsite,"Excel, NumPy, Spark",IBM Data Science,,49,9.3,Yes
303,51,Other,India,Lake Loganberg,Bachelors,Mid,3,BI Analyst,E-commerce,Scala,Small,Onsite,"PyTorch, NumPy, Excel",TensorFlow Developer,23520.0,31,6.7,No
304,22,Male,Poland,Herreraport,Masters,Lead,17,Data Engineer,SaaS,Python,Medium,Onsite,"PyTorch, Power BI, Python",None,62809.0,47,8.2,No
305,49,Male,Poland,North Bethany,Bachelors,Lead,12,Business Analyst,EdTech,Scala,Large,Onsite,"Excel, Python, Spark",AWS Certified,73758.0,40,7.5,Yes
306,28,Female,Canada,East Alvin,Masters,Senior,10,Analytics Engineer,Finance,Scala,Medium,Remote,"Python, Tableau, SQL",Azure Data Engineer,68711.0,38,9.3,No
307,33,Female,UK,Cardenasfort,PhD,Lead,12,BI Analyst,Gaming,SQL,Small,Onsite,"Pandas, NumPy, Tableau",Google Data Analytics,62620.0,57,9.3,Yes
308,47,Male,UK,East Curtis,Masters,Entry,2,Business Analyst,Finance,R,Medium,Hybrid,"TensorFlow, Excel, Python",TensorFlow Developer,30350.0,49,8.4,Yes
309,48,Other,UK,South Nathanville,Bachelors,Lead,19,Data Scientist,Gaming,Scala,Large,Hybrid,"Pandas, Spark, Tableau",Azure Data Engineer,90734.0,43,9.8,No
310,26,Male,Australia,Lake Jasonville,Masters,Mid,4,Machine Learning Engineer,Consulting,SQL,Medium,Hybrid,"Excel, Power BI, Pandas",TensorFlow Developer,56176.0,51,4.6,No
311,34,Other,Australia,Paulstad,Masters,Senior,8,Analytics Engineer,Gaming,SQL,Small,Onsite,"Tableau, SQL, Pandas",AWS Certified,65104.0,56,9.3,No
312,30,Other,Canada,North Coryfurt,Masters,Senior,8,Data Scientist,Retail,R,Medium,Remote,"TensorFlow, NumPy, PyTorch",None,67945.0,30,4.6,Yes
313,30,Female,India,Leefort,Masters,Mid,4,Data Engineer,EdTech,Python,Large,Hybrid,"NumPy, Spark, Pandas",AWS Certified,35216.0,45,9.6,Yes
314,27,Male,India,Michelleton,Bachelors,Senior,8,Data Scientist,EdTech,SQL,Large,Remote,"Spark, PyTorch, Python",Google Data Analytics,44146.0,50,9.4,No
315,29,Female,Poland,New Ericville,Bachelors,Lead,14,Business Analyst,E-commerce,R,Medium,Hybrid,"Excel, Python, Spark",AWS Certified,79102.0,57,5.7,Yes
316,45,Other,USA,Lake Christopher,Bachelors,Entry,2,Analytics Engineer,SaaS,R,Large,Onsite,"TensorFlow, Pandas, NumPy",Azure Data Engineer,55172.0,59,6.1,Yes
317,43,Other,Germany,Hoffmantown,Masters,Entry,2,Analytics Engineer,Healthcare,Python,Large,Hybrid,"TensorFlow, Excel, NumPy",AWS Certified,50950.0,47,7.7,Yes
318,28,Other,USA,Jonesberg,PhD,Lead,15,Data Scientist,Consulting,Julia,Small,Onsite,"SQL, Spark, Power BI",IBM Data Science,114347.0,31,4.9,Yes
319,26,Male,Australia,West Josephburgh,PhD,Lead,15,Data Engineer,SaaS,R,Medium,Onsite,"Tableau, SQL, NumPy",TensorFlow Developer,76826.0,40,4.1,Yes
320,23,Male,Poland,East Michael,Masters,Senior,7,Machine Learning Engineer,Gaming,R,Medium,Remote,"Tableau, Pandas, Power BI",Google Data Analytics,65819.0,30,5.3,No
321,51,Other,Canada,Port Joe,Masters,Entry,1,AI Engineer,Finance,Julia,Small,Onsite,"Pandas, Excel, Power BI",Azure Data Engineer,41294.0,42,9.2,Yes
322,55,Other,India,Mcphersonberg,Bachelors,Senior,7,BI Analyst,SaaS,SQL,Medium,Onsite,"Power BI, Tableau, Spark",Azure Data Engineer,29613.0,33,7.4,No
323,53,Other,Poland,New Rodney,PhD,Senior,7,AI Engineer,E-commerce,Scala,Small,Remote,"NumPy, Power BI, Spark",AWS Certified,367424.0,60,7.7,No
324,36,Female,Germany,Port Michelle,Masters,Lead,19,Analytics Engineer,Consulting,R,Large,Hybrid,"SQL, NumPy, Power BI",IBM Data Science,96349.0,59,9.0,Yes
325,31,Female,UK,Gibsonport,Bachelors,Entry,0,Business Analyst,Gaming,SQL,Small,Remote,"Spark, Python, Pandas",None,22179.0,35,5.7,Yes
326,24,Female,Poland,Campbellburgh,Masters,Lead,16,AI Engineer,SaaS,Julia,Small,Remote,"Pandas, PyTorch, Spark",Microsoft Power BI,74154.0,53,8.6,No
327,43,Male,Australia,North Jennifer,Bachelors,Senior,8,BI Analyst,E-commerce,SQL,Small,Remote,"Pandas, SQL, TensorFlow",TensorFlow Developer,46890.0,54,7.0,Yes
328,55,Female,UK,East Lorraine,Masters,Mid,3,Business Analyst,Healthcare,Scala,Small,Hybrid,"Pandas, Tableau, Power BI",TensorFlow Developer,28215.0,54,4.3,No
329,40,Male,UK,Parsonshaven,Masters,Lead,11,Machine Learning Engineer,Consulting,R,Small,Remote,"Tableau, SQL, Pandas",AWS Certified,68900.0,49,9.0,Yes
330,37,Female,UK,Smithshire,Bachelors,Senior,10,Data Analyst,Retail,Scala,Medium,Remote,"Python, PyTorch, Pandas",Azure Data Engineer,63554.0,39,8.8,No
331,31,Male,USA,Turnerbury,PhD,Lead,15,Data Analyst,SaaS,R,Medium,Hybrid,"TensorFlow, Python, SQL",Microsoft Power BI,80227.0,33,7.3,No
332,24,Female,Canada,East Jessicaberg,Masters,Lead,12,Data Engineer,Healthcare,Julia,Medium,Hybrid,"Tableau, TensorFlow, NumPy",AWS Certified,79827.0,34,5.3,No
333,34,Other,USA,Angelachester,PhD,Mid,4,BI Analyst,EdTech,R,Small,Hybrid,"Python, Tableau, Power BI",Google Data Analytics,47870.0,43,5.5,Yes
334,55,Male,India,Deannaton,Masters,Entry,0,Data Engineer,Retail,Scala,Small,Remote,"PyTorch, Excel, TensorFlow",Azure Data Engineer,17866.0,42,5.4,Yes
335,36,Male,India,New Angelahaven,Masters,Lead,19,AI Engineer,Gaming,R,Small,Remote,"NumPy, PyTorch, Pandas",Azure Data Engineer,104900.0,44,9.1,No
336,40,Other,India,East Elizabethville,Bachelors,Senior,7,Analytics Engineer,Retail,Python,Small,Onsite,"PyTorch, TensorFlow, Tableau",Google Data Analytics,35649.0,45,7.3,Yes
337,55,Other,Germany,Donnaton,PhD,Senior,7,Business Analyst,Retail,R,Medium,Onsite,"Pandas, Power BI, PyTorch",None,52016.0,37,9.6,No
338,44,Male,Australia,South Annland,PhD,Mid,3,BI Analyst,Gaming,Scala,Small,Hybrid,"Tableau, PyTorch, Excel",Microsoft Power BI,40989.0,60,5.2,Yes
339,34,Female,Brazil,West Jeffreyberg,Masters,Senior,10,Machine Learning Engineer,Finance,Python,Medium,Onsite,"Tableau, Pandas, NumPy",Microsoft Power BI,42525.0,59,6.3,No
340,52,Female,India,North Ronald,Masters,Lead,16,AI Engineer,E-commerce,Scala,Large,Hybrid,"Pandas, TensorFlow, Excel",Azure Data Engineer,70904.0,49,5.1,Yes
341,37,Male,Brazil,Rhondastad,PhD,Lead,18,Analytics Engineer,Consulting,Python,Medium,Remote,"Pandas, Power BI, Tableau",AWS Certified,77341.0,57,4.8,No
342,27,Other,USA,Scotttown,PhD,Mid,4,Data Scientist,SaaS,Python,Small,Remote,"Excel, Pandas, NumPy",Microsoft Power BI,499200.0,49,9.4,No
343,33,Other,UK,South Yvonne,Bachelors,Lead,19,Machine Learning Engineer,Healthcare,Python,Large,Hybrid,"Excel, Power BI, TensorFlow",Microsoft Power BI,113888.0,36,4.5,No
344,39,Male,Germany,Davisport,Bachelors,Mid,5,Data Analyst,Consulting,Python,Large,Hybrid,"SQL, Excel, PyTorch",Azure Data Engineer,40671.0,42,8.5,Yes
345,25,Other,Brazil,Curtistown,PhD,Senior,8,Data Analyst,EdTech,R,Large,Hybrid,"Python, Power BI, Excel",None,56134.0,47,9.4,No
346,28,Other,Poland,Owensport,Bachelors,Senior,6,BI Analyst,EdTech,R,Large,Onsite,"Python, Power BI, NumPy",Azure Data Engineer,36529.0,30,7.9,No
347,48,Male,Germany,Franklinfurt,Bachelors,Senior,9,BI Analyst,SaaS,Python,Large,Hybrid,"SQL, Spark, Pandas",TensorFlow Developer,54738.0,58,8.5,Yes
348,39,Male,USA,Brownville,Bachelors,Entry,1,Data Engineer,SaaS,SQL,Small,Hybrid,"Pandas, Spark, Tableau",Microsoft Power BI,40126.0,60,9.3,Yes
349,45,Female,UK,South Andrew,Masters,Senior,6,BI Analyst,Healthcare,Scala,Small,Remote,"Python, Spark, Tableau",None,50476.0,50,7.8,Yes
350,23,Female,Canada,Webbview,Masters,Entry,2,Data Engineer,Healthcare,SQL,Large,Onsite,"Tableau, Excel, TensorFlow",Microsoft Power BI,56302.0,30,5.9,Yes
351,28,Male,UK,Lake Lindseyhaven,PhD,Lead,16,AI Engineer,Consulting,Python,Large,Remote,"Spark, Excel, Tableau",Google Data Analytics,134313.0,33,7.8,No
352,44,Male,Canada,New Kimberly,Masters,Senior,7,Data Engineer,Consulting,SQL,Small,Hybrid,"Pandas, SQL, Spark",None,60388.0,41,9.4,No
353,44,Female,India,East Raymondburgh,PhD,Lead,16,Machine Learning Engineer,Finance,SQL,Large,Remote,"Pandas, PyTorch, NumPy",IBM Data Science,101452.0,40,5.7,Yes
354,37,Female,Australia,Zimmermanbury,Bachelors,Senior,6,Business Analyst,Retail,SQL,Large,Hybrid,"Power BI, Pandas, Excel",None,59472.0,49,7.1,Yes
355,35,Female,USA,Tanyaborough,Masters,Lead,19,AI Engineer,EdTech,Julia,Medium,Hybrid,"Python, Spark, PyTorch",Microsoft Power BI,100782.0,57,7.8,Yes
356,22,Other,Poland,Sydneyborough,Bachelors,Senior,8,Business Analyst,Healthcare,SQL,Medium,Hybrid,"Spark, NumPy, SQL",Azure Data Engineer,52273.0,55,9.9,No
357,52,Other,Brazil,Allenton,PhD,Senior,7,Analytics Engineer,E-commerce,Python,Large,Remote,"TensorFlow, Excel, Power BI",TensorFlow Developer,44214.0,46,5.7,No
358,33,Male,Australia,Howardside,Masters,Senior,7,BI Analyst,Healthcare,Python,Small,Remote,"Tableau, NumPy, Spark",Azure Data Engineer,55874.0,46,6.2,No
359,49,Female,Poland,New Johnshire,Masters,Lead,18,Business Analyst,E-commerce,SQL,Large,Remote,"Spark, Excel, Python",None,71358.0,48,4.1,No
360,50,Female,Germany,Ronaldmouth,PhD,Entry,0,AI Engineer,Retail,SQL,Small,Remote,"Python, Spark, Pandas",IBM Data Science,51473.0,45,9.8,No
361,38,Male,Germany,East Mitchell,PhD,Lead,20,AI Engineer,EdTech,Scala,Large,Onsite,"SQL, Pandas, PyTorch",Azure Data Engineer,148992.0,55,6.2,Yes
362,23,Female,Canada,Lake Alexandraborough,Bachelors,Entry,1,Machine Learning Engineer,Healthcare,R,Small,Hybrid,"Power BI, PyTorch, Spark",Azure Data Engineer,35418.0,57,9.2,No
363,40,Other,Poland,South Davidton,Masters,Mid,5,BI Analyst,Healthcare,Julia,Large,Hybrid,"Pandas, NumPy, Spark",TensorFlow Developer,47366.0,53,7.4,Yes
364,33,Other,Australia,Ianberg,Masters,Lead,15,Machine Learning Engineer,SaaS,Scala,Small,Remote,"Tableau, Pandas, Spark",IBM Data Science,108588.0,46,4.0,Yes
365,35,Other,Germany,West Eugeneside,Bachelors,Entry,1,AI Engineer,EdTech,Scala,Medium,Hybrid,"Pandas, NumPy, PyTorch",IBM Data Science,43174.0,47,5.7,Yes
366,29,Other,Brazil,Alexandershire,PhD,Lead,20,Machine Learning Engineer,E-commerce,R,Large,Onsite,"PyTorch, SQL, Excel",Azure Data Engineer,106623.0,54,9.7,No
367,43,Female,USA,Jamesland,Masters,Senior,7,Analytics Engineer,SaaS,SQL,Large,Onsite,"NumPy, SQL, Excel",TensorFlow Developer,88568.0,55,5.2,Yes
368,42,Male,Poland,New Angelaburgh,Masters,Senior,7,Data Analyst,Consulting,R,Small,Onsite,"Python, TensorFlow, Excel",None,38576.0,31,8.5,No
369,33,Male,Germany,Lake Stephanie,Bachelors,Lead,19,Data Analyst,Healthcare,Python,Small,Onsite,"Spark, NumPy, Tableau",None,60376.0,57,6.7,Yes
370,30,Female,USA,Gibsonhaven,Masters,Senior,7,Business Analyst,Consulting,SQL,Medium,Remote,"Spark, SQL, TensorFlow",None,603360.0,30,6.7,Yes
371,26,Male,Canada,East Ronald,Masters,Lead,13,Data Scientist,Healthcare,Julia,Medium,Remote,"PyTorch, TensorFlow, Power BI",Microsoft Power BI,80844.0,38,8.2,Yes
372,35,Other,USA,Albertburgh,PhD,Lead,15,Analytics Engineer,EdTech,SQL,Large,Remote,"Spark, Excel, SQL",IBM Data Science,138513.0,54,9.0,No
373,23,Other,Canada,New Wendyville,Bachelors,Lead,18,Business Analyst,SaaS,Scala,Large,Onsite,"PyTorch, NumPy, TensorFlow",AWS Certified,104493.0,36,10.0,Yes
374,53,Male,India,South Angela,PhD,Mid,4,Business Analyst,E-commerce,SQL,Small,Remote,"Pandas, NumPy, Spark",Microsoft Power BI,32711.0,58,9.4,Yes
375,53,Other,UK,West Angela,PhD,Lead,12,BI Analyst,EdTech,R,Large,Hybrid,"Power BI, PyTorch, Pandas",Microsoft Power BI,67388.0,60,6.8,No
376,51,Male,India,Danieltown,Masters,Lead,18,Data Engineer,E-commerce,Scala,Small,Onsite,"TensorFlow, Python, Pandas",IBM Data Science,74080.0,49,4.0,Yes
377,37,Male,Brazil,Farleyhaven,Bachelors,Senior,10,AI Engineer,Consulting,R,Medium,Onsite,"Excel, TensorFlow, NumPy",AWS Certified,60295.0,35,4.1,No
378,25,Other,Germany,Jennifermouth,PhD,Lead,15,BI Analyst,E-commerce,R,Medium,Remote,"Pandas, SQL, Tableau",None,85345.0,45,7.6,Yes
379,48,Female,Germany,Lindaburgh,Bachelors,Mid,3,Business Analyst,E-commerce,R,Large,Onsite,"Power BI, PyTorch, TensorFlow",Microsoft Power BI,42796.0,48,4.6,Yes
380,50,Male,Brazil,Melissafurt,PhD,Entry,1,Analytics Engineer,EdTech,SQL,Large,Hybrid,"Python, NumPy, SQL",Microsoft Power BI,26847.0,33,7.2,Yes
381,46,Other,USA,Jacksonmouth,Masters,Entry,0,Analytics Engineer,SaaS,R,Small,Hybrid,"Pandas, Python, Excel",None,36935.0,38,4.1,Yes
382,35,Female,Australia,Murphyport,PhD,Lead,20,Business Analyst,Gaming,R,Small,Remote,"Excel, Tableau, Power BI",Microsoft Power BI,118508.0,55,5.3,No
383,34,Female,Germany,Lake Elizabeth,Bachelors,Entry,0,AI Engineer,EdTech,Python,Small,Onsite,"SQL, NumPy, Excel",Google Data Analytics,35989.0,31,7.8,Yes
384,32,Female,Canada,Claytontown,PhD,Entry,1,Machine Learning Engineer,SaaS,R,Medium,Onsite,"PyTorch, Spark, NumPy",Azure Data Engineer,52368.0,50,6.8,No
385,47,Other,UK,Kristinmouth,Masters,Mid,5,Analytics Engineer,Gaming,R,Small,Hybrid,"Tableau, PyTorch, Power BI",Microsoft Power BI,43720.0,50,6.4,Yes
386,54,Female,UK,New Garyshire,PhD,Lead,17,BI Analyst,SaaS,Python,Medium,Onsite,"Python, Excel, NumPy",Microsoft Power BI,98428.0,31,9.8,No
387,30,Female,Australia,Pamelatown,Masters,Lead,12,BI Analyst,Finance,Python,Medium,Hybrid,"Power BI, PyTorch, Python",IBM Data Science,72099.0,58,5.7,No
388,24,Other,USA,West Courtney,PhD,Entry,0,Data Analyst,Healthcare,Scala,Medium,Hybrid,"Tableau, NumPy, Python",IBM Data Science,40527.0,57,6.0,No
389,37,Other,Canada,North Richardstad,Bachelors,Lead,11,Data Analyst,Gaming,Scala,Large,Remote,"TensorFlow, SQL, NumPy",None,82977.0,49,8.0,Yes
390,53,Male,USA,Port Brian,PhD,Lead,20,Analytics Engineer,Gaming,Scala,Large,Onsite,"Tableau, Excel, Pandas",None,132376.0,39,7.0,No
391,29,Other,Germany,Port Chelsea,PhD,Lead,18,AI Engineer,Retail,Scala,Large,Remote,"Tableau, Python, PyTorch",Microsoft Power BI,151686.0,44,9.9,Yes
392,55,Other,Germany,East Christina,Masters,Lead,17,Data Scientist,Consulting,Python,Large,Remote,"Power BI, Pandas, Excel",Microsoft Power BI,103694.0,57,9.3,Yes
393,50,Female,Poland,Kellyport,Masters,Lead,12,Analytics Engineer,E-commerce,R,Medium,Onsite,"Tableau, Power BI, Spark",None,75039.0,53,8.3,Yes
394,32,Male,Germany,Samuelport,PhD,Senior,10,AI Engineer,E-commerce,Julia,Medium,Remote,"TensorFlow, Spark, Excel",Azure Data Engineer,78646.0,35,4.8,Yes
395,28,Male,USA,Ashleybury,Bachelors,Mid,3,Data Analyst,Consulting,SQL,Medium,Remote,"Excel, Power BI, Pandas",AWS Certified,46674.0,43,7.6,No
396,48,Other,Germany,Danielborough,PhD,Entry,1,Data Analyst,Retail,Python,Large,Remote,"Excel, SQL, TensorFlow",IBM Data Science,44364.0,35,6.7,Yes
397,38,Female,Poland,Ramirezburgh,PhD,Senior,10,BI Analyst,Finance,Scala,Small,Hybrid,"Tableau, PyTorch, Python",TensorFlow Developer,41364.0,43,4.1,Yes
398,32,Male,Australia,Lake Justin,Bachelors,Lead,16,Data Scientist,Consulting,R,Large,Onsite,"Python, Pandas, NumPy",None,98074.0,30,4.8,Yes
399,48,Other,Australia,Port Robin,Masters,Lead,15,AI Engineer,Finance,Scala,Large,Hybrid,"SQL, TensorFlow, Python",Microsoft Power BI,97002.0,54,7.7,No
400,47,Other,Brazil,Nicoleland,Masters,Senior,6,Machine Learning Engineer,EdTech,Python,Medium,Hybrid,"Tableau, Pandas, TensorFlow",AWS Certified,32644.0,59,5.5,Yes
401,51,Male,Poland,Lake Vincentton,Bachelors,Mid,5,AI Engineer,Finance,R,Large,Onsite,"Pandas, NumPy, Spark",IBM Data Science,50301.0,36,5.3,No
402,53,Female,Germany,East Sara,Masters,Mid,3,Data Engineer,Consulting,Python,Large,Hybrid,"NumPy, PyTorch, Tableau",IBM Data Science,58505.0,50,5.3,No
403,55,Male,Australia,North Charlesmouth,Bachelors,Lead,18,AI Engineer,EdTech,R,Medium,Hybrid,"SQL, Tableau, Pandas",AWS Certified,103234.0,42,9.8,Yes
404,30,Female,Poland,East Rodney,Bachelors,Lead,14,AI Engineer,Healthcare,Scala,Medium,Onsite,"Pandas, SQL, Tableau",None,62989.0,54,9.8,No
405,39,Female,Canada,Robbinshaven,Masters,Mid,3,Analytics Engineer,Consulting,Julia,Medium,Hybrid,"NumPy, Power BI, Excel",IBM Data Science,52011.0,41,6.8,No
406,41,Female,India,Silvabury,Masters,Mid,5,Data Scntist,Healthcare,Python,Medium,Onsite,"NumPy, SQL, PyTorch",Microsoft Power BI,24200.0,51,6.4,Yes
407,34,Female,USA,Troyfurt,Masters,Lead,18,Business Analyst,Healthcare,R,Small,Hybrid,"PyTorch, Python, Tableau",Azure Data Engineer,86124.0,41,6.4,No
408,35,Other,USA,South Kelseyburgh,PhD,Lead,15,Data Engineer,Healthcare,Julia,Large,Remote,"Excel, SQL, PyTorch",TensorFlow Developer,118336.0,41,4.5,No
409,49,Other,Germany,Tiffanyville,Masters,Entry,0,Analytics Engineer,Retail,Python,Small,Hybrid,"Tableau, Excel, Spark",Azure Data Engineer,29610.0,36,4.4,Yes
410,23,Male,Canada,Lake Clarence,PhD,Lead,11,Data Analyst,E-commerce,SQL,Medium,Remote,"NumPy, Pandas, TensorFlow",IBM Data Science,61717.0,54,4.6,No
411,38,Other,Brazil,West Derekmouth,Masters,Lead,20,Data Scientist,SaaS,Python,Small,Hybrid,"Excel, Python, Pandas",Azure Data Engineer,69612.0,34,4.9,No
412,35,Male,Poland,North Robertmouth,Bachelors,Entry,0,Business Analyst,Finance,SQL,Small,Hybrid,"Python, Tableau, TensorFlow",Google Data Analytics,13797.0,50,7.9,No
413,32,Other,India,New Edwardberg,Bachelors,Lead,12,Data Engineer,Finance,R,Medium,Hybrid,"TensorFlow, NumPy, Tableau",None,54970.0,38,8.6,Yes
414,23,Female,Canada,West Gerald,Masters,Lead,12,AI Engineer,Finance,R,Large,Onsite,"NumPy, Tableau, Python",AWS Certified,115627.0,33,5.3,Yes
415,46,Female,USA,Lake Jason,PhD,Senior,10,Machine Learning Engineer,E-commerce,SQL,Medium,Remote,"NumPy, PyTorch, Spark",IBM Data Science,118044.0,35,4.2,No
416,36,Other,USA,Scottside,Bachelors,Lead,15,Analytics Engineer,Healthcare,Scala,Small,Remote,"TensorFlow, Tableau, Power BI",Google Data Analytics,76923.0,50,7.7,Yes
417,41,Other,Canada,Shieldsland,PhD,Mid,4,Data Engineer,Finance,Python,Medium,Hybrid,"PyTorch, Excel, Tableau",Google Data Analytics,67282.0,47,4.3,Yes
418,45,Other,USA,Priceberg,Bachelors,Lead,17,Data Scientist,EdTech,Julia,Small,Onsite,"Spark, SQL, Pandas",Microsoft Power BI,107634.0,45,8.2,No
419,32,Female,India,West Tammyburgh,PhD,Senior,8,Machine Learning Engineer,Retail,Scala,Large,Remote,"Tableau, Spark, Python",Azure Data Engineer,62991.0,33,8.4,No
420,42,Male,USA,Joanport,PhD,Entry,2,Data Engineer,Finance,Julia,Medium,Onsite,"Pandas, Python, PyTorch",TensorFlow Developer,63284.0,31,4.2,Yes
421,36,Other,Canada,Henrychester,Masters,Lead,17,Business Analyst,EdTech,Scala,Small,Onsite,"PyTorch, Python, Tableau",Microsoft Power BI,70277.0,60,9.3,No
422,24,Male,UK,East Emily,Masters,Senior,9,Analytics Engineer,E-commerce,Scala,Large,Hybrid,"Spark, TensorFlow, Excel",IBM Data Science,82231.0,35,4.4,Yes
423,28,Female,Poland,Madisonhaven,PhD,Lead,13,AI Engineer,SaaS,Julia,Large,Hybrid,"Pandas, Python, Spark",AWS Certified,80865.0,46,5.1,Yes
424,31,Other,Brazil,New Jessicastad,Masters,Lead,17,Analytics Engineer,E-commerce,Python,Medium,Onsite,"Power BI, SQL, NumPy",IBM Data Science,75618.0,35,7.0,No
425,39,Female,Australia,Richardbury,PhD,Lead,12,Data Engineer,Consulting,R,Small,Hybrid,"PyTorch, TensorFlow, Power BI",Microsoft Power BI,95123.0,43,4.2,No
426,27,Male,Canada,North Jonathanchester,Bachelors,Lead,20,Data Engineer,Retail,Julia,Medium,Hybrid,"TensorFlow, Tableau, Pandas",AWS Certified,128207.0,40,7.6,Yes
427,30,Other,Germany,South Donald,Masters,Lead,14,Data Scientist,EdTech,SQL,Medium,Remote,"Excel, TensorFlow, Pandas",IBM Data Science,106868.0,58,6.3,No
428,52,Other,Australia,East Wesley,PhD,Lead,19,Data Scntist,SaaS,Python,Small,Hybrid,"Pandas, NumPy, TensorFlow",AWS Certified,77926.0,53,5.7,Yes
429,42,Female,USA,South Jonathan,Masters,Senior,8,Data Analyst,Consulting,Julia,Medium,Onsite,"Power BI, SQL, Tableau",IBM Data Science,55250.0,30,9.9,No
430,28,Female,Germany,East Mandy,PhD,Lead,15,Business Analyst,Consulting,SQL,Large,Onsite,"SQL, TensorFlow, Python",IBM Data Science,95231.0,41,6.1,Yes
431,35,Female,Poland,Kennethmouth,PhD,Mid,4,AI Engineer,SaaS,Python,Medium,Remote,"Excel, Power BI, Pandas",Google Data Analytics,55710.0,42,7.0,Yes
432,51,Female,Germany,Elizabethton,Bachelors,Mid,3,Machine Learning Engineer,E-commerce,Scala,Small,Onsite,"Python, TensorFlow, PyTorch",TensorFlow Developer,39953.0,43,9.0,No
433,31,Female,Australia,New Lee,Bachelors,Lead,11,Machine Learning Engineer,Healthcare,R,Medium,Hybrid,"NumPy, Python, Spark",None,90461.0,32,6.4,No
434,42,Female,India,Lake Williamtown,PhD,Entry,1,AI Engineer,Finance,Python,Large,Remote,"NumPy, Power BI, Spark",Microsoft Power BI,40094.0,32,6.3,Yes
435,42,Other,Brazil,North Peter,PhD,Lead,12,Data Scientist,Consulting,SQL,Large,Hybrid,"Power BI, Pandas, Excel",Microsoft Power BI,53848.0,32,5.3,No
436,41,Female,USA,North Dannyside,PhD,Senior,8,Data Engineer,Gaming,Scala,Large,Remote,"Tableau, Power BI, Pandas",AWS Certified,110623.0,53,8.2,No
437,23,Male,India,Greenfort,Masters,Mid,5,Machine Learning Engineer,Consulting,Python,Small,Onsite,"Power BI, Python, NumPy",None,37387.0,43,6.8,No
438,54,Female,Brazil,Zacharyborough,PhD,Senior,6,Data Engineer,E-commerce,R,Small,Onsite,"Power BI, TensorFlow, Tableau",IBM Data Science,,40,9.6,No
439,22,Female,India,Ballview,PhD,Mid,4,Analytics Engineer,Consulting,R,Small,Hybrid,"PyTorch, SQL, Tableau",Microsoft Power BI,33320.0,60,7.5,Yes
440,42,Other,Canada,Hansonport,Bachelors,Mid,3,BI Analyst,SaaS,SQL,Medium,Onsite,"PyTorch, Pandas, Python",AWS Certified,37279.0,42,4.7,No
441,26,Male,India,Port Robert,Masters,Lead,16,Data Scientist,SaaS,SQL,Medium,Onsite,"Python, Tableau, Pandas",TensorFlow Developer,76492.0,30,4.0,No
442,44,Female,Australia,South Craig,PhD,Lead,17,Machine Learning Engineer,Healthcare,Python,Medium,Remote,"Tableau, TensorFlow, Python",TensorFlow Developer,89223.0,55,5.7,No
443,40,Male,Brazil,Nelsonmouth,PhD,Lead,13,Data Engineer,Healthcare,Scala,Small,Remote,"Power BI, Excel, TensorFlow",Google Data Analytics,81242.0,37,6.0,No
444,28,Other,India,Paulside,Bachelors,Lead,18,Machine Learning Engineer,Finance,Scala,Medium,Hybrid,"Tableau, NumPy, Python",Microsoft Power BI,79036.0,43,8.9,Yes
445,26,Male,UK,Laurahaven,Masters,Lead,15,BI Analyst,Gaming,Python,Large,Onsite,"Excel, Python, Pandas",AWS Certified,80291.0,48,7.1,Yes
446,30,Male,UK,West Peterberg,PhD,Senior,9,Analytics Engineer,SaaS,SQL,Small,Onsite,"Spark, TensorFlow, Tableau",AWS Certified,70884.0,57,4.0,No
447,43,Male,Brazil,New Matthew,PhD,Senior,7,Data Engineer,Finance,Scala,Medium,Onsite,"NumPy, Python, PyTorch",None,47280.0,45,9.3,Yes
448,34,Other,Canada,Freemanside,PhD,Entry,1,BI Analyst,Consulting,Julia,Small,Hybrid,"Spark, Power BI, TensorFlow",TensorFlow Developer,31770.0,30,4.2,No
449,55,Female,Canada,Hendersonshire,Masters,Lead,15,AI Engineer,Retail,R,Medium,Hybrid,"Spark, Power BI, Excel",AWS Certified,96226.0,38,5.1,Yes
450,46,Male,UK,South Markfort,Masters,Lead,19,Data Scientist,SaaS,R,Large,Hybrid,"NumPy, TensorFlow, PyTorch",Azure Data Engineer,137442.0,38,9.2,Yes
451,31,Other,UK,New Jesseview,Bachelors,Entry,2,Analytics Engineer,EdTech,Python,Small,Onsite,"SQL, Python, Tableau",Microsoft Power BI,29574.0,52,7.6,No
452,32,Male,USA,South Robertburgh,PhD,Lead,11,Data Scientist,E-commerce,SQL,Large,Hybrid,"Tableau, TensorFlow, Python",None,113114.0,47,10.0,No
453,24,Male,USA,Harveyborough,Masters,Entry,0,BI Analyst,E-commerce,Scala,Medium,Remote,"Python, Excel, NumPy",IBM Data Science,42635.0,43,5.8,Yes
454,27,Male,Germany,East Robertport,PhD,Lead,20,Data Analyst,EdTech,R,Medium,Onsite,"NumPy, SQL, TensorFlow",TensorFlow Developer,84289.0,60,6.2,No
455,37,Female,Australia,East Theresa,PhD,Lead,11,Data Scntist,Finance,R,Large,Hybrid,"NumPy, Spark, Power BI",TensorFlow Developer,,49,5.8,Yes
456,30,Male,Australia,Marthaton,Bachelors,Lead,12,AI Engineer,Retail,Scala,Small,Remote,"PyTorch, NumPy, Pandas",TensorFlow Developer,88416.0,60,5.4,No
457,40,Other,Australia,Hallbury,PhD,Lead,17,Analytics Engineer,E-commerce,Julia,Medium,Remote,"Pandas, Tableau, SQL",TensorFlow Developer,93414.0,46,4.8,Yes
458,53,Other,USA,Morrisbury,Masters,Lead,12,Business Analyst,Consulting,R,Small,Onsite,"Spark, Excel, Python",IBM Data Science,84570.0,49,9.5,Yes
459,51,Female,USA,Taylorfurt,Masters,Mid,3,Data Analyst,Consulting,R,Medium,Remote,"Tableau, Python, Spark",None,56779.0,56,8.2,No
460,53,Male,UK,West Jacksonside,PhD,Entry,0,Business Analyst,Gaming,SQL,Small,Hybrid,"NumPy, Excel, Tableau",Google Data Analytics,22601.0,56,5.9,No
461,34,Other,UK,East Michaelstad,Masters,Lead,17,Analytics Engineer,E-commerce,Python,Large,Remote,"Pandas, Power BI, Tableau",Azure Data Engineer,125157.0,59,6.4,No
462,43,Female,India,Perryberg,Bachelors,Entry,1,AI Engineer,Retail,SQL,Small,Onsite,"Pandas, PyTorch, Excel",IBM Data Science,20241.0,46,4.9,No
463,32,Other,Brazil,Stephenmouth,PhD,Lead,19,Business Analyst,Retail,Python,Medium,Onsite,"Tableau, Python, Power BI",Azure Data Engineer,86830.0,57,7.1,No
464,24,Male,Brazil,West Coleport,Bachelors,Mid,5,Machine Learning Engineer,Healthcare,SQL,Large,Remote,"Power BI, Python, NumPy",AWS Certified,49608.0,34,5.5,Yes
465,55,Female,UK,Port Alexandraborough,Masters,Lead,14,Data Scientist,Retail,SQL,Medium,Onsite,"Spark, Power BI, Excel",TensorFlow Developer,93407.0,53,4.7,No
466,44,Female,USA,Natalieville,Masters,Senior,7,Business Analyst,Gaming,R,Large,Onsite,"SQL, Pandas, Power BI",Microsoft Power BI,,57,7.0,No
467,35,Male,UK,Amandafort,Masters,Lead,15,Data Scientist,EdTech,R,Medium,Hybrid,"TensorFlow, PyTorch, Tableau",AWS Certified,81976.0,45,9.6,Yes
468,50,Female,Brazil,Donnaville,Bachelors,Mid,3,Data Engineer,Healthcare,Python,Large,Hybrid,"Tableau, Python, Spark",AWS Certified,31469.0,31,8.5,Yes
469,31,Male,Australia,Samuelhaven,Masters,Senior,6,Business Analyst,Healthcare,SQL,Small,Remote,"SQL, Python, Power BI",AWS Certified,54115.0,36,9.6,Yes
470,44,Male,Australia,North Jeffrey,Masters,Entry,0,Business Analyst,Gaming,SQL,Medium,Onsite,"PyTorch, Power BI, Pandas",Google Data Analytics,31046.0,58,4.0,Yes
471,41,Other,USA,Lake James,Bachelors,Lead,18,Data Analyst,Finance,Python,Large,Hybrid,"Tableau, TensorFlow, Spark",None,104499.0,39,6.9,Yes
472,22,Female,Brazil,Port Brandon,Masters,Mid,4,Data Analyst,Consulting,Python,Medium,Hybrid,"SQL, NumPy, Spark",None,25895.0,35,4.2,No
473,40,Male,UK,Paulhaven,Bachelors,Entry,0,Data Scntist,E-commerce,SQL,Medium,Onsite,"TensorFlow, Power BI, SQL",IBM Data Science,30990.0,31,7.1,Yes
474,44,Other,Poland,West Jonathan,Masters,Lead,19,Data Scientist,Gaming,R,Large,Remote,"SQL, Pandas, Power BI",AWS Certified,121782.0,53,7.1,Yes
475,27,Male,Poland,Lake Shelby,PhD,Lead,13,Data Engineer,Retail,R,Medium,Onsite,"Tableau, Pandas, TensorFlow",Google Data Analytics,63732.0,53,7.7,Yes
476,52,Male,Canada,Danielleport,Masters,Mid,5,Data Analyst,EdTech,Julia,Medium,Onsite,"Power BI, TensorFlow, Excel",TensorFlow Developer,45481.0,46,7.9,No
477,27,Female,Canada,Port Lisa,PhD,Lead,18,Analytics Engineer,Gaming,Julia,Small,Hybrid,"Power BI, NumPy, Python",Microsoft Power BI,71303.0,51,8.0,No
478,50,Other,Poland,Lake Dianaport,Masters,Senior,6,Business Analyst,E-commerce,SQL,Large,Remote,"Power BI, Python, TensorFlow",None,38943.0,51,9.9,Yes
479,50,Male,USA,Port Juan,PhD,Lead,15,Data Scientist,E-commerce,R,Medium,Remote,"Excel, TensorFlow, SQL",IBM Data Science,93015.0,39,8.4,No
480,40,Other,Brazil,Schultzstad,PhD,Senior,10,BI Analyst,E-commerce,SQL,Small,Hybrid,"Tableau, Power BI, PyTorch",IBM Data Science,46420.0,46,8.9,No
481,31,Female,USA,South Haley,PhD,Senior,8,BI Analyst,EdTech,R,Large,Onsite,"Spark, PyTorch, SQL",IBM Data Science,80267.0,32,5.2,Yes
482,29,Female,Poland,Johnsonside,Bachelors,Senior,10,AI Engineer,Consulting,Python,Large,Onsite,"TensorFlow, Excel, Pandas",TensorFlow Developer,77804.0,52,6.4,No
483,53,Male,Brazil,North Brandyland,Masters,Mid,4,Business Analyst,EdTech,Scala,Medium,Remote,"SQL, Spark, Excel",Azure Data Engineer,31169.0,33,9.0,No
484,36,Female,USA,Eugenefort,Bachelors,Lead,17,Machine Learning Engineer,Consulting,Python,Medium,Onsite,"NumPy, Power BI, PyTorch",IBM Data Science,101424.0,35,9.8,Yes
485,26,Other,Canada,Port Toddfort,PhD,Lead,11,Analytics Engineer,Consulting,SQL,Medium,Remote,"Power BI, NumPy, Pandas",Microsoft Power BI,96110.0,44,7.1,Yes
486,46,Female,Canada,West Abigailview,Masters,Lead,15,Data Analyst,E-commerce,Julia,Medium,Onsite,"SQL, Excel, Spark",AWS Certified,76049.0,58,5.7,No
487,39,Female,Canada,Jimview,Masters,Lead,16,Data Analyst,Finance,Julia,Medium,Onsite,"SQL, Spark, TensorFlow",Azure Data Engineer,95542.0,54,7.8,Yes
488,22,Male,UK,Vargasshire,PhD,Mid,4,Business Analyst,Finance,SQL,Small,Onsite,"Excel, Spark, Tableau",IBM Data Science,38127.0,41,8.6,Yes
489,45,Female,Brazil,South Laurenview,PhD,Lead,16,Business Analyst,Consulting,Python,Large,Onsite,"Python, Spark, TensorFlow",Azure Data Engineer,87208.0,48,9.5,No
490,33,Male,India,Lake Mark,Bachelors,Lead,20,Data Scientist,E-commerce,SQL,Medium,Remote,"Excel, TensorFlow, SQL",Microsoft Power BI,99560.0,55,8.2,No
491,28,Other,UK,West Heather,Masters,Entry,0,Data Scientist,Retail,SQL,Medium,Hybrid,"PyTorch, SQL, Python",Microsoft Power BI,31935.0,35,6.4,Yes
492,25,Female,Brazil,West Cindyton,PhD,Lead,13,Analytics Engineer,Finance,SQL,Small,Onsite,"SQL, Excel, Pandas",None,51279.0,49,7.8,Yes
493,32,Other,Poland,Perkinsside,Masters,Senior,10,Data Scientist,Consulting,Python,Medium,Hybrid,"NumPy, Tableau, SQL",Azure Data Engineer,448464.0,40,8.7,Yes
494,46,Female,Canada,North Brittany,Bachelors,Lead,16,Data Engineer,Gaming,SQL,Small,Remote,"Power BI, Tableau, Pandas",IBM Data Science,102781.0,40,7.4,Yes
495,34,Male,Germany,Kennethmouth,Masters,Senior,6,Data Scntist,E-commerce,SQL,Medium,Onsite,"NumPy, PyTorch, Excel",TensorFlow Developer,68024.0,48,7.3,No
496,52,Other,Australia,Garciaburgh,Bachelors,Lead,17,Data Analyst,Finance,Python,Large,Remote,"Tableau, Spark, Power BI",TensorFlow Developer,109211.0,38,7.3,Yes
497,53,Other,UK,Doughertymouth,Bachelors,Lead,14,Data Analyst,Retail,Python,Small,Hybrid,"SQL, PyTorch, TensorFlow",IBM Data Science,74045.0,33,9.0,Yes
498,31,Male,India,Jordanhaven,PhD,Lead,19,Data Analyst,Retail,Julia,Large,Remote,"Python, Power BI, SQL",Microsoft Power BI,106344.0,53,7.3,Yes
499,55,Male,Canada,West Trevor,Masters,Lead,17,BI Analyst,E-commerce,Scala,Large,Hybrid,"TensorFlow, PyTorch, Excel",Google Data Analytics,103706.0,46,8.8,No
500,33,Male,UK,West Jessicafurt,Masters,Senior,8,BI Analyst,SaaS,Scala,Small,Onsite,"Excel, SQL, Python",AWS Certified,59454.0,46,5.6,No
501,32,Male,USA,East Kristiburgh,Bachelors,Entry,2,BI Analyst,EdTech,Scala,Medium,Hybrid,"Python, Excel, NumPy",None,41700.0,56,7.8,Yes
502,35,Other,Australia,West Lisa,Bachelors,Lead,18,Data Scientist,EdTech,Scala,Large,Hybrid,"Excel, Spark, Power BI",Microsoft Power BI,118175.0,43,5.7,Yes
503,22,Other,Germany,Montgomeryfort,PhD,Entry,0,AI Engineer,Gaming,SQL,Large,Remote,"PyTorch, Python, Spark",Azure Data Engineer,71598.0,53,9.9,Yes
504,27,Other,India,New Donald,PhD,Lead,19,BI Analyst,Gaming,Julia,Medium,Hybrid,"Tableau, TensorFlow, NumPy",AWS Certified,86593.0,35,8.4,No
505,24,Other,India,Johnsonview,Masters,Mid,5,Data Scientist,Gaming,R,Medium,Hybrid,"NumPy, SQL, Excel",AWS Certified,28379.0,52,4.4,Yes
506,37,Male,Poland,West Tanner,Bachelors,Entry,2,BI Analyst,E-commerce,SQL,Medium,Hybrid,"Tableau, TensorFlow, NumPy",Microsoft Power BI,21065.0,42,7.9,No
507,47,Other,Australia,Chungview,Bachelors,Senior,9,AI Engineer,Finance,Scala,Medium,Onsite,"PyTorch, TensorFlow, Spark",Google Data Analytics,70598.0,46,7.6,Yes
508,39,Female,India,West Amber,Bachelors,Senior,9,Data Engineer,Finance,SQL,Large,Hybrid,"Tableau, Power BI, Excel",Microsoft Power BI,42074.0,42,4.3,Yes
509,32,Other,Canada,Brandiland,Bachelors,Entry,1,Data Engineer,Consulting,Julia,Large,Hybrid,"SQL, Pandas, Python",Azure Data Engineer,48711.0,40,10.0,No
510,41,Other,Brazil,Lake Cassidy,Masters,Lead,20,Data Scntist,SaaS,R,Large,Hybrid,"NumPy, Pandas, Spark",IBM Data Science,112862.0,47,5.1,No
511,48,Female,India,South Tonyaview,PhD,Senior,10,Analytics Engineer,EdTech,Scala,Large,Hybrid,"Power BI, Spark, Excel",Microsoft Power BI,71232.0,55,9.6,No
512,26,Other,Canada,South Ryanside,Masters,Senior,6,Business Analyst,Finance,Scala,Medium,Hybrid,"SQL, Pandas, Power BI",Google Data Analytics,56682.0,47,8.4,No
513,55,Male,USA,Dianemouth,Masters,Senior,9,Machine Learning Engineer,SaaS,R,Medium,Hybrid,"NumPy, Pandas, TensorFlow",IBM Data Science,91790.0,34,7.3,Yes
514,55,Female,USA,New Maria,Bachelors,Senior,8,Analytics Engineer,E-commerce,Julia,Large,Onsite,"Pandas, TensorFlow, PyTorch",Microsoft Power BI,79978.0,42,5.8,No
515,41,Male,UK,Higginsborough,Bachelors,Entry,0,Business Analyst,Healthcare,R,Large,Hybrid,"Tableau, Excel, TensorFlow",AWS Certified,25683.0,53,6.1,Yes
516,24,Male,UK,East Donnahaven,Bachelors,Senior,6,BI Analyst,Finance,Scala,Large,Onsite,"SQL, Power BI, Pandas",Azure Data Engineer,44305.0,46,6.2,Yes
517,40,Other,USA,East Jorgeborough,Bachelors,Entry,0,BI Analyst,Consulting,Scala,Medium,Remote,"Spark, NumPy, Python",IBM Data Science,39844.0,30,5.1,Yes
518,42,Female,India,Berrybury,Masters,Mid,3,BI Analyst,Retail,Julia,Medium,Remote,"NumPy, Tableau, Pandas",IBM Data Science,27544.0,51,6.1,Yes
519,37,Male,Canada,Wrightmouth,Bachelors,Lead,11,Data Engineer,Consulting,Julia,Small,Hybrid,"Spark, Python, Power BI",Google Data Analytics,,33,5.0,No
520,23,Other,Germany,West Cheryl,Masters,Lead,11,Data Engineer,Retail,Scala,Small,Onsite,"NumPy, Excel, Pandas",AWS Certified,64440.0,50,9.9,No
521,38,Other,India,Jimeneztown,Bachelors,Entry,0,Data Analyst,Finance,Julia,Medium,Onsite,"Spark, Excel, Python",Microsoft Power BI,9362.0,46,4.1,Yes
522,33,Female,Germany,Michaelfort,Bachelors,Lead,12,BI Analyst,SaaS,Julia,Medium,Remote,"PyTorch, Spark, Python",Google Data Analytics,80074.0,59,5.0,Yes
523,22,Female,Brazil,East Carol,Bachelors,Entry,0,Data Scntist,Finance,Python,Medium,Onsite,"Power BI, Spark, Tableau",Azure Data Engineer,,55,7.0,No
524,51,Other,India,Mariostad,PhD,Mid,4,Data Analyst,Finance,Python,Medium,Hybrid,"NumPy, Tableau, Spark",Microsoft Power BI,20985.0,53,5.0,No
525,31,Female,Brazil,Gravesmouth,Masters,Lead,16,Machine Learning Engineer,Gaming,Python,Medium,Remote,"Pandas, TensorFlow, Spark",IBM Data Science,76179.0,35,8.6,No
526,40,Female,Canada,Newtonport,Bachelors,Lead,14,Machine Learning Engineer,E-commerce,Julia,Large,Remote,"NumPy, SQL, Spark",Azure Data Engineer,111396.0,31,4.8,No
527,35,Male,India,Watkinsstad,Bachelors,Mid,3,AI Engineer,SaaS,Python,Medium,Hybrid,"Spark, Python, PyTorch",IBM Data Science,32322.0,38,9.0,Yes
528,30,Other,Brazil,Emilymouth,Masters,Entry,0,Analytics Engineer,Retail,R,Medium,Hybrid,"Power BI, Tableau, TensorFlow",Microsoft Power BI,18088.0,58,4.7,Yes
529,55,Other,Australia,Veronicamouth,Masters,Senior,6,Data Analyst,Gaming,R,Medium,Hybrid,"Excel, SQL, TensorFlow",AWS Certified,53173.0,40,6.8,No
530,50,Other,UK,East Tanya,Masters,Lead,17,Data Scientist,SaaS,Python,Large,Hybrid,"Python, NumPy, Power BI",IBM Data Science,104870.0,39,6.2,Yes
531,37,Female,Brazil,Dominiquehaven,Masters,Lead,14,AI Engineer,E-commerce,Python,Medium,Onsite,"NumPy, Python, Pandas",IBM Data Science,66477.0,33,8.7,No
532,33,Other,India,Merrittland,Masters,Lead,12,BI Analyst,SaaS,Python,Medium,Hybrid,"TensorFlow, Python, Spark",None,46058.0,44,6.8,Yes
533,22,Other,Poland,Davistown,Masters,Senior,9,Analytics Engineer,E-commerce,Julia,Large,Remote,"NumPy, Excel, Python",None,67091.0,33,8.5,No
534,36,Female,Poland,Lake Ann,Masters,Lead,14,AI Engineer,SaaS,Python,Medium,Hybrid,"NumPy, Excel, PyTorch",IBM Data Science,94068.0,35,8.1,Yes
535,39,Other,Poland,Rodgersfurt,Bachelors,Lead,16,BI Analyst,Consulting,Julia,Medium,Hybrid,"Spark, TensorFlow, SQL",TensorFlow Developer,78133.0,45,9.6,Yes
536,27,Male,India,Anthonyton,Bachelors,Mid,5,Analytics Engineer,Finance,Python,Medium,Remote,"Tableau, SQL, NumPy",None,44311.0,58,7.4,No
537,41,Other,Brazil,New Savannah,PhD,Lead,17,Data Analyst,Retail,Julia,Small,Hybrid,"PyTorch, NumPy, Spark",Microsoft Power BI,84280.0,37,8.6,No
538,31,Male,UK,Fergusonmouth,Masters,Lead,12,Data Scientist,Consulting,Python,Large,Hybrid,"PyTorch, Power BI, Tableau",Google Data Analytics,88676.0,58,8.9,Yes
539,46,Female,Canada,East Juanview,PhD,Lead,20,Data Scientist,Gaming,Scala,Small,Hybrid,"PyTorch, NumPy, Python",IBM Data Science,106783.0,35,9.8,Yes
540,29,Other,Brazil,Robinfort,Bachelors,Senior,10,Analytics Engineer,EdTech,Julia,Medium,Onsite,"PyTorch, NumPy, Excel",Microsoft Power BI,42757.0,47,6.9,Yes
541,37,Other,Brazil,Port Stephanie,Bachelors,Lead,14,Data Analyst,Finance,R,Large,Remote,"SQL, Excel, NumPy",Google Data Analytics,79480.0,56,9.3,Yes
542,42,Male,USA,Port Joshuashire,PhD,Senior,9,Data Scientist,EdTech,Scala,Large,Hybrid,"TensorFlow, Tableau, PyTorch",Microsoft Power BI,99140.0,60,8.2,Yes
543,39,Male,Canada,South Joshua,Masters,Senior,8,AI Engineer,Retail,R,Medium,Onsite,"Power BI, Pandas, Spark",Microsoft Power BI,86335.0,43,7.4,No
544,26,Male,Canada,Mariahport,PhD,Senior,7,Data Analyst,E-commerce,R,Large,Onsite,"Excel, Tableau, Python",Azure Data Engineer,53165.0,34,5.9,No
545,47,Male,Poland,Martinfort,PhD,Lead,13,AI Engineer,Finance,Python,Large,Hybrid,"Pandas, PyTorch, Spark",Microsoft Power BI,98421.0,48,9.5,No
546,23,Other,USA,Richardmouth,Masters,Lead,18,Data Engineer,Finance,R,Medium,Hybrid,"Tableau, Excel, PyTorch",Microsoft Power BI,90442.0,40,8.7,No
547,28,Other,Poland,South Ryan,PhD,Entry,2,AI Engineer,Consulting,Python,Small,Hybrid,"Tableau, Power BI, Python",IBM Data Science,39150.0,40,9.6,No
548,23,Male,UK,Alexanderview,Bachelors,Senior,9,BI Analyst,EdTech,Scala,Medium,Remote,"Tableau, NumPy, TensorFlow",None,50403.0,31,5.5,Yes
549,49,Other,Australia,West Billy,Bachelors,Lead,16,AI Engineer,Healthcare,Python,Small,Hybrid,"NumPy, Pandas, PyTorch",Azure Data Engineer,96439.0,43,4.9,No
550,49,Male,USA,Woodsfort,PhD,Mid,5,Business Analyst,Retail,Python,Large,Onsite,"NumPy, Pandas, SQL",Google Data Analytics,69174.0,47,5.8,No
551,38,Female,Brazil,Stephenburgh,PhD,Lead,20,AI Engineer,EdTech,Scala,Small,Hybrid,"Spark, PyTorch, TensorFlow",TensorFlow Developer,111547.0,44,9.2,Yes
552,23,Other,Canada,New Kelsey,PhD,Senior,7,Data Engineer,E-commerce,R,Medium,Remote,"Power BI, SQL, Excel",Azure Data Engineer,88280.0,30,9.8,Yes
553,26,Male,India,Jonathanburgh,PhD,Entry,1,Data Scientist,Healthcare,R,Medium,Hybrid,"Power BI, Excel, NumPy",Microsoft Power BI,23922.0,33,8.6,Yes
554,27,Male,Canada,West Kristen,PhD,Mid,3,AI Engineer,Gaming,Scala,Large,Hybrid,"PyTorch, Pandas, TensorFlow",None,83634.0,51,5.0,Yes
555,25,Male,Brazil,South Lisamouth,Masters,Mid,5,AI Engineer,Consulting,Python,Medium,Onsite,"NumPy, Spark, Python",TensorFlow Developer,42366.0,47,7.4,Yes
556,28,Female,Brazil,North Willie,Bachelors,Senior,7,Data Engineer,Healthcare,SQL,Small,Remote,"NumPy, SQL, PyTorch",IBM Data Science,45016.0,37,5.8,Yes
557,34,Other,Poland,West Christineborough,Bachelors,Senior,6,Data Analyst,Healthcare,Scala,Large,Onsite,"SQL, TensorFlow, Power BI",IBM Data Science,30076.0,60,5.3,No
558,49,Male,India,Williamsville,PhD,Lead,20,AI Engineer,Healthcare,Scala,Medium,Remote,"TensorFlow, Power BI, NumPy",TensorFlow Developer,97253.0,55,5.6,Yes
559,39,Other,Brazil,Cartermouth,Bachelors,Lead,18,Data Analyst,SaaS,Python,Medium,Remote,"Spark, Excel, Power BI",TensorFlow Developer,97512.0,31,9.3,Yes
560,26,Female,Canada,North Karen,PhD,Entry,0,Data Scientist,Gaming,SQL,Medium,Remote,"SQL, PyTorch, Tableau",None,46896.0,55,4.7,No
561,54,Female,Brazil,Ericborough,Bachelors,Senior,10,AI Engineer,Retail,Python,Medium,Hybrid,"Power BI, Python, PyTorch",IBM Data Science,62617.0,31,7.2,Yes
562,30,Male,Canada,Valdezton,PhD,Mid,4,Data Analyst,E-commerce,SQL,Small,Onsite,"Python, TensorFlow, Tableau",Microsoft Power BI,38213.0,47,9.6,No
563,42,Other,Canada,North Melanie,Masters,Mid,5,AI Engineer,Gaming,Python,Small,Remote,"Tableau, TensorFlow, NumPy",Azure Data Engineer,,46,8.7,Yes
564,24,Female,India,Jamesborough,PhD,Entry,0,AI Engineer,Gaming,R,Large,Onsite,"SQL, Tableau, Spark",AWS Certified,29674.0,53,9.6,No
565,41,Other,Australia,Lake Brandon,PhD,Mid,4,Business Analyst,EdTech,R,Small,Remote,"Excel, NumPy, PyTorch",Microsoft Power BI,41104.0,36,7.8,Yes
566,55,Other,USA,Lake Leefort,Masters,Senior,10,Business Analyst,Consulting,Scala,Large,Remote,"TensorFlow, Tableau, Excel",Microsoft Power BI,90807.0,34,7.4,No
567,33,Other,USA,Castillofurt,Masters,Lead,18,Data Engineer,Retail,Python,Large,Hybrid,"PyTorch, TensorFlow, Power BI",Google Data Analytics,154378.0,59,8.6,No
568,45,Male,Germany,Lisamouth,PhD,Lead,16,AI Engineer,Finance,Scala,Medium,Hybrid,"Spark, Power BI, TensorFlow",Google Data Analytics,124065.0,31,7.3,No
569,46,Male,India,New Davidmouth,Bachelors,Lead,11,BI Analyst,Retail,R,Small,Onsite,"TensorFlow, NumPy, Spark",Google Data Analytics,38038.0,44,10.0,Yes
570,47,Other,Canada,Lake Gina,PhD,Senior,6,BI Analyst,SaaS,R,Large,Remote,"SQL, Spark, Power BI",Microsoft Power BI,64836.0,31,5.1,Yes
571,31,Male,UK,Kaitlynstad,Bachelors,Lead,17,AI Engineer,Healthcare,R,Small,Remote,"NumPy, PyTorch, Pandas",Google Data Analytics,95424.0,60,4.1,No
572,40,Female,Australia,New Tanya,Bachelors,Senior,10,BI Analyst,Retail,Python,Large,Onsite,"PyTorch, Spark, SQL",Azure Data Engineer,64773.0,35,8.6,No
573,54,Other,India,South Angelaview,Masters,Mid,4,AI Engineer,EdTech,Python,Small,Hybrid,"Excel, Spark, Python",None,28688.0,47,9.1,Yes
574,55,Other,Poland,North Kathleenmouth,PhD,Senior,7,Data Scientist,Retail,Julia,Medium,Remote,"SQL, Excel, TensorFlow",Azure Data Engineer,51970.0,46,5.9,Yes
575,48,Male,India,North Spencermouth,Masters,Lead,12,Data Analyst,EdTech,Scala,Large,Remote,"NumPy, Tableau, Excel",Google Data Analytics,55034.0,30,8.9,No
576,28,Other,UK,Douglasside,Masters,Lead,12,AI Engineer,E-commerce,Julia,Large,Remote,"PyTorch, Excel, Tableau",Google Data Analytics,102171.0,33,9.2,No
577,29,Other,Australia,Hickmanberg,Bachelors,Lead,12,Analytics Engineer,Finance,Julia,Large,Onsite,"Spark, TensorFlow, Tableau",Azure Data Engineer,95267.0,50,7.9,Yes
578,54,Male,Canada,Lake Kennethside,Bachelors,Mid,4,Data Scntist,Consulting,Scala,Small,Hybrid,"Excel, NumPy, Spark",IBM Data Science,43032.0,42,6.1,No
579,52,Male,India,North Rogerville,Masters,Lead,14,Data Scientist,Finance,SQL,Medium,Onsite,"NumPy, Spark, Tableau",TensorFlow Developer,84609.0,60,9.5,No
580,27,Male,Brazil,East Ana,Masters,Senior,10,Data Analyst,SaaS,R,Large,Remote,"Pandas, Tableau, PyTorch",None,61313.0,60,9.9,No
581,43,Female,Poland,Fisherville,PhD,Senior,9,Analytics Engineer,Consulting,Scala,Medium,Hybrid,"TensorFlow, Excel, SQL",Google Data Analytics,58956.0,47,8.2,No
582,39,Male,Poland,Aguilarville,PhD,Lead,17,BI Analyst,E-commerce,SQL,Medium,Remote,"SQL, Excel, Python",None,81010.0,45,4.6,Yes
583,33,Male,Australia,New Marcusside,Masters,Mid,4,AI Engineer,Retail,Julia,Large,Remote,"Tableau, TensorFlow, Excel",Azure Data Engineer,74432.0,50,4.5,No
584,34,Female,Australia,South Courtney,Masters,Mid,3,Data Scientist,Gaming,Scala,Small,Hybrid,"Python, Excel, NumPy",Microsoft Power BI,43455.0,33,9.1,No
585,33,Female,USA,Haroldmouth,Bachelors,Mid,4,Data Analyst,E-commerce,Julia,Small,Onsite,"SQL, Power BI, NumPy",Google Data Analytics,37563.0,33,6.9,Yes
586,27,Male,India,New Bradley,PhD,Mid,3,BI Analyst,Consulting,Python,Large,Onsite,"Tableau, SQL, TensorFlow",Google Data Analytics,27425.0,30,9.6,No
587,25,Other,Australia,South Haley,PhD,Lead,12,Data Scntist,Gaming,Python,Large,Remote,"Pandas, Tableau, SQL",Microsoft Power BI,104311.0,37,7.2,Yes
588,24,Female,Poland,East Emilyfurt,Bachelors,Entry,0,Machine Learning Engineer,EdTech,R,Medium,Onsite,"SQL, Pandas, Excel",None,21636.0,58,4.8,Yes
589,25,Male,UK,Port Karenside,Masters,Senior,9,AI Engineer,Finance,R,Small,Remote,"Power BI, Python, SQL",AWS Certified,76484.0,45,4.7,Yes
590,47,Female,UK,New Matthewport,PhD,Senior,8,Machine Learning Engineer,EdTech,Scala,Small,Onsite,"Pandas, Power BI, Python",IBM Data Science,69951.0,48,7.8,Yes
591,37,Male,USA,Whiteshire,Masters,Lead,11,Data Scientist,Gaming,Python,Medium,Hybrid,"PyTorch, SQL, NumPy",Azure Data Engineer,90570.0,33,8.1,Yes
592,46,Female,Canada,Port Julie,PhD,Lead,16,Data Analyst,Gaming,SQL,Large,Remote,"NumPy, Power BI, Tableau",Google Data Analytics,93198.0,38,9.4,No
593,43,Other,USA,Littlefurt,Masters,Lead,19,AI Engineer,E-commerce,Julia,Large,Onsite,"Excel, TensorFlow, SQL",Google Data Analytics,139372.0,37,7.1,No
594,23,Other,UK,Englishbury,Bachelors,Lead,18,Analytics Engineer,Gaming,Python,Medium,Hybrid,"Spark, TensorFlow, Power BI",IBM Data Science,68678.0,34,8.8,Yes
595,47,Other,Canada,Port Michaelport,PhD,Senior,10,Data Engineer,Healthcare,SQL,Medium,Hybrid,"Pandas, Power BI, Excel",TensorFlow Developer,76219.0,49,6.8,No
596,36,Female,UK,Smithburgh,Masters,Senior,9,Analytics Engineer,Retail,Julia,Large,Remote,"Python, Pandas, NumPy",Microsoft Power BI,,53,4.9,No
597,33,Female,Brazil,Marieborough,PhD,Senior,10,Data Scntist,E-commerce,Python,Medium,Remote,"Power BI, PyTorch, TensorFlow",None,55946.0,57,6.2,No
598,24,Female,Poland,Watsonview,PhD,Lead,17,Data Scientist,SaaS,Scala,Small,Remote,"NumPy, TensorFlow, Spark",AWS Certified,66589.0,41,6.6,No
599,33,Male,India,Nancychester,Bachelors,Senior,7,Analytics Engineer,Healthcare,Python,Medium,Remote,"Excel, NumPy, Tableau",Microsoft Power BI,45107.0,54,8.3,Yes
600,44,Female,Poland,Deniseshire,PhD,Senior,9,Business Analyst,Finance,R,Medium,Hybrid,"SQL, Spark, PyTorch",Google Data Analytics,50199.0,45,9.0,No
601,55,Other,India,West Davidtown,PhD,Lead,19,Data Scientist,Healthcare,Scala,Large,Remote,"Spark, TensorFlow, Power BI",Azure Data Engineer,99966.0,35,4.6,No
602,29,Female,India,Hurstbury,Masters,Lead,13,Machine Learning Engineer,EdTech,Scala,Small,Onsite,"SQL, Python, NumPy",IBM Data Science,64451.0,49,9.1,Yes
603,46,Male,India,Hernandezburgh,Masters,Entry,2,Business Analyst,E-commerce,Julia,Large,Onsite,"Tableau, PyTorch, Python",Google Data Analytics,19923.0,46,7.6,Yes
604,52,Other,India,Christopherchester,Bachelors,Mid,5,BI Analyst,EdTech,Julia,Small,Hybrid,"Tableau, SQL, NumPy",None,25009.0,54,4.1,Yes
605,28,Male,Brazil,Lake Feliciaberg,PhD,Mid,3,Data Engineer,Consulting,SQL,Large,Remote,"SQL, Spark, Tableau",Google Data Analytics,38224.0,33,7.1,No
606,45,Female,Poland,Port Brianport,Masters,Entry,1,Analytics Engineer,SaaS,Scala,Medium,Onsite,"SQL, Tableau, Excel",Microsoft Power BI,26740.0,57,9.4,Yes
607,38,Male,India,New Tina,PhD,Entry,1,AI Engineer,Finance,Julia,Medium,Remote,"TensorFlow, Excel, Tableau",Microsoft Power BI,33394.0,45,7.3,Yes
608,23,Male,Canada,South Brianport,Masters,Lead,16,Analytics Engineer,Gaming,SQL,Small,Remote,"SQL, Pandas, Power BI",Microsoft Power BI,110886.0,40,5.3,Yes
609,37,Female,India,Port Shannonchester,PhD,Lead,18,Business Analyst,SaaS,Scala,Small,Onsite,"NumPy, Tableau, Spark",None,91830.0,37,7.3,No
610,23,Female,Poland,West John,PhD,Mid,5,Data Engineer,E-commerce,SQL,Large,Onsite,"Pandas, Python, Tableau",IBM Data Science,52568.0,57,9.4,Yes
611,41,Male,India,North Juliachester,PhD,Lead,17,Business Analyst,SaaS,Python,Large,Hybrid,"TensorFlow, SQL, Pandas",None,78821.0,42,7.7,Yes
612,31,Female,USA,North Ryanport,Masters,Lead,11,Data Analyst,EdTech,SQL,Large,Remote,"Power BI, Excel, Tableau",None,100978.0,60,9.2,No
613,48,Female,USA,New Stephanie,Bachelors,Lead,16,Data Engineer,Retail,Julia,Medium,Onsite,"Tableau, Excel, Python",TensorFlow Developer,114315.0,32,4.0,No
614,41,Female,USA,North Timothyhaven,Masters,Senior,6,Business Analyst,SaaS,SQL,Medium,Onsite,"Excel, Python, Tableau",IBM Data Science,65246.0,42,4.9,No
615,27,Male,Poland,New Kirkville,PhD,Entry,2,BI Analyst,SaaS,SQL,Large,Onsite,"Power BI, NumPy, SQL",AWS Certified,30528.0,45,6.2,Yes
616,30,Female,Australia,New Glenn,PhD,Lead,20,Data Engineer,Retail,Scala,Medium,Hybrid,"Pandas, PyTorch, Excel",None,116717.0,50,9.3,Yes
617,48,Other,Brazil,Amymouth,PhD,Mid,3,Business Analyst,Healthcare,Julia,Large,Hybrid,"SQL, Excel, TensorFlow",TensorFlow Developer,33731.0,46,9.4,No
618,31,Other,India,Anthonyhaven,Masters,Lead,13,Data Analyst,E-commerce,R,Medium,Remote,"Power BI, Tableau, TensorFlow",Microsoft Power BI,49365.0,54,7.1,No
619,36,Female,UK,Ryanville,Masters,Lead,12,Machine Learning Engineer,SaaS,Python,Small,Hybrid,"Power BI, TensorFlow, Pandas",IBM Data Science,74574.0,32,8.2,No
620,55,Male,Australia,Catherinechester,Masters,Entry,0,Data Scientist,EdTech,Julia,Small,Hybrid,"Excel, Pandas, Spark",Google Data Analytics,33558.0,45,5.4,Yes
621,36,Other,Australia,Kennedyland,Masters,Entry,1,BI Analyst,Consulting,Python,Medium,Hybrid,"Python, TensorFlow, Pandas",IBM Data Science,34491.0,41,7.6,Yes
622,53,Other,Brazil,North Sharonbury,Bachelors,Lead,20,Data Engineer,EdTech,Python,Small,Remote,"SQL, Tableau, Excel",Azure Data Engineer,86212.0,60,7.7,No
623,42,Other,UK,East Bobby,Masters,Senior,8,BI Analyst,Retail,R,Medium,Remote,"Python, Excel, TensorFlow",Microsoft Power BI,55309.0,59,5.3,Yes
624,55,Male,UK,New Krystal,PhD,Mid,4,BI Analyst,Healthcare,Julia,Medium,Hybrid,"TensorFlow, Power BI, Tableau",AWS Certified,50753.0,60,8.8,Yes
625,32,Female,USA,Karenchester,Masters,Senior,9,Analytics Engineer,EdTech,Scala,Large,Hybrid,"SQL, Python, Pandas",Google Data Analytics,93524.0,33,9.1,Yes
626,29,Male,Australia,Timothyshire,PhD,Lead,11,Analytics Engineer,SaaS,R,Medium,Onsite,"Power BI, Excel, Tableau",None,91891.0,43,8.9,Yes
627,32,Female,Poland,South Cristian,Bachelors,Entry,0,Data Engineer,EdTech,R,Large,Hybrid,"PyTorch, Pandas, SQL",Microsoft Power BI,28466.0,53,10.0,No
628,43,Male,Germany,Graceport,Masters,Entry,2,Data Engineer,Healthcare,Scala,Large,Hybrid,"Tableau, Pandas, NumPy",AWS Certified,52963.0,54,5.1,No
629,45,Male,Poland,West Todd,Bachelors,Lead,17,Analytics Engineer,Healthcare,Python,Medium,Onsite,"PyTorch, TensorFlow, Excel",TensorFlow Developer,103190.0,47,5.4,Yes
630,38,Female,Brazil,Fergusonhaven,Bachelors,Senior,9,Data Analyst,Consulting,R,Large,Hybrid,"Power BI, Excel, Spark",IBM Data Science,56141.0,40,6.0,No
631,54,Male,Brazil,Christophermouth,Masters,Lead,18,BI Analyst,E-commerce,Scala,Small,Hybrid,"Tableau, SQL, Spark",Google Data Analytics,49460.0,59,9.8,Yes
632,33,Other,India,Douglaston,Bachelors,Lead,17,AI Engineer,Consulting,Python,Medium,Remote,"PyTorch, NumPy, Tableau",AWS Certified,69796.0,54,5.3,No
633,45,Male,Brazil,New Ruthhaven,PhD,Mid,4,Business Analyst,E-commerce,Scala,Small,Hybrid,"SQL, PyTorch, Pandas",TensorFlow Developer,29950.0,30,8.4,No
634,44,Other,Australia,Bryanville,Bachelors,Lead,20,Data Scientist,Consulting,Python,Medium,Hybrid,"TensorFlow, NumPy, Python",IBM Data Science,126244.0,31,7.8,Yes
635,27,Female,India,Juarezborough,Bachelors,Lead,18,BI Analyst,Healthcare,SQL,Large,Hybrid,"TensorFlow, Spark, NumPy",None,84238.0,38,7.4,No
636,53,Other,USA,Nicoleville,PhD,Entry,0,Data Analyst,Consulting,Julia,Small,Hybrid,"Power BI, SQL, Tableau",None,32538.0,33,9.6,Yes
637,34,Other,USA,East Maryborough,Masters,Lead,20,AI Engineer,Consulting,R,Medium,Remote,"Excel, TensorFlow, Power BI",AWS Certified,152020.0,42,5.2,No
638,55,Other,Brazil,West Jacobchester,Masters,Senior,7,Business Analyst,Retail,Python,Small,Onsite,"Tableau, TensorFlow, Pandas",IBM Data Science,32129.0,57,4.9,No
639,41,Male,Canada,Ashleyborough,Masters,Lead,20,Data Scientist,Consulting,Python,Medium,Hybrid,"Python, NumPy, Power BI",None,119151.0,39,9.0,No
640,35,Other,Canada,Devonberg,PhD,Mid,5,Data Engineer,E-commerce,R,Small,Remote,"Python, Pandas, Power BI",IBM Data Science,64165.0,38,8.9,Yes
641,49,Female,India,North Ryan,Bachelors,Lead,19,Data Scientist,Finance,SQL,Large,Onsite,"Spark, Power BI, NumPy",Microsoft Power BI,104585.0,56,4.8,No
642,48,Female,Germany,West Mariah,PhD,Lead,16,AI Engineer,SaaS,Julia,Large,Onsite,"Power BI, Tableau, Python",TensorFlow Developer,141080.0,49,6.6,Yes
643,52,Other,Poland,Port Kelly,Masters,Lead,18,Data Scientist,Gaming,SQL,Small,Hybrid,"Excel, Python, NumPy",TensorFlow Developer,81647.0,47,4.8,No
644,30,Other,India,Andreaport,Masters,Senior,9,Data Scientist,Consulting,SQL,Medium,Hybrid,"Excel, Spark, NumPy",Google Data Analytics,40982.0,36,9.4,Yes
645,41,Female,UK,West Dalemouth,Masters,Entry,1,AI Engineer,Healthcare,SQL,Medium,Hybrid,"NumPy, TensorFlow, Spark",None,50714.0,53,5.5,No
646,29,Other,Canada,Davidview,Masters,Lead,19,Data Scientist,Finance,Julia,Medium,Remote,"TensorFlow, NumPy, PyTorch",AWS Certified,137226.0,59,8.6,No
647,55,Male,Brazil,Fordton,PhD,Senior,6,Analytics Engineer,Retail,R,Medium,Remote,"SQL, PyTorch, Excel",IBM Data Science,35166.0,59,10.0,No
648,47,Female,Australia,Hamptonside,Masters,Lead,12,Data Scientist,Finance,SQL,Small,Onsite,"TensorFlow, NumPy, Tableau",Microsoft Power BI,69862.0,45,4.9,Yes
649,36,Female,Poland,Stewartburgh,Masters,Lead,17,Data Analyst,Retail,SQL,Small,Hybrid,"PyTorch, Spark, Excel",Microsoft Power BI,50890.0,49,6.6,Yes
650,52,Female,Poland,North Joshuaville,Masters,Entry,1,Machine Learning Engineer,EdTech,R,Large,Hybrid,"NumPy, Power BI, Tableau",Azure Data Engineer,36464.0,56,8.2,No
651,24,Female,Australia,Vanceton,Masters,Lead,14,AI Engineer,Retail,R,Medium,Hybrid,"Python, Pandas, TensorFlow",None,84599.0,31,4.3,Yes
652,34,Female,Brazil,Andrewstown,Masters,Lead,18,Analytics Engineer,Gaming,Scala,Large,Hybrid,"Tableau, Spark, Power BI",IBM Data Science,69719.0,53,8.8,Yes
653,39,Male,Canada,Grayberg,Masters,Entry,2,Data Scientist,Retail,Python,Large,Remote,"Spark, Power BI, NumPy",Microsoft Power BI,56529.0,56,7.0,No
654,53,Male,Australia,Bethfurt,Masters,Senior,10,Data Scntist,Healthcare,R,Large,Hybrid,"PyTorch, NumPy, Spark",Microsoft Power BI,98132.0,41,6.5,No
655,26,Female,USA,West Alexander,Bachelors,Lead,18,AI Engineer,E-commerce,Scala,Large,Remote,"Spark, PyTorch, Tableau",Microsoft Power BI,147801.0,36,6.0,No
656,48,Male,Australia,Joshuaside,PhD,Lead,20,AI Engineer,Retail,SQL,Medium,Hybrid,"TensorFlow, NumPy, Spark",Google Data Analytics,149633.0,48,8.8,No
657,26,Other,Brazil,Jonesfurt,PhD,Lead,12,Business Analyst,E-commerce,R,Medium,Hybrid,"NumPy, Tableau, SQL",AWS Certified,46546.0,44,8.4,Yes
658,35,Other,India,South Davidborough,PhD,Senior,8,Analytics Engineer,Healthcare,Python,Medium,Hybrid,"Power BI, TensorFlow, PyTorch",TensorFlow Developer,48007.0,33,5.4,No
659,29,Other,Poland,Madisonchester,PhD,Lead,12,BI Analyst,Healthcare,Scala,Medium,Remote,"Python, SQL, TensorFlow",IBM Data Science,68224.0,52,7.2,No
660,55,Male,Brazil,Lake Terrimouth,PhD,Lead,19,AI Engineer,Healthcare,Python,Medium,Remote,"Spark, Excel, Power BI",AWS Certified,123058.0,58,8.2,Yes
661,49,Female,USA,New Barbara,Bachelors,Senior,7,Machine Learning Engineer,SaaS,Scala,Small,Hybrid,"TensorFlow, Tableau, Power BI",TensorFlow Developer,70434.0,60,9.0,Yes
662,47,Other,Poland,Rogersfort,PhD,Lead,12,Analytics Engineer,Finance,Python,Small,Onsite,"Tableau, NumPy, TensorFlow",Microsoft Power BI,47976.0,39,4.9,Yes
663,24,Other,Canada,New Justinland,PhD,Lead,19,BI Analyst,E-commerce,Python,Medium,Hybrid,"Spark, NumPy, PyTorch",Azure Data Engineer,99592.0,45,4.2,Yes
664,54,Female,UK,Mariahmouth,PhD,Lead,19,BI Analyst,SaaS,SQL,Small,Remote,"Spark, Tableau, Pandas",AWS Certified,84877.0,51,8.7,No
665,47,Other,Brazil,Port Stacyfort,Masters,Senior,9,AI Engineer,Gaming,Scala,Small,Hybrid,"Tableau, SQL, Excel",TensorFlow Developer,38838.0,30,6.0,No
666,36,Male,Germany,New Michael,Masters,Lead,11,Data Engineer,Consulting,Python,Medium,Onsite,"NumPy, TensorFlow, Tableau",AWS Certified,78630.0,34,8.8,Yes
667,43,Male,India,New Daniel,PhD,Lead,20,BI Analyst,SaaS,Scala,Small,Remote,"Spark, Python, Tableau",TensorFlow Developer,57206.0,60,8.2,Yes
668,25,Female,Brazil,East Nicole,Masters,Senior,7,Business Analyst,EdTech,Scala,Large,Remote,"SQL, Spark, Excel",IBM Data Science,41298.0,47,8.5,Yes
669,48,Female,Canada,North Kaitlyn,Bachelors,Mid,3,BI Analyst,Consulting,Python,Medium,Remote,"PyTorch, Power BI, Pandas",None,42664.0,30,9.3,Yes
670,27,Female,USA,North Sydneyfurt,Bachelors,Lead,17,Data Analyst,EdTech,R,Small,Hybrid,"Excel, Tableau, Python",AWS Certified,107572.0,54,9.3,Yes
671,23,Other,UK,Cardenasville,Masters,Senior,9,Machine Learning Engineer,SaaS,SQL,Small,Hybrid,"Tableau, Excel, SQL",AWS Certified,72890.0,54,5.6,Yes
672,41,Female,USA,North Sharonmouth,Bachelors,Entry,1,Data Scientist,E-commerce,Python,Small,Remote,"SQL, NumPy, Tableau",Google Data Analytics,40625.0,46,6.7,No
673,24,Female,Poland,East Darlene,Bachelors,Lead,16,Data Scientist,E-commerce,Julia,Small,Hybrid,"PyTorch, TensorFlow, NumPy",IBM Data Science,54351.0,36,7.8,Yes
674,31,Other,Germany,South Christinafurt,Masters,Lead,17,Data Engineer,E-commerce,Julia,Large,Remote,"Excel, Python, PyTorch",IBM Data Science,120245.0,60,5.9,No
675,33,Other,UK,Debraville,Bachelors,Lead,17,Machine Learning Engineer,EdTech,SQL,Medium,Remote,"Spark, PyTorch, TensorFlow",Google Data Analytics,78970.0,54,8.0,Yes
676,43,Male,Poland,Torresfort,Bachelors,Lead,20,Business Analyst,SaaS,R,Large,Remote,"Python, Spark, Tableau",IBM Data Science,94314.0,43,9.1,No
677,28,Other,USA,Griffithchester,PhD,Entry,1,BI Analyst,Finance,R,Large,Remote,"NumPy, Tableau, TensorFlow",AWS Certified,60167.0,43,4.2,No
678,29,Other,Australia,Port Jimmystad,PhD,Entry,1,Data Scntist,Finance,Python,Small,Remote,"Excel, Spark, PyTorch",Microsoft Power BI,37157.0,43,9.9,Yes
679,50,Female,Brazil,Stevenport,PhD,Senior,9,Analytics Engineer,E-commerce,Julia,Large,Remote,"Tableau, Excel, NumPy",AWS Certified,59816.0,34,6.2,No
680,26,Other,India,West Danny,Masters,Lead,15,AI Engineer,Consulting,Scala,Large,Remote,"TensorFlow, Excel, Python",Google Data Analytics,76440.0,55,8.5,No
681,43,Female,Canada,West Zachary,Masters,Lead,12,Machine Learning Engineer,EdTech,Julia,Large,Onsite,"Python, PyTorch, TensorFlow",Microsoft Power BI,105881.0,44,6.4,No
682,25,Male,Canada,Port Ashleyfort,Masters,Lead,20,Data Engineer,Retail,Julia,Small,Hybrid,"Spark, Python, PyTorch",Azure Data Engineer,78207.0,32,4.8,Yes
683,35,Female,India,Nguyenmouth,Masters,Lead,13,Data Analyst,Gaming,Python,Medium,Hybrid,"Python, Power BI, Pandas",Azure Data Engineer,53870.0,44,7.4,Yes
684,53,Male,USA,Lake Christineview,Masters,Senior,8,Machine Learning Engineer,Retail,SQL,Large,Remote,"Excel, PyTorch, Tableau",TensorFlow Developer,103215.0,47,9.4,No
685,46,Female,Germany,Hamiltonmouth,Masters,Lead,13,Business Analyst,Gaming,Scala,Large,Remote,"Spark, Power BI, PyTorch",TensorFlow Developer,82382.0,46,9.8,Yes
686,37,Other,Canada,Port Adamfurt,Bachelors,Mid,5,Data Engineer,Finance,Python,Medium,Hybrid,"PyTorch, Pandas, Python",Azure Data Engineer,54651.0,45,7.8,No
687,55,Female,Poland,West Brittany,Masters,Lead,11,Machine Learning Engineer,SaaS,Scala,Small,Onsite,"Spark, Pandas, NumPy",AWS Certified,49255.0,32,4.7,Yes
688,28,Female,USA,New Katherine,Bachelors,Mid,4,AI Engineer,Consulting,R,Small,Remote,"Tableau, Excel, Python",Azure Data Engineer,61539.0,41,8.6,Yes
689,44,Female,India,Carrshire,PhD,Lead,19,Data Engineer,Gaming,R,Small,Onsite,"Power BI, NumPy, PyTorch",Microsoft Power BI,56352.0,52,7.9,Yes
690,48,Female,USA,Nicholasmouth,Bachelors,Lead,15,Business Analyst,EdTech,Python,Medium,Hybrid,"PyTorch, TensorFlow, Power BI",Azure Data Engineer,68266.0,55,4.9,No
691,30,Other,Australia,South Johnland,PhD,Senior,10,BI Analyst,Finance,Julia,Large,Remote,"TensorFlow, Excel, PyTorch",None,86084.0,60,8.5,No
692,52,Male,USA,Alexanderbury,Bachelors,Lead,20,Data Scientist,SaaS,Julia,Small,Onsite,"NumPy, Tableau, TensorFlow",TensorFlow Developer,116216.0,52,9.8,Yes
693,41,Other,Germany,Danielfurt,Bachelors,Mid,3,Business Analyst,Gaming,R,Large,Remote,"PyTorch, Tableau, Spark",IBM Data Science,44439.0,43,6.8,Yes
694,53,Female,India,West Justinbury,Bachelors,Lead,16,Analytics Engineer,EdTech,R,Medium,Onsite,"Excel, Spark, Tableau",IBM Data Science,59682.0,50,4.2,Yes
695,42,Male,Brazil,Welchshire,Bachelors,Senior,8,Data Analyst,Healthcare,Scala,Medium,Onsite,"Power BI, Pandas, Tableau",None,49065.0,32,7.4,No
696,51,Female,India,Weeksmouth,PhD,Senior,8,Machine Learning Engineer,Retail,Julia,Medium,Onsite,"TensorFlow, Power BI, Pandas",Google Data Analytics,55716.0,60,9.2,Yes
697,31,Other,Germany,Ellistown,Bachelors,Mid,3,Data Engineer,Gaming,Scala,Large,Onsite,"PyTorch, Excel, Power BI",IBM Data Science,56554.0,47,6.4,No
698,41,Other,Canada,East Joshuabury,PhD,Senior,10,AI Engineer,E-commerce,Scala,Medium,Onsite,"Tableau, TensorFlow, Excel",Azure Data Engineer,85791.0,59,8.5,Yes
699,31,Female,Brazil,Rebeccabury,Bachelors,Mid,4,Data Analyst,E-commerce,Julia,Large,Hybrid,"TensorFlow, Spark, Power BI",AWS Certified,27985.0,56,8.1,Yes
700,22,Female,USA,New Christinahaven,PhD,Senior,6,AI Engineer,Retail,Python,Large,Onsite,"PyTorch, Python, Spark",AWS Certified,108132.0,53,5.7,Yes
701,32,Female,Brazil,Floresland,Bachelors,Lead,12,Data Scientist,Healthcare,Scala,Medium,Onsite,"Excel, Pandas, Spark",Google Data Analytics,71870.0,60,5.2,No
702,32,Other,Canada,Loveberg,Bachelors,Mid,4,Data Analyst,Gaming,Julia,Medium,Hybrid,"Spark, Pandas, SQL",Microsoft Power BI,33203.0,52,9.1,Yes
703,32,Female,India,West Benjaminton,Masters,Lead,11,Data Engineer,Gaming,Scala,Small,Onsite,"Spark, TensorFlow, Power BI",AWS Certified,53994.0,35,6.9,Yes
704,45,Male,USA,East Laura,Masters,Lead,17,Machine Learning Engineer,Gaming,Julia,Medium,Hybrid,"SQL, PyTorch, Tableau",TensorFlow Developer,120545.0,30,9.8,No
705,22,Female,UK,West Lauren,PhD,Senior,7,Data Engineer,Healthcare,Julia,Large,Onsite,"Excel, Pandas, SQL",IBM Data Science,66769.0,55,8.6,No
706,27,Female,Australia,East Jonathanborough,Masters,Lead,18,Data Analyst,EdTech,R,Large,Remote,"SQL, Excel, Tableau",Azure Data Engineer,126706.0,36,8.1,No
707,47,Female,UK,Johnsonburgh,PhD,Senior,10,Business Analyst,E-commerce,Scala,Large,Remote,"Spark, Tableau, Power BI",AWS Certified,64153.0,36,6.4,No
708,24,Other,Germany,Jasonhaven,Bachelors,Lead,14,Data Scientist,EdTech,Julia,Medium,Onsite,"Power BI, SQL, Spark",None,59654.0,47,9.7,No
709,37,Male,Germany,Torresburgh,PhD,Senior,10,Machine Learning Engineer,SaaS,R,Large,Onsite,"Spark, Python, SQL",AWS Certified,104924.0,50,9.2,Yes
710,23,Male,USA,North Jamesburgh,Masters,Lead,20,Analytics Engineer,Retail,Julia,Small,Onsite,"PyTorch, Spark, NumPy",Azure Data Engineer,121170.0,41,4.8,Yes
711,37,Male,Poland,Port Derekberg,PhD,Senior,7,Data Engineer,SaaS,SQL,Medium,Onsite,"Spark, Tableau, Power BI",None,58611.0,40,9.5,No
712,29,Female,Brazil,Santiagoborough,Masters,Mid,5,Analytics Engineer,Healthcare,R,Medium,Hybrid,"SQL, Pandas, Power BI",AWS Certified,38014.0,52,6.6,No
713,35,Female,UK,Matthewhaven,Masters,Senior,8,Data Analyst,Healthcare,Julia,Large,Onsite,"SQL, NumPy, Excel",TensorFlow Developer,51051.0,35,9.2,No
714,35,Male,India,South Briantown,PhD,Senior,10,AI Engineer,Gaming,Julia,Large,Onsite,"SQL, PyTorch, Python",Microsoft Power BI,68092.0,59,8.5,Yes
715,52,Female,UK,Jamesside,Bachelors,Lead,19,Data Engineer,SaaS,Scala,Small,Remote,"TensorFlow, NumPy, Excel",IBM Data Science,94000.0,58,6.5,No
716,53,Female,Canada,Jacksonmouth,PhD,Lead,15,Machine Learning Engineer,Gaming,R,Large,Onsite,"Power BI, Spark, TensorFlow",None,113539.0,40,5.6,No
717,35,Male,Germany,Stevenmouth,Bachelors,Entry,0,Business Analyst,Gaming,R,Medium,Remote,"Pandas, Power BI, Python",Google Data Analytics,26423.0,39,4.9,Yes
718,39,Other,USA,Ericland,PhD,Senior,9,Machine Learning Engineer,EdTech,SQL,Large,Hybrid,"PyTorch, Power BI, Tableau",Microsoft Power BI,112978.0,37,9.3,Yes
719,26,Female,Canada,North James,Bachelors,Lead,15,Business Analyst,Consulting,Python,Small,Remote,"TensorFlow, NumPy, PyTorch",None,59849.0,31,7.7,No
720,29,Male,Canada,Angelicamouth,Bachelors,Mid,5,BI Analyst,SaaS,Python,Large,Remote,"NumPy, Spark, PyTorch",Azure Data Engineer,54415.0,39,8.2,No
721,53,Other,USA,North Sarahchester,Bachelors,Senior,8,Business Analyst,Gaming,Julia,Large,Onsite,"Power BI, Spark, Excel",None,65638.0,55,8.3,No
722,36,Other,UK,New Ashley,PhD,Lead,18,Analytics Engineer,Gaming,R,Large,Hybrid,"Tableau, Python, TensorFlow",Azure Data Engineer,,56,6.7,No
723,41,Female,UK,Suzannemouth,Bachelors,Lead,11,Analytics Engineer,Gaming,SQL,Medium,Remote,"PyTorch, SQL, Tableau",None,69922.0,35,6.3,Yes
724,54,Male,Poland,Nguyenfurt,PhD,Senior,10,Analytics Engineer,Gaming,Scala,Small,Remote,"SQL, Excel, Python",AWS Certified,49074.0,31,4.1,Yes
725,36,Other,Australia,East Ginaport,Masters,Senior,7,AI Engineer,Finance,Python,Large,Remote,"Tableau, Python, Pandas",IBM Data Science,84668.0,34,8.0,No
726,42,Male,India,Johnsonborough,Bachelors,Senior,8,Data Scientist,E-commerce,Julia,Medium,Onsite,"Pandas, PyTorch, Spark",IBM Data Science,52568.0,31,6.8,Yes
727,22,Male,USA,Richardfurt,Bachelors,Entry,0,Data Engineer,Gaming,Python,Small,Hybrid,"Pandas, Spark, NumPy",IBM Data Science,38508.0,54,9.1,Yes
728,47,Other,Canada,Rebeccachester,PhD,Entry,1,Data Scntist,Finance,R,Medium,Remote,"Python, Spark, PyTorch",AWS Certified,43930.0,48,4.9,No
729,32,Other,UK,North Christyfort,Masters,Senior,6,Data Analyst,EdTech,SQL,Small,Hybrid,"Excel, Pandas, NumPy",AWS Certified,33851.0,57,6.2,No
730,37,Other,Brazil,Dunlapshire,PhD,Mid,4,AI Engineer,Retail,R,Medium,Hybrid,"PyTorch, Spark, Power BI",Azure Data Engineer,335360.0,56,9.3,No
731,28,Other,Poland,Lake Emily,Bachelors,Senior,9,Data Engineer,Retail,SQL,Large,Onsite,"PyTorch, Python, Pandas",Azure Data Engineer,67056.0,52,4.8,Yes
732,25,Other,Australia,Brownton,Bachelors,Senior,8,Analytics Engineer,Retail,R,Small,Remote,"NumPy, Spark, Power BI",Microsoft Power BI,55729.0,31,7.6,No
733,51,Other,Australia,Boltonton,Masters,Mid,5,Machine Learning Engineer,Retail,R,Large,Hybrid,"Power BI, Spark, Excel",AWS Certified,63321.0,54,4.2,Yes
734,44,Female,India,South Danielle,Bachelors,Senior,10,AI Engineer,EdTech,Python,Small,Remote,"Spark, TensorFlow, SQL",IBM Data Science,56575.0,33,5.1,No
735,46,Other,USA,Lake Donaldshire,PhD,Lead,18,Data Scientist,EdTech,Python,Large,Onsite,"SQL, Pandas, Power BI",Azure Data Engineer,135774.0,54,7.0,Yes
736,25,Female,USA,New Brenda,Bachelors,Entry,1,Business Analyst,Finance,R,Medium,Hybrid,"Excel, Power BI, SQL",AWS Certified,33821.0,36,4.3,No
737,42,Male,Australia,Freemanside,Masters,Senior,10,Data Scientist,Healthcare,Python,Medium,Remote,"Power BI, SQL, Pandas",Azure Data Engineer,70636.0,46,6.6,Yes
738,40,Female,Germany,Christopherborough,PhD,Senior,6,AI Engineer,Retail,Julia,Small,Remote,"SQL, Power BI, Python",IBM Data Science,72895.0,51,4.8,Yes
739,37,Other,Canada,Port Williamshire,Bachelors,Lead,20,Data Engineer,SaaS,Julia,Medium,Onsite,"Excel, Python, Pandas",Google Data Analytics,85782.0,55,4.5,No
740,36,Female,India,East Yolanda,PhD,Lead,17,BI Analyst,Gaming,R,Medium,Remote,"NumPy, PyTorch, Excel",TensorFlow Developer,70855.0,39,4.0,No
741,47,Male,USA,Montgomeryport,Masters,Mid,4,Data Scientist,Retail,R,Small,Remote,"SQL, Pandas, Power BI",Microsoft Power BI,63728.0,33,4.3,No
742,36,Female,Germany,Palmerview,PhD,Entry,2,Analytics Engineer,Healthcare,Python,Medium,Hybrid,"Pandas, Python, Spark",Azure Data Engineer,49419.0,46,9.3,Yes
743,34,Male,Canada,West Nicole,Masters,Senior,9,AI Engineer,E-commerce,Julia,Small,Remote,"Pandas, PyTorch, NumPy",TensorFlow Developer,92617.0,42,5.0,Yes
744,29,Other,Canada,Lake Mary,PhD,Senior,8,Business Analyst,Gaming,Julia,Small,Remote,"Python, Tableau, Pandas",IBM Data Science,70000.0,50,4.3,No
745,22,Male,Poland,North Thomas,Masters,Entry,0,Analytics Engineer,Finance,R,Small,Remote,"Power BI, Spark, NumPy",AWS Certified,20834.0,41,7.6,No
746,52,Other,Germany,West Danielville,Bachelors,Mid,4,Data Analyst,Retail,Python,Small,Remote,"Tableau, Python, SQL",AWS Certified,43905.0,38,7.1,Yes
747,55,Female,Brazil,South Harold,Masters,Entry,0,Machine Learning Engineer,Retail,R,Small,Hybrid,"Spark, SQL, Tableau",AWS Certified,18146.0,35,5.0,No
748,31,Male,Poland,West Kevin,Masters,Lead,19,Data Scientist,Retail,Scala,Medium,Onsite,"Spark, Pandas, Python",IBM Data Science,80943.0,59,8.4,Yes
749,40,Male,Germany,Danaview,PhD,Lead,15,BI Analyst,SaaS,R,Small,Remote,"Spark, Power BI, Pandas",Microsoft Power BI,88544.0,60,6.8,No
750,39,Male,India,Port Robinland,Bachelors,Senior,8,AI Engineer,Healthcare,Julia,Large,Onsite,"NumPy, Tableau, Python",AWS Certified,48662.0,54,8.7,Yes
751,30,Other,Germany,Maciasville,Bachelors,Senior,9,AI Engineer,Retail,Python,Small,Remote,"NumPy, Python, Tableau",Google Data Analytics,69079.0,39,4.8,No
752,46,Male,USA,South Steven,Bachelors,Lead,14,Analytics Engineer,EdTech,Scala,Small,Hybrid,"Power BI, TensorFlow, SQL",Azure Data Engineer,62442.0,46,8.4,Yes
753,40,Male,Australia,North Lauren,Masters,Lead,19,Data Analyst,Consulting,Julia,Large,Remote,"PyTorch, Tableau, NumPy",Azure Data Engineer,119190.0,47,7.2,No
754,45,Male,USA,Pearsonmouth,PhD,Lead,16,Data Scientist,Consulting,SQL,Small,Onsite,"Python, PyTorch, Excel",Microsoft Power BI,96247.0,48,5.7,Yes
755,32,Other,Australia,South David,PhD,Lead,12,Data Analyst,SaaS,Python,Small,Remote,"Spark, Power BI, TensorFlow",AWS Certified,81128.0,48,4.4,No
756,34,Male,Poland,Sierraville,Masters,Lead,15,Data Analyst,Healthcare,Scala,Small,Remote,"Python, SQL, Pandas",Google Data Analytics,48885.0,37,4.0,Yes
757,29,Male,Brazil,Robertton,PhD,Lead,16,Data Scientist,Finance,Julia,Large,Onsite,"Spark, Excel, SQL",Microsoft Power BI,99332.0,51,9.2,No
758,46,Female,UK,West Joel,Bachelors,Senior,8,Data Scientist,Finance,Julia,Large,Remote,"SQL, Tableau, Excel",IBM Data Science,72706.0,35,5.4,No
759,25,Other,Brazil,Leeview,Bachelors,Senior,6,BI Analyst,SaaS,Scala,Medium,Remote,"Pandas, SQL, Excel",IBM Data Science,31734.0,56,6.9,Yes
760,24,Female,USA,East Bobby,PhD,Lead,19,Data Scientist,Consulting,Scala,Large,Hybrid,"Pandas, Python, Power BI",TensorFlow Developer,138549.0,49,8.3,Yes
761,50,Male,Australia,West Andrew,Bachelors,Lead,13,Machine Learning Engineer,E-commerce,Julia,Large,Onsite,"Power BI, Spark, Pandas",AWS Certified,104460.0,52,6.1,Yes
762,38,Other,Brazil,Margaretview,PhD,Entry,2,Data Scientist,Gaming,Scala,Small,Onsite,"SQL, Excel, PyTorch",Azure Data Engineer,26783.0,43,6.7,Yes
763,47,Other,Australia,Stevenston,Masters,Senior,10,Data Engineer,Healthcare,SQL,Large,Remote,"PyTorch, SQL, Tableau",AWS Certified,100789.0,51,8.8,Yes
764,45,Male,Canada,Vanessaport,Bachelors,Lead,11,BI Analyst,SaaS,SQL,Medium,Hybrid,"Excel, Power BI, PyTorch",Google Data Analytics,56356.0,32,9.5,Yes
765,24,Female,Australia,Morrisbury,Bachelors,Lead,13,Analytics Engineer,SaaS,Julia,Small,Remote,"Power BI, Spark, TensorFlow",Azure Data Engineer,87577.0,52,8.8,No
766,42,Female,UK,Castrobury,Bachelors,Senior,6,Data Analyst,Finance,SQL,Small,Onsite,"PyTorch, Excel, Spark",IBM Data Science,34646.0,33,9.4,No
767,53,Female,India,Nataliefort,Bachelors,Senior,10,Data Scientist,Retail,Scala,Small,Hybrid,"Excel, SQL, PyTorch",TensorFlow Developer,35464.0,40,7.5,No
768,50,Male,USA,Hamiltonchester,Masters,Entry,1,AI Engineer,Healthcare,Scala,Large,Remote,"Spark, Python, NumPy",Azure Data Engineer,89926.0,51,4.5,No
769,46,Other,Germany,Laurenberg,Bachelors,Entry,1,Data Scientist,Gaming,Julia,Small,Onsite,"Python, TensorFlow, Excel",Google Data Analytics,26173.0,35,7.4,Yes
770,38,Male,Australia,West Christina,Bachelors,Entry,2,Data Scientist,Consulting,SQL,Large,Onsite,"Power BI, Spark, NumPy",Google Data Analytics,48539.0,60,6.2,Yes
771,54,Male,Brazil,East Andrewview,Bachelors,Lead,18,Data Analyst,Retail,Python,Large,Hybrid,"Excel, Python, PyTorch",TensorFlow Developer,105655.0,53,6.4,Yes
772,55,Other,UK,Amandachester,PhD,Senior,6,Data Scientist,Healthcare,Python,Medium,Onsite,"Power BI, NumPy, PyTorch",Google Data Analytics,53496.0,53,4.3,No
773,50,Male,Canada,Jasminemouth,Masters,Lead,13,Data Scientist,Retail,Scala,Small,Onsite,"Pandas, Power BI, Excel",IBM Data Science,,33,8.1,No
774,26,Female,India,Lake Garyhaven,Bachelors,Lead,11,Data Analyst,E-commerce,Julia,Small,Hybrid,"PyTorch, TensorFlow, NumPy",Microsoft Power BI,38369.0,55,7.2,No
775,47,Male,Canada,West Laura,Masters,Entry,2,Machine Learning Engineer,Consulting,Scala,Large,Onsite,"Spark, Tableau, Pandas",Azure Data Engineer,63642.0,60,4.9,No
776,33,Female,UK,Brianshire,Masters,Senior,8,Data Engineer,Finance,Julia,Small,Remote,"Spark, Power BI, NumPy",Microsoft Power BI,70942.0,31,9.4,No
777,51,Male,India,Christopherbury,PhD,Entry,0,Data Scientist,SaaS,Scala,Large,Onsite,"SQL, Power BI, PyTorch",None,22550.0,53,6.6,No
778,41,Male,USA,Bakerville,Bachelors,Senior,6,Analytics Engineer,Healthcare,Scala,Small,Onsite,"TensorFlow, NumPy, Python",AWS Certified,56382.0,38,6.9,Yes
779,45,Male,Australia,South Nancy,PhD,Lead,16,Data Analyst,Healthcare,R,Small,Onsite,"SQL, Python, Power BI",TensorFlow Developer,99035.0,40,9.6,No
780,51,Male,Brazil,South Tyler,PhD,Lead,18,AI Engineer,SaaS,R,Medium,Remote,"NumPy, Power BI, PyTorch",None,121574.0,33,6.9,Yes
781,41,Other,Brazil,Andreastad,Bachelors,Senior,9,Data Engineer,Healthcare,Scala,Large,Hybrid,"TensorFlow, Pandas, Spark",AWS Certified,55379.0,33,6.7,Yes
782,26,Other,Brazil,Harrisonborough,PhD,Entry,1,Analytics Engineer,Consulting,Python,Medium,Remote,"Excel, TensorFlow, NumPy",None,30634.0,53,9.6,Yes
783,43,Male,Canada,North Mauricemouth,Bachelors,Entry,1,Business Analyst,EdTech,R,Medium,Remote,"NumPy, Python, TensorFlow",AWS Certified,35501.0,56,6.0,No
784,26,Male,Australia,Erinhaven,Masters,Entry,1,BI Analyst,Healthcare,Scala,Medium,Onsite,"Pandas, Python, PyTorch",TensorFlow Developer,30678.0,49,8.9,Yes
785,38,Female,Germany,Grayfurt,Masters,Lead,13,AI Engineer,E-commerce,Scala,Small,Onsite,"NumPy, TensorFlow, Excel",Microsoft Power BI,93906.0,59,8.2,No
786,26,Female,India,Garrisonview,Bachelors,Lead,14,AI Engineer,E-commerce,SQL,Large,Onsite,"Pandas, NumPy, Power BI",IBM Data Science,56773.0,41,8.6,No
787,48,Other,India,New Rhonda,Bachelors,Mid,5,Business Analyst,Healthcare,Scala,Medium,Onsite,"NumPy, Python, Power BI",AWS Certified,20189.0,34,5.3,No
788,34,Male,Brazil,Wongborough,Bachelors,Lead,19,AI Engineer,Healthcare,Julia,Medium,Onsite,"TensorFlow, PyTorch, SQL",Azure Data Engineer,89227.0,58,9.9,Yes
789,42,Male,Australia,Port Stevenside,Bachelors,Senior,9,Business Analyst,Retail,Scala,Small,Hybrid,"Python, Pandas, TensorFlow",None,41013.0,46,7.0,No
790,44,Female,Brazil,Prattborough,PhD,Lead,19,Analytics Engineer,Gaming,Python,Small,Remote,"Power BI, Python, PyTorch",None,70529.0,36,7.2,No
791,39,Other,UK,Kellytown,Bachelors,Entry,0,Data Scntist,Finance,Julia,Medium,Remote,"Python, PyTorch, SQL",Microsoft Power BI,24022.0,43,9.4,No
792,33,Male,Germany,Markton,PhD,Mid,3,Analytics Engineer,Finance,Scala,Small,Remote,"Power BI, TensorFlow, Excel",Google Data Analytics,45208.0,40,5.8,Yes
793,39,Other,Poland,New Martin,PhD,Lead,19,Business Analyst,EdTech,Python,Small,Onsite,"TensorFlow, Tableau, Spark",Microsoft Power BI,83826.0,49,4.4,No
794,29,Female,Brazil,Woodborough,PhD,Lead,12,Data Scientist,Healthcare,Scala,Small,Remote,"Excel, TensorFlow, Spark",IBM Data Science,67454.0,42,8.5,Yes
795,47,Female,UK,Hunterton,Masters,Entry,1,Data Scientist,EdTech,Scala,Small,Remote,"SQL, Python, PyTorch",Azure Data Engineer,37458.0,60,7.5,Yes
796,44,Other,Brazil,East Adam,Masters,Lead,20,Data Scientist,Retail,SQL,Small,Hybrid,"SQL, Tableau, PyTorch",None,,40,4.2,Yes
797,44,Other,Brazil,North Ashley,PhD,Mid,4,Data Engineer,SaaS,Scala,Large,Onsite,"Power BI, TensorFlow, Excel",None,36624.0,45,5.1,No
798,34,Male,Poland,Melissaborough,Masters,Lead,11,Machine Learning Engineer,E-commerce,Python,Small,Remote,"Power BI, PyTorch, TensorFlow",Azure Data Engineer,,30,4.3,Yes
799,35,Female,Brazil,Samanthaside,PhD,Lead,11,Data Scntist,Healthcare,Python,Large,Hybrid,"Power BI, TensorFlow, Tableau",Microsoft Power BI,62749.0,53,4.9,Yes
800,50,Female,India,Kimside,Bachelors,Entry,0,Business Analyst,EdTech,Python,Small,Onsite,"Tableau, TensorFlow, Python",Google Data Analytics,9018.0,51,8.3,Yes
801,22,Other,Germany,Lake Jesseside,PhD,Mid,5,BI Analyst,Consulting,R,Large,Remote,"Pandas, SQL, Tableau",IBM Data Science,58545.0,44,9.1,No
802,45,Female,Australia,Gardnerland,Masters,Lead,19,Analytics Engineer,Consulting,R,Medium,Remote,"NumPy, Excel, Tableau",IBM Data Science,84606.0,38,5.8,No
803,27,Other,India,Calderonton,Masters,Lead,16,Data Analyst,SaaS,Python,Medium,Hybrid,"TensorFlow, Python, Power BI",IBM Data Science,67505.0,47,7.8,No
804,47,Male,Brazil,New James,PhD,Entry,2,Data Analyst,E-commerce,Scala,Medium,Hybrid,"NumPy, Excel, TensorFlow",Microsoft Power BI,20549.0,42,4.0,Yes
805,52,Female,Germany,Kleinmouth,Bachelors,Entry,0,Data Scientist,Healthcare,R,Large,Onsite,"Python, TensorFlow, Tableau",AWS Certified,37741.0,44,7.3,No
806,50,Male,Poland,Port Jesseville,Masters,Senior,9,Machine Learning Engineer,EdTech,Python,Small,Remote,"Power BI, SQL, Pandas",AWS Certified,69952.0,31,8.4,No
807,47,Other,Australia,South Jennifer,Bachelors,Senior,8,BI Analyst,Retail,Julia,Small,Hybrid,"Excel, SQL, PyTorch",Azure Data Engineer,48520.0,50,4.2,No
808,39,Female,Australia,Lake Timothy,PhD,Lead,17,Data Analyst,Consulting,Julia,Medium,Onsite,"Excel, NumPy, Pandas",AWS Certified,102566.0,42,5.6,No
809,34,Male,USA,South Michaelberg,PhD,Mid,5,Machine Learning Engineer,Finance,Python,Small,Hybrid,"SQL, PyTorch, Tableau",Azure Data Engineer,78379.0,31,5.9,Yes
810,51,Male,USA,Lake Brian,Masters,Lead,18,BI Analyst,Gaming,Python,Medium,Onsite,"NumPy, PyTorch, TensorFlow",Azure Data Engineer,96021.0,55,6.9,No
811,35,Other,India,South Samantha,Masters,Mid,5,Business Analyst,Finance,Julia,Medium,Hybrid,"Tableau, Excel, NumPy",Microsoft Power BI,30417.0,36,5.1,No
812,44,Other,USA,Noahchester,Bachelors,Lead,18,Data Engineer,Consulting,Julia,Large,Onsite,"Tableau, Python, NumPy",Microsoft Power BI,134451.0,34,5.8,Yes
813,48,Female,Brazil,Johnsonside,PhD,Lead,11,Business Analyst,Gaming,R,Large,Remote,"Spark, SQL, Power BI",TensorFlow Developer,75214.0,55,5.4,Yes
814,48,Other,Brazil,Port Gina,PhD,Lead,16,Analytics Engineer,Gaming,Python,Medium,Hybrid,"Tableau, Python, Spark",None,59487.0,58,9.7,Yes
815,37,Female,Germany,Lopezstad,PhD,Senior,9,Analytics Engineer,Gaming,Julia,Large,Onsite,"Pandas, Spark, SQL",None,79502.0,59,5.0,Yes
816,42,Female,India,Richardsonland,Masters,Senior,6,Analytics Engineer,Finance,Julia,Large,Remote,"Tableau, Power BI, Excel",Microsoft Power BI,51252.0,45,4.3,No
817,24,Male,Brazil,Dannybury,Bachelors,Mid,5,Data Analyst,Gaming,SQL,Large,Onsite,"Pandas, Excel, Tableau",Microsoft Power BI,30745.0,46,5.4,No
818,29,Other,India,Hollandshire,Masters,Lead,11,Data Engineer,Gaming,Python,Large,Remote,"TensorFlow, Python, Excel",None,73859.0,30,5.5,No
819,55,Male,Canada,South Michaeltown,Bachelors,Senior,7,Data Engineer,E-commerce,Julia,Small,Onsite,"PyTorch, Pandas, Power BI",Google Data Analytics,52022.0,32,9.8,Yes
820,30,Male,Poland,Lake Matthewborough,PhD,Entry,0,Analytics Engineer,E-commerce,R,Large,Onsite,"NumPy, Pandas, Python",None,,44,5.0,No
821,42,Female,Poland,Port Christopherview,Masters,Lead,19,Analytics Engineer,SaaS,Scala,Small,Onsite,"Python, Pandas, SQL",IBM Data Science,57802.0,56,8.7,No
822,50,Other,Germany,West Todd,Masters,Lead,15,Data Engineer,Healthcare,SQL,Medium,Remote,"Spark, SQL, Power BI",Microsoft Power BI,80452.0,45,9.5,Yes
823,27,Female,Australia,Johnsonhaven,Masters,Senior,8,Analytics Engineer,Consulting,Python,Medium,Onsite,"Spark, Excel, NumPy",TensorFlow Developer,67549.0,47,9.3,Yes
824,32,Other,Australia,Hallland,PhD,Senior,6,Data Analyst,Finance,SQL,Large,Remote,"Python, Pandas, Excel",Microsoft Power BI,64849.0,50,8.8,Yes
825,42,Other,Poland,South Michelle,PhD,Senior,6,Data Scntist,Consulting,Python,Medium,Remote,"Power BI, Tableau, Python",None,51446.0,39,9.2,Yes
826,25,Female,USA,Port Samanthachester,Bachelors,Lead,14,Analytics Engineer,Gaming,Python,Medium,Hybrid,"TensorFlow, Spark, SQL",TensorFlow Developer,78374.0,46,8.1,Yes
827,47,Other,India,Davisfort,PhD,Mid,3,BI Analyst,Finance,Python,Medium,Onsite,"TensorFlow, Excel, Pandas",None,23348.0,30,9.4,Yes
828,24,Other,UK,South Tonyaborough,PhD,Entry,1,Data Analyst,Gaming,Python,Medium,Remote,"Tableau, Excel, NumPy",TensorFlow Developer,35119.0,33,6.7,No
829,27,Other,India,East Erica,Masters,Lead,19,Analytics Engineer,Gaming,Python,Large,Onsite,"Power BI, PyTorch, TensorFlow",Azure Data Engineer,99678.0,44,7.9,No
830,36,Female,Poland,West Jeremyland,PhD,Lead,20,Business Analyst,Finance,R,Large,Hybrid,"Python, TensorFlow, Pandas",AWS Certified,119895.0,36,8.3,No
831,52,Male,India,South Maria,Masters,Lead,19,Machine Learning Engineer,E-commerce,Scala,Small,Hybrid,"Tableau, Excel, Pandas",Google Data Analytics,101868.0,38,7.0,No
832,38,Male,Canada,New Markshire,PhD,Lead,16,Machine Learning Engineer,EdTech,Julia,Medium,Hybrid,"Python, PyTorch, TensorFlow",AWS Certified,87290.0,53,7.8,Yes
833,37,Other,Australia,Tracyhaven,Masters,Mid,4,AI Engineer,Retail,Scala,Small,Remote,"TensorFlow, NumPy, Python",None,,54,5.8,No
834,34,Male,Germany,West Brianfort,Masters,Entry,2,Analytics Engineer,Gaming,R,Small,Hybrid,"SQL, Power BI, Excel",Google Data Analytics,34679.0,36,5.6,Yes
835,33,Male,USA,Leestad,Masters,Entry,2,BI Analyst,EdTech,Python,Large,Hybrid,"Spark, Python, Excel",Microsoft Power BI,50264.0,54,6.3,Yes
836,49,Male,USA,South Eric,Bachelors,Lead,15,Data Analyst,SaaS,SQL,Medium,Remote,"NumPy, PyTorch, SQL",AWS Certified,93218.0,30,6.6,Yes
837,34,Female,UK,South Teresa,Bachelors,Lead,16,Machine Learning Engineer,Healthcare,Julia,Large,Remote,"Pandas, PyTorch, Python",Azure Data Engineer,120647.0,32,4.2,No
838,31,Other,India,East Jason,PhD,Senior,10,Data Analyst,EdTech,Scala,Small,Hybrid,"Power BI, TensorFlow, Python",AWS Certified,59710.0,46,8.7,No
839,45,Male,India,West Sydneyton,Bachelors,Entry,2,BI Analyst,E-commerce,SQL,Medium,Remote,"Tableau, NumPy, Excel",AWS Certified,25422.0,39,6.1,Yes
840,35,Female,Brazil,South Bethany,Bachelors,Mid,3,AI Engineer,E-commerce,SQL,Small,Remote,"Spark, Excel, Python",Google Data Analytics,36040.0,56,8.6,No
841,42,Other,Brazil,Lesliechester,Masters,Lead,13,Analytics Engineer,SaaS,SQL,Large,Hybrid,"Pandas, Tableau, NumPy",Google Data Analytics,63534.0,53,5.6,Yes
842,48,Male,Canada,South Stephanie,Bachelors,Lead,13,Analytics Engineer,Retail,R,Small,Onsite,"Pandas, Power BI, NumPy",None,67085.0,40,8.5,Yes
843,40,Male,Canada,West Daniel,Bachelors,Senior,7,BI Analyst,Gaming,Python,Small,Onsite,"NumPy, PyTorch, Tableau",IBM Data Science,37606.0,43,5.0,No
844,40,Female,USA,Rebeccaborough,Masters,Lead,13,Data Scientist,Retail,Scala,Medium,Onsite,"Python, NumPy, Excel",AWS Certified,98000.0,58,7.5,No
845,49,Male,UK,Rowlandmouth,PhD,Lead,14,Data Analyst,Retail,SQL,Large,Onsite,"Tableau, Power BI, Spark",Google Data Analytics,74099.0,47,6.2,Yes
846,29,Other,Poland,West Jessica,Bachelors,Lead,19,AI Engineer,Finance,SQL,Medium,Onsite,"SQL, NumPy, Power BI",AWS Certified,92533.0,47,8.9,Yes
847,49,Other,Canada,New Christinafurt,Masters,Mid,5,AI Engineer,SaaS,R,Small,Onsite,"TensorFlow, Pandas, Spark",IBM Data Science,53112.0,34,7.6,Yes
848,35,Other,Germany,East Christopherville,PhD,Senior,9,BI Analyst,Finance,Julia,Small,Remote,"PyTorch, Pandas, Spark",Azure Data Engineer,51250.0,39,9.6,No
849,55,Female,Brazil,Ramirezfurt,Bachelors,Mid,3,BI Analyst,SaaS,Julia,Large,Onsite,"PyTorch, NumPy, TensorFlow",AWS Certified,205736.0,37,5.3,Yes
850,22,Other,Canada,North Jose,PhD,Lead,13,Data Scientist,Consulting,SQL,Large,Remote,"Spark, Excel, TensorFlow",IBM Data Science,91752.0,36,6.0,Yes
851,24,Female,Canada,Margaretshire,PhD,Mid,4,Data Engineer,E-commerce,Julia,Large,Remote,"SQL, PyTorch, Pandas",AWS Certified,75916.0,54,6.2,No
852,29,Female,Brazil,Campbellfort,PhD,Senior,7,Analytics Engineer,Healthcare,R,Medium,Hybrid,"Pandas, Excel, SQL",Microsoft Power BI,48490.0,31,6.0,No
853,28,Female,India,East Jamesshire,PhD,Senior,6,Analytics Engineer,Gaming,R,Small,Onsite,"Tableau, SQL, Python",Azure Data Engineer,30040.0,32,7.7,No
854,29,Female,Germany,Port Catherine,PhD,Lead,14,AI Engineer,Gaming,SQL,Medium,Remote,"Power BI, SQL, Tableau",Azure Data Engineer,118135.0,50,4.6,Yes
855,55,Other,Canada,Mcdonaldtown,PhD,Entry,0,Business Analyst,Healthcare,Julia,Medium,Hybrid,"PyTorch, Python, TensorFlow",Google Data Analytics,33436.0,41,8.9,No
856,45,Other,UK,North Tiffanybury,Bachelors,Entry,0,BI Analyst,Healthcare,SQL,Small,Remote,"PyTorch, Python, NumPy",Azure Data Engineer,22946.0,59,6.9,No
857,47,Female,Poland,North Andresview,Bachelors,Lead,18,AI Engineer,Consulting,SQL,Medium,Hybrid,"Tableau, Excel, Pandas",Google Data Analytics,88281.0,54,7.5,No
858,36,Female,India,Williamton,Masters,Senior,6,Business Analyst,Healthcare,R,Large,Remote,"NumPy, Tableau, Python",IBM Data Science,33311.0,35,10.0,No
859,47,Female,Germany,Port Luismouth,Masters,Lead,11,Data Scientist,Consulting,Python,Medium,Remote,"Tableau, Spark, SQL",None,71661.0,59,4.4,Yes
860,46,Other,Brazil,Millerton,Bachelors,Lead,19,Business Analyst,Healthcare,Julia,Large,Hybrid,"Pandas, NumPy, Python",TensorFlow Developer,75067.0,44,8.1,No
861,38,Other,India,New Deborah,Masters,Senior,8,Data Scientist,Gaming,SQL,Small,Remote,"Pandas, PyTorch, Spark",None,58876.0,59,9.2,Yes
862,22,Other,Poland,West Anthony,Bachelors,Senior,6,AI Engineer,Gaming,Julia,Large,Onsite,"Spark, Pandas, SQL",IBM Data Science,65673.0,38,7.0,No
863,26,Male,UK,Timothyberg,Masters,Lead,19,Data Scientist,SaaS,Julia,Large,Remote,"Python, PyTorch, SQL",IBM Data Science,124269.0,58,6.8,Yes
864,34,Other,Germany,South Todd,PhD,Mid,5,Data Engineer,Gaming,R,Medium,Hybrid,"NumPy, Excel, TensorFlow",Microsoft Power BI,57070.0,30,7.0,Yes
865,50,Other,India,Hamiltonmouth,Masters,Lead,18,Data Analyst,E-commerce,SQL,Large,Onsite,"Python, TensorFlow, NumPy",Azure Data Engineer,,40,9.9,Yes
866,26,Male,USA,Salazarview,Masters,Mid,5,Data Scientist,EdTech,SQL,Small,Remote,"Power BI, Python, TensorFlow",IBM Data Science,70145.0,33,5.3,Yes
867,27,Female,Canada,North Judyport,Masters,Mid,3,Analytics Engineer,SaaS,SQL,Medium,Onsite,"Spark, Pandas, Tableau",Google Data Analytics,47627.0,47,6.1,Yes
868,44,Female,Germany,Amyside,PhD,Lead,18,Analytics Engineer,SaaS,SQL,Large,Onsite,"SQL, Pandas, Excel",Azure Data Engineer,86350.0,47,6.1,Yes
869,49,Female,Canada,Gregorystad,Masters,Senior,7,AI Engineer,Consulting,R,Small,Onsite,"Pandas, Python, Tableau",AWS Certified,77891.0,42,8.1,Yes
870,30,Male,UK,New David,PhD,Senior,8,Data Scientist,EdTech,Scala,Large,Hybrid,"Pandas, TensorFlow, Python",TensorFlow Developer,86739.0,57,9.7,No
871,35,Male,Poland,West Denisehaven,PhD,Mid,4,Business Analyst,Gaming,R,Large,Onsite,"Pandas, NumPy, Python",None,41641.0,55,6.4,No
872,55,Female,Australia,Port Benjaminbury,PhD,Lead,11,Data Engineer,Gaming,Scala,Large,Onsite,"Excel, TensorFlow, Pandas",IBM Data Science,78020.0,40,8.1,No
873,30,Male,Brazil,Barkertown,PhD,Senior,6,Data Engineer,E-commerce,SQL,Small,Remote,"Tableau, Excel, Power BI",AWS Certified,40120.0,36,9.6,No
874,26,Male,Brazil,Guzmanville,Bachelors,Senior,10,AI Engineer,Healthcare,R,Large,Remote,"Tableau, PyTorch, Excel",Microsoft Power BI,75191.0,41,4.8,Yes
875,47,Male,Canada,North Mark,PhD,Lead,11,BI Analyst,Finance,Python,Small,Onsite,"Python, Tableau, Pandas",None,610704.0,43,9.0,Yes
876,52,Male,Poland,Port Lauriefurt,PhD,Lead,16,Data Engineer,EdTech,Julia,Large,Remote,"PyTorch, Excel, Spark",Azure Data Engineer,105332.0,35,4.2,No
877,31,Other,Germany,Moranhaven,Masters,Senior,6,Analytics Engineer,Finance,R,Large,Onsite,"Power BI, TensorFlow, NumPy",Google Data Analytics,57005.0,31,4.0,No
878,43,Male,Poland,Jessicamouth,PhD,Mid,4,Business Analyst,Gaming,Scala,Large,Hybrid,"Spark, PyTorch, TensorFlow",IBM Data Science,39485.0,59,5.3,Yes
879,52,Other,Canada,Gonzalezmouth,Bachelors,Lead,12,BI Analyst,Healthcare,Julia,Large,Onsite,"Python, Excel, Spark",None,59176.0,57,7.7,No
880,36,Other,Germany,North Karaland,Bachelors,Entry,2,Data Analyst,Retail,Julia,Large,Remote,"Spark, NumPy, Python",AWS Certified,39559.0,32,8.4,No
881,51,Male,Germany,Lake Jennifer,Masters,Entry,1,Data Scientist,Consulting,SQL,Large,Hybrid,"Pandas, Power BI, TensorFlow",Google Data Analytics,50655.0,50,6.5,Yes
882,54,Female,USA,Brianberg,Bachelors,Lead,17,Data Analyst,E-commerce,R,Small,Onsite,"PyTorch, Pandas, Excel",None,85018.0,30,4.8,No
883,30,Male,USA,North Kaitlyn,PhD,Entry,1,Machine Learning Engineer,Consulting,Julia,Large,Onsite,"TensorFlow, NumPy, Power BI",None,83894.0,37,9.1,Yes
884,51,Female,India,Christinaberg,Bachelors,Lead,14,Data Engineer,Healthcare,Python,Medium,Onsite,"TensorFlow, Pandas, Excel",None,58397.0,36,5.4,Yes
885,27,Other,Brazil,South Melanieburgh,Bachelors,Entry,1,Data Analyst,Healthcare,Scala,Medium,Remote,"NumPy, Pandas, Tableau",TensorFlow Developer,16633.0,50,6.7,Yes
886,24,Male,Poland,Michellebury,Masters,Mid,5,Data Engineer,SaaS,Python,Small,Onsite,"PyTorch, Python, Spark",None,37504.0,37,5.2,No
887,40,Female,Poland,Reyesshire,Bachelors,Lead,19,Analytics Engineer,Consulting,R,Medium,Hybrid,"NumPy, Python, Excel",IBM Data Science,110633.0,34,5.9,No
888,38,Other,UK,South Lisa,PhD,Senior,8,Data Analyst,SaaS,Scala,Small,Hybrid,"Power BI, SQL, PyTorch",Microsoft Power BI,47820.0,39,7.4,No
889,41,Female,Canada,Douglasland,PhD,Lead,20,Business Analyst,Finance,SQL,Medium,Onsite,"PyTorch, Pandas, NumPy",IBM Data Science,112363.0,59,9.7,Yes
890,36,Other,UK,Carlosbury,Bachelors,Lead,14,AI Engineer,E-commerce,R,Medium,Hybrid,"TensorFlow, Python, SQL",None,104183.0,33,6.6,Yes
891,48,Other,India,South Annette,PhD,Senior,10,Analytics Engineer,Consulting,SQL,Small,Hybrid,"Excel, Power BI, Python",AWS Certified,44428.0,56,9.9,No
892,33,Male,Brazil,South Elaine,Masters,Lead,18,Business Analyst,Consulting,Julia,Small,Onsite,"SQL, Pandas, TensorFlow",IBM Data Science,69083.0,58,7.2,No
893,51,Other,USA,Shaneborough,Bachelors,Entry,1,Machine Learning Engineer,Consulting,R,Small,Remote,"Python, PyTorch, Power BI",TensorFlow Developer,48489.0,56,6.7,Yes
894,29,Female,USA,Kathymouth,Bachelors,Lead,18,Data Scientist,Retail,Scala,Large,Hybrid,"NumPy, Excel, TensorFlow",Azure Data Engineer,104673.0,31,7.4,Yes
895,33,Other,India,Russellville,PhD,Mid,4,Data Analyst,EdTech,SQL,Large,Hybrid,"Power BI, Tableau, NumPy",TensorFlow Developer,32888.0,48,5.8,Yes
896,46,Other,Germany,Port Isabelburgh,Bachelors,Senior,6,Analytics Engineer,Gaming,Python,Medium,Hybrid,"TensorFlow, SQL, PyTorch",Microsoft Power BI,57862.0,31,8.0,Yes
897,24,Female,India,West Megan,PhD,Senior,9,AI Engineer,Healthcare,SQL,Medium,Hybrid,"Tableau, SQL, NumPy",Microsoft Power BI,46723.0,30,6.5,No
898,45,Male,UK,North Donald,PhD,Senior,10,Analytics Engineer,Gaming,Scala,Large,Remote,"Python, TensorFlow, Tableau",Azure Data Engineer,85203.0,49,6.3,Yes
899,22,Other,USA,Kimfurt,Bachelors,Senior,7,Analytics Engineer,Retail,Scala,Small,Hybrid,"Spark, Tableau, SQL",Microsoft Power BI,61267.0,45,4.4,No
900,53,Other,UK,West Barbara,Bachelors,Mid,3,Analytics Engineer,Retail,Python,Small,Onsite,"PyTorch, NumPy, Python",IBM Data Science,34417.0,58,9.0,No
901,32,Male,Poland,New Elizabethmouth,Masters,Lead,19,BI Analyst,E-commerce,Python,Small,Remote,"Pandas, Power BI, NumPy",None,87156.0,57,9.3,No
902,36,Male,Canada,South Jeffery,Masters,Entry,0,Data Scntist,Healthcare,SQL,Small,Remote,"Excel, Power BI, Python",None,40635.0,44,7.0,Yes
903,44,Male,Canada,East Sonya,Bachelors,Lead,16,AI Engineer,Finance,SQL,Small,Hybrid,"Python, Pandas, Excel",TensorFlow Developer,105102.0,30,10.0,Yes
904,31,Female,USA,Robertsonstad,Bachelors,Lead,11,Machine Learning Engineer,Consulting,SQL,Medium,Onsite,"NumPy, Excel, Spark",TensorFlow Developer,79804.0,42,4.5,Yes
905,28,Male,Australia,Edwinview,Bachelors,Senior,6,Machine Learning Engineer,Retail,Julia,Small,Remote,"Power BI, SQL, Pandas",TensorFlow Developer,59841.0,30,5.3,Yes
906,35,Other,Canada,West Laurenmouth,PhD,Lead,15,BI Analyst,SaaS,SQL,Medium,Hybrid,"TensorFlow, Tableau, Pandas",Microsoft Power BI,79545.0,56,5.3,No
907,41,Female,Australia,South Melinda,Bachelors,Entry,2,Analytics Engineer,Healthcare,Python,Large,Remote,"Excel, Spark, TensorFlow",AWS Certified,,33,9.3,No
908,24,Male,Germany,New Ericaside,Bachelors,Senior,7,AI Engineer,EdTech,Scala,Medium,Onsite,"Pandas, NumPy, Tableau",Azure Data Engineer,75579.0,54,6.4,No
909,47,Female,Australia,West Daniel,PhD,Entry,1,Data Engineer,Healthcare,SQL,Small,Onsite,"Pandas, Python, Excel",Google Data Analytics,40124.0,58,8.6,Yes
910,27,Female,Germany,Rodriguezhaven,Bachelors,Entry,1,Data Scientist,Consulting,Scala,Large,Remote,"Spark, Tableau, TensorFlow",AWS Certified,48677.0,35,9.0,No
911,48,Other,Canada,Nicholasmouth,Masters,Lead,20,Data Engineer,E-commerce,R,Large,Hybrid,"Spark, Power BI, Python",Microsoft Power BI,130613.0,48,5.1,No
912,54,Female,Germany,Karenport,PhD,Lead,18,Data Scientist,EdTech,R,Large,Remote,"PyTorch, Tableau, Python",None,,43,5.5,No
913,44,Male,Australia,Stevensberg,Bachelors,Lead,20,Data Engineer,Healthcare,SQL,Small,Hybrid,"SQL, Power BI, Pandas",IBM Data Science,76888.0,38,7.8,No
914,51,Other,Brazil,North Christophermouth,PhD,Lead,18,Data Engineer,EdTech,Julia,Medium,Hybrid,"NumPy, Excel, Python",None,100476.0,60,7.8,Yes
915,48,Other,USA,Lake Curtis,PhD,Lead,16,Data Engineer,Retail,R,Large,Onsite,"SQL, Python, Pandas",Azure Data Engineer,145721.0,54,8.7,No
916,40,Female,USA,Paulshire,Bachelors,Lead,20,BI Analyst,Consulting,Python,Large,Remote,"SQL, Excel, PyTorch",Azure Data Engineer,126911.0,38,9.2,Yes
917,31,Female,USA,South Angelica,Bachelors,Lead,20,Data Analyst,Finance,Scala,Medium,Hybrid,"TensorFlow, Spark, PyTorch",Microsoft Power BI,105656.0,35,4.0,No
918,48,Male,Canada,Robertsonmouth,Masters,Mid,4,Business Analyst,SaaS,SQL,Large,Onsite,"Tableau, Excel, Spark",Microsoft Power BI,50501.0,49,9.5,No
919,41,Other,Germany,North Jeanettefort,Masters,Lead,11,BI Analyst,Finance,R,Medium,Hybrid,"NumPy, Pandas, Power BI",Azure Data Engineer,56452.0,48,4.5,No
920,24,Male,Brazil,New Tracy,Bachelors,Entry,0,Business Analyst,Consulting,SQL,Large,Onsite,"PyTorch, TensorFlow, Python",TensorFlow Developer,13918.0,37,9.5,No
921,37,Female,UK,Sandratown,PhD,Mid,5,Data Scientist,Consulting,Julia,Medium,Hybrid,"SQL, NumPy, TensorFlow",Azure Data Engineer,60977.0,35,7.9,Yes
922,47,Female,Germany,Thomashaven,Bachelors,Lead,11,Machine Learning Engineer,Consulting,Julia,Medium,Hybrid,"Pandas, Spark, Excel",IBM Data Science,74088.0,49,10.0,No
923,54,Female,Australia,Kristenbury,Masters,Senior,10,Business Analyst,Healthcare,SQL,Small,Onsite,"Python, Tableau, Excel",Google Data Analytics,61175.0,33,9.0,No
924,51,Male,Brazil,Keithmouth,Masters,Mid,3,Data Scientist,Gaming,R,Medium,Hybrid,"Python, Pandas, Excel",AWS Certified,23930.0,56,9.9,No
925,54,Male,Germany,Port Kimberly,Masters,Lead,20,AI Engineer,Retail,Python,Medium,Remote,"TensorFlow, NumPy, Excel",None,94770.0,32,5.8,Yes
926,48,Female,Australia,Wrightchester,Bachelors,Lead,13,Data Analyst,EdTech,Julia,Medium,Onsite,"Python, SQL, Excel",Google Data Analytics,65878.0,35,4.2,Yes
927,41,Male,USA,West Eileenmouth,PhD,Lead,19,Data Analyst,E-commerce,Julia,Small,Remote,"Power BI, PyTorch, Spark",TensorFlow Developer,124775.0,34,5.7,Yes
928,38,Male,UK,Annaport,PhD,Senior,10,Analytics Engineer,Healthcare,SQL,Large,Hybrid,"Power BI, TensorFlow, Pandas",AWS Certified,69445.0,59,4.6,No
929,24,Female,Canada,Haasmouth,PhD,Lead,19,Data Scientist,EdTech,SQL,Large,Hybrid,"Tableau, SQL, TensorFlow",AWS Certified,128335.0,44,6.1,Yes
930,22,Other,Poland,Matthewstad,Bachelors,Entry,1,Data Analyst,Healthcare,SQL,Medium,Hybrid,"Spark, Python, SQL",None,17147.0,60,9.3,No
931,26,Male,Brazil,Perezmouth,Bachelors,Lead,16,Data Scientist,Consulting,Julia,Small,Remote,"Pandas, Excel, SQL",Azure Data Engineer,72725.0,39,6.1,Yes
932,53,Other,Canada,East Harryport,PhD,Lead,14,Data Scientist,Retail,R,Large,Onsite,"Power BI, NumPy, Pandas",Google Data Analytics,112394.0,57,4.5,Yes
933,27,Male,Canada,Port Cherylport,Bachelors,Senior,7,Machine Learning Engineer,Healthcare,Python,Medium,Remote,"Python, TensorFlow, Power BI",Azure Data Engineer,71606.0,41,9.6,Yes
934,26,Male,Brazil,Lake Madisonton,PhD,Lead,13,Analytics Engineer,Consulting,R,Small,Remote,"PyTorch, TensorFlow, Pandas",Google Data Analytics,74817.0,47,8.8,No
935,42,Female,UK,Port Elizabethfort,Bachelors,Senior,9,Data Engineer,Gaming,Python,Large,Remote,"Tableau, Excel, NumPy",TensorFlow Developer,61206.0,52,7.9,Yes
936,48,Female,USA,South Devin,PhD,Lead,20,Data Engineer,Finance,Python,Medium,Remote,"SQL, Excel, Pandas",IBM Data Science,109800.0,38,9.9,No
937,36,Male,Australia,West Leroyland,Masters,Lead,15,Data Scientist,Healthcare,R,Large,Hybrid,"Tableau, PyTorch, Spark",IBM Data Science,82224.0,46,8.3,Yes
938,47,Female,USA,New Cynthia,PhD,Senior,10,Data Scientist,E-commerce,Scala,Large,Remote,"Tableau, SQL, Pandas",IBM Data Science,100307.0,53,5.0,No
939,23,Female,Brazil,East Robert,PhD,Lead,14,Data Engineer,Consulting,R,Medium,Onsite,"Excel, Spark, PyTorch",None,55925.0,57,9.3,Yes
940,34,Male,USA,Johnsonport,Masters,Mid,4,Analytics Engineer,E-commerce,Python,Medium,Onsite,"TensorFlow, Excel, Power BI",Azure Data Engineer,59797.0,47,7.3,No
941,29,Female,Canada,North Patriciaside,Bachelors,Lead,15,Data Scientist,Finance,Scala,Small,Remote,"PyTorch, NumPy, Spark",AWS Certified,87177.0,44,9.5,No
942,25,Other,Brazil,East Emily,Masters,Lead,11,Data Scientist,EdTech,SQL,Large,Remote,"Spark, NumPy, Pandas",TensorFlow Developer,78770.0,34,9.6,No
943,33,Male,India,Lake Kimberlyville,Bachelors,Lead,20,Data Scientist,Finance,SQL,Large,Hybrid,"Pandas, Tableau, PyTorch",None,98905.0,35,9.8,Yes
944,55,Female,Poland,Barnesland,PhD,Lead,20,BI Analyst,EdTech,Scala,Small,Onsite,"TensorFlow, Spark, Excel",IBM Data Science,95234.0,32,5.2,Yes
945,54,Female,Brazil,Williamschester,PhD,Mid,3,Machine Learning Engineer,Consulting,Scala,Medium,Onsite,"Python, PyTorch, Pandas",Microsoft Power BI,40535.0,54,9.1,No
946,27,Female,India,East Amychester,PhD,Lead,20,Business Analyst,E-commerce,Scala,Medium,Remote,"Excel, TensorFlow, Power BI",TensorFlow Developer,78862.0,52,7.0,Yes
947,30,Female,UK,Rachelside,PhD,Lead,15,Data Analyst,E-commerce,Python,Large,Onsite,"Pandas, Tableau, Power BI",TensorFlow Developer,85721.0,49,5.8,No
948,37,Female,Germany,Lake Stephen,PhD,Senior,9,Analytics Engineer,Consulting,R,Large,Hybrid,"Pandas, Tableau, Power BI",AWS Certified,85086.0,59,8.0,Yes
949,29,Other,UK,Justinchester,PhD,Mid,4,AI Engineer,Finance,R,Large,Hybrid,"SQL, Spark, Excel",AWS Certified,74409.0,35,5.6,No
950,35,Other,Australia,East Brian,PhD,Senior,6,Data Scientist,Retail,Scala,Medium,Onsite,"Spark, Power BI, NumPy",None,58958.0,55,7.2,No
951,46,Male,Poland,Jonesfort,PhD,Senior,8,Business Analyst,Consulting,Python,Small,Hybrid,"PyTorch, NumPy, TensorFlow",IBM Data Science,35222.0,39,9.7,No
952,49,Male,Poland,Haynesville,Bachelors,Senior,10,Data Scientist,SaaS,Scala,Medium,Remote,"Pandas, Excel, TensorFlow",Google Data Analytics,59980.0,38,4.2,No
953,41,Female,Poland,West Shelby,PhD,Senior,10,Machine Learning Engineer,EdTech,Python,Medium,Remote,"Power BI, SQL, Tableau",Google Data Analytics,78905.0,53,4.6,Yes
954,47,Male,UK,Robertbury,PhD,Lead,15,Data Analyst,Healthcare,Python,Small,Hybrid,"TensorFlow, Power BI, SQL",AWS Certified,64245.0,54,7.9,Yes
955,50,Male,Poland,West Jeffreyview,Masters,Lead,20,Business Analyst,E-commerce,SQL,Small,Remote,"PyTorch, SQL, NumPy",None,85869.0,39,7.8,Yes
956,40,Other,Poland,New Christopher,Masters,Entry,2,BI Analyst,Retail,SQL,Large,Hybrid,"SQL, Pandas, NumPy",Microsoft Power BI,31652.0,60,5.8,No
957,33,Male,UK,Dawnton,Masters,Mid,5,Data Analyst,EdTech,Scala,Small,Hybrid,"Excel, NumPy, SQL",TensorFlow Developer,40034.0,58,9.8,Yes
958,48,Male,UK,South Kimberlyshire,PhD,Lead,14,Data Analyst,Finance,Scala,Large,Onsite,"Python, Pandas, NumPy",None,91881.0,53,6.2,No
959,46,Other,Brazil,North Joyfurt,Masters,Entry,1,Data Scientist,E-commerce,R,Large,Remote,"Tableau, TensorFlow, Power BI",Azure Data Engineer,33508.0,31,7.2,Yes
960,41,Male,USA,Cindyport,Bachelors,Senior,8,Business Analyst,Gaming,R,Small,Onsite,"Spark, Power BI, PyTorch",Google Data Analytics,65221.0,49,6.0,No
961,52,Female,USA,Port Angelaside,Bachelors,Senior,6,BI Analyst,Finance,SQL,Small,Remote,"Power BI, SQL, NumPy",None,51111.0,36,6.3,Yes
962,40,Male,Germany,New Audreyside,Masters,Lead,14,AI Engineer,Retail,SQL,Large,Onsite,"Pandas, Tableau, SQL",None,123184.0,31,4.5,No
963,52,Other,Poland,New Jamesmouth,PhD,Lead,18,Data Analyst,Finance,SQL,Large,Remote,"Spark, Python, Excel",Google Data Analytics,93654.0,41,5.0,Yes
964,25,Other,Brazil,Rileyborough,Bachelors,Senior,6,AI Engineer,Retail,Python,Large,Hybrid,"Excel, Pandas, Spark",TensorFlow Developer,54753.0,47,8.7,Yes
965,22,Other,USA,Burnsbury,PhD,Lead,11,Data Scientist,Healthcare,Julia,Small,Onsite,"Spark, Power BI, PyTorch",IBM Data Science,85136.0,35,8.6,No
966,35,Male,Canada,Melanieshire,Masters,Senior,8,Data Scientist,Gaming,Julia,Medium,Remote,"Power BI, Excel, Tableau",None,81144.0,38,4.7,No
967,47,Female,Poland,Lake Carrie,Masters,Entry,2,Business Analyst,SaaS,Julia,Large,Onsite,"PyTorch, Spark, Python",Azure Data Engineer,33923.0,58,4.0,No
968,26,Other,UK,East Heidi,Masters,Lead,15,AI Engineer,Gaming,Python,Large,Remote,"Python, Tableau, Power BI",Google Data Analytics,114520.0,53,4.7,Yes
969,51,Male,Poland,South Roy,Masters,Lead,17,Business Analyst,Retail,Scala,Medium,Hybrid,"Power BI, Excel, Tableau",Microsoft Power BI,103998.0,32,5.3,Yes
970,31,Male,India,Port Jared,Masters,Senior,6,Data Analyst,Consulting,Julia,Large,Hybrid,"SQL, Python, Pandas",Microsoft Power BI,33141.0,56,6.5,Yes
971,55,Female,Brazil,Leemouth,Bachelors,Mid,4,Data Engineer,Retail,R,Small,Remote,"Spark, Tableau, Python",IBM Data Science,40243.0,50,5.4,Yes
972,38,Other,Poland,New Leah,Masters,Senior,10,AI Engineer,SaaS,SQL,Medium,Hybrid,"TensorFlow, Python, Excel",Google Data Analytics,63022.0,40,9.4,No
973,44,Female,USA,Leeburgh,PhD,Senior,7,BI Analyst,Retail,Julia,Medium,Remote,"Power BI, PyTorch, Tableau",AWS Certified,76448.0,35,6.3,Yes
974,30,Other,India,Loriside,Bachelors,Mid,5,Machine Learning Engineer,Retail,R,Small,Onsite,"Tableau, Spark, NumPy",Azure Data Engineer,22966.0,58,7.7,Yes
975,40,Female,USA,Robertchester,Bachelors,Senior,8,Machine Learning Engineer,Gaming,Python,Large,Onsite,"Python, PyTorch, Tableau",AWS Certified,90796.0,35,7.7,Yes
976,27,Other,UK,Rachelside,Bachelors,Senior,8,Data Analyst,Gaming,R,Medium,Hybrid,"NumPy, PyTorch, Pandas",TensorFlow Developer,45270.0,55,7.8,No
977,54,Female,Canada,Coopershire,Masters,Lead,16,Analytics Engineer,SaaS,Julia,Medium,Remote,"Spark, Tableau, NumPy",Azure Data Engineer,111782.0,38,5.0,No
978,41,Other,Poland,Port Kelly,Bachelors,Mid,4,AI Engineer,Healthcare,R,Small,Onsite,"Power BI, NumPy, SQL",IBM Data Science,40168.0,49,5.9,Yes
979,29,Other,Poland,Wendyland,PhD,Mid,4,BI Analyst,Gaming,Julia,Small,Hybrid,"Tableau, SQL, Spark",Microsoft Power BI,36649.0,32,7.8,Yes
980,31,Female,Canada,New Latashaview,Bachelors,Senior,9,Machine Learning Engineer,Consulting,Python,Small,Hybrid,"Pandas, SQL, TensorFlow",Microsoft Power BI,62439.0,43,7.1,Yes
981,26,Female,India,South Stephenport,Masters,Lead,14,Data Engineer,Healthcare,Python,Small,Hybrid,"SQL, Pandas, Python",AWS Certified,61147.0,42,5.3,No
982,37,Male,India,West Michaelshire,Masters,Entry,2,Data Analyst,Consulting,Scala,Large,Onsite,"TensorFlow, Python, Power BI",IBM Data Science,21071.0,52,9.8,No
983,38,Female,Brazil,Kristamouth,Masters,Mid,5,AI Engineer,Healthcare,SQL,Small,Hybrid,"Python, PyTorch, Tableau",Azure Data Engineer,41946.0,50,6.5,Yes
984,50,Female,Australia,West Robert,PhD,Senior,6,Machine Learning Engineer,SaaS,Scala,Medium,Remote,"Python, Tableau, Power BI",Azure Data Engineer,67398.0,44,5.0,Yes
985,42,Other,India,West Emma,PhD,Lead,18,Machine Learning Engineer,EdTech,Scala,Medium,Onsite,"NumPy, Spark, SQL",Google Data Analytics,72430.0,58,6.0,Yes
986,40,Female,Canada,Davishaven,Bachelors,Lead,19,BI Analyst,E-commerce,SQL,Large,Remote,"SQL, PyTorch, Python",IBM Data Science,86616.0,43,4.4,No
987,28,Male,Brazil,Lake Georgebury,PhD,Senior,7,AI Engineer,EdTech,Python,Medium,Remote,"SQL, Power BI, NumPy",Microsoft Power BI,59597.0,33,7.4,Yes
988,46,Other,Poland,Hallfort,Bachelors,Lead,16,BI Analyst,Finance,Julia,Medium,Onsite,"Python, Excel, Pandas",TensorFlow Developer,83740.0,53,8.2,Yes
989,34,Male,Brazil,East Frances,Masters,Senior,8,Data Scientist,EdTech,R,Medium,Remote,"SQL, NumPy, PyTorch",None,56814.0,41,7.4,Yes
990,27,Male,Australia,Port Raymond,Bachelors,Lead,20,Data Scientist,E-commerce,SQL,Medium,Remote,"SQL, Spark, Excel",Azure Data Engineer,96011.0,39,6.9,Yes
991,34,Female,Germany,Ryanchester,Masters,Mid,4,BI Analyst,Gaming,Julia,Small,Hybrid,"Spark, SQL, PyTorch",AWS Certified,30577.0,46,8.5,No
992,51,Male,Canada,Luischester,PhD,Entry,1,Data Engineer,Healthcare,Python,Large,Remote,"Pandas, Tableau, NumPy",Microsoft Power BI,69696.0,32,6.3,Yes
993,26,Female,Canada,Youngmouth,Masters,Entry,2,Data Scientist,Finance,Python,Large,Hybrid,"SQL, Power BI, Tableau",IBM Data Science,51926.0,48,4.9,Yes
994,51,Male,Brazil,South Lindsaytown,PhD,Lead,13,Data Analyst,Retail,R,Medium,Onsite,"PyTorch, TensorFlow, Tableau",AWS Certified,78907.0,43,6.4,No
995,23,Female,Australia,Lake Micheleborough,PhD,Lead,15,BI Analyst,SaaS,Python,Large,Remote,"Power BI, Excel, Tableau",Microsoft Power BI,83664.0,36,9.9,No
996,39,Male,UK,Port Sherryburgh,Masters,Entry,1,Data Engineer,Gaming,SQL,Medium,Hybrid,"TensorFlow, Tableau, Spark",IBM Data Science,39659.0,50,8.4,Yes
997,55,Male,Poland,Raymondshire,Masters,Senior,6,BI Analyst,Gaming,Python,Small,Onsite,"SQL, Tableau, Power BI",Azure Data Engineer,40246.0,52,9.6,No
998,33,Other,Brazil,New Brenda,Masters,Lead,13,Business Analyst,E-commerce,SQL,Medium,Remote,"Pandas, Power BI, NumPy",Azure Data Engineer,,37,7.9,Yes
999,54,Other,Germany,Whitemouth,Bachelors,Senior,9,Data Scientist,SaaS,SQL,Small,Remote,"NumPy, Excel, Tableau",None,58521.0,52,7.9,No
1000,54,Female,India,South Kelsey,Masters,Senior,6,Data Analyst,SaaS,Python,Large,Onsite,"Power BI, PyTorch, Tableau",AWS Certified,34141.0,38,7.1,Yes
1001,50,Male,Brazil,Howellberg,Bachelors,Lead,17,BI Analyst,Retail,Python,Medium,Hybrid,"Tableau, Python, Pandas",Azure Data Engineer,74829.0,50,8.4,Yes
1002,44,Female,Germany,West Kimberly,Bachelors,Lead,19,Machine Learning Engineer,Retail,Julia,Large,Hybrid,"TensorFlow, Python, Pandas",TensorFlow Developer,115798.0,40,7.7,Yes
1003,39,Male,USA,Lake Mary,Bachelors,Lead,13,Business Analyst,Gaming,R,Medium,Onsite,"Pandas, Python, Spark",Microsoft Power BI,69306.0,50,6.9,Yes
1004,27,Other,Brazil,Ryanhaven,Masters,Entry,2,Data Scientist,Finance,Python,Medium,Hybrid,"Power BI, Excel, Spark",None,21063.0,56,4.0,Yes
1005,53,Other,UK,Amymouth,PhD,Lead,14,Data Analyst,E-commerce,SQL,Medium,Hybrid,"PyTorch, Spark, Tableau",Google Data Analytics,65898.0,58,6.4,Yes
1006,32,Other,India,Christopherville,Masters,Lead,16,Data Engineer,Retail,SQL,Small,Onsite,"Spark, TensorFlow, Pandas",Azure Data Engineer,69707.0,50,7.0,No
1007,40,Female,Australia,South Albert,Masters,Senior,7,Data Scientist,EdTech,Scala,Small,Onsite,"Python, Pandas, Excel",Google Data Analytics,47582.0,46,6.7,Yes
1008,34,Female,Australia,East Carolland,PhD,Senior,8,BI Analyst,Healthcare,SQL,Small,Remote,"Spark, SQL, Excel",IBM Data Science,73464.0,43,5.9,No
1009,50,Female,India,Lopezville,Bachelors,Senior,6,Data Analyst,SaaS,R,Medium,Hybrid,"Tableau, TensorFlow, NumPy",Azure Data Engineer,36885.0,35,7.8,Yes
1010,48,Male,Canada,East Briannaview,PhD,Senior,8,Machine Learning Engineer,Finance,R,Large,Hybrid,"SQL, TensorFlow, Pandas",IBM Data Science,87469.0,55,8.0,Yes
1011,36,Male,Australia,Teresatown,PhD,Senior,9,Data Scientist,Retail,Scala,Large,Onsite,"Spark, Python, PyTorch",Microsoft Power BI,90304.0,32,6.8,No
1012,23,Male,Australia,Harrischester,PhD,Lead,18,Data Engineer,E-commerce,R,Small,Remote,"SQL, Pandas, Python",AWS Certified,121808.0,55,9.1,Yes
1013,26,Other,India,West Patrickstad,Masters,Entry,0,Analytics Engineer,Retail,R,Small,Onsite,"Spark, Pandas, PyTorch",Azure Data Engineer,10131.0,38,5.6,No
1014,51,Other,Canada,Port Bethany,PhD,Senior,8,BI Analyst,E-commerce,Scala,Large,Onsite,"SQL, Tableau, TensorFlow",TensorFlow Developer,,36,5.9,No
1015,43,Other,USA,New Michaelville,PhD,Senior,6,Data Analyst,SaaS,Python,Large,Remote,"Spark, PyTorch, Power BI",IBM Data Science,77725.0,35,8.8,No
1016,25,Male,Poland,Perezland,Bachelors,Mid,3,AI Engineer,Consulting,SQL,Medium,Hybrid,"PyTorch, TensorFlow, SQL",Microsoft Power BI,39352.0,34,9.3,No
1017,50,Male,India,West Douglas,PhD,Lead,18,Data Engineer,Gaming,SQL,Large,Hybrid,"Python, Spark, Power BI",TensorFlow Developer,113959.0,42,8.5,No
1018,53,Male,Germany,Macdonaldberg,Masters,Lead,15,Analytics Engineer,Consulting,Scala,Large,Remote,"Excel, Power BI, NumPy",IBM Data Science,88539.0,49,6.4,Yes
1019,36,Other,Australia,New Christopher,Masters,Senior,7,Data Scientist,Healthcare,Python,Medium,Remote,"Pandas, Python, SQL",Microsoft Power BI,69661.0,32,10.0,Yes
1020,33,Other,UK,Flemingmouth,Masters,Lead,16,Data Engineer,Consulting,Julia,Large,Onsite,"PyTorch, Spark, Pandas",IBM Data Science,110168.0,52,5.6,No
1021,30,Other,India,Williamshire,PhD,Mid,5,AI Engineer,Consulting,R,Large,Onsite,"Python, Excel, Tableau",Google Data Analytics,47006.0,32,5.9,Yes
1022,49,Female,UK,East Peter,Bachelors,Lead,16,Analytics Engineer,SaaS,Python,Medium,Onsite,"Excel, Python, Tableau",Azure Data Engineer,92420.0,57,9.3,Yes
1023,41,Other,USA,Port Joshua,Bachelors,Mid,4,Data Scientist,Consulting,Julia,Medium,Onsite,"Tableau, Spark, Python",Azure Data Engineer,63334.0,59,6.3,Yes
1024,33,Other,Poland,South Jesseshire,Masters,Lead,16,Machine Learning Engineer,Retail,R,Large,Onsite,"NumPy, Power BI, Excel",None,91241.0,45,6.5,Yes
1025,55,Female,Germany,Dillonside,Bachelors,Mid,4,Data Analyst,Finance,Julia,Large,Hybrid,"Tableau, SQL, TensorFlow",None,38902.0,55,8.4,Yes
1026,34,Other,Australia,Lake Rogerhaven,Bachelors,Entry,2,Analytics Engineer,Consulting,Julia,Medium,Hybrid,"Power BI, Pandas, TensorFlow",Azure Data Engineer,34760.0,52,7.2,Yes
1027,34,Other,Australia,North Sonyastad,PhD,Senior,8,BI Analyst,Finance,Python,Large,Remote,"NumPy, Excel, SQL",Google Data Analytics,85892.0,59,7.2,No
1028,51,Male,Brazil,Katherinestad,PhD,Mid,3,Analytics Engineer,Healthcare,SQL,Large,Onsite,"TensorFlow, Tableau, Power BI",Google Data Analytics,34623.0,53,4.8,No
1029,32,Other,Brazil,Anthonymouth,Bachelors,Lead,11,AI Engineer,E-commerce,Julia,Large,Remote,"Python, Tableau, Spark",Azure Data Engineer,84119.0,43,8.5,No
1030,45,Female,Poland,West Travisside,Masters,Entry,2,BI Analyst,Retail,SQL,Small,Remote,"Power BI, Tableau, Python",Microsoft Power BI,28964.0,51,6.3,Yes
1031,52,Other,USA,North Victor,Bachelors,Lead,13,Machine Learning Engineer,Healthcare,Julia,Large,Remote,"Excel, Python, TensorFlow",Azure Data Engineer,96801.0,56,8.5,No
1032,47,Male,Canada,Lake Amy,Bachelors,Mid,4,Data Scientist,Gaming,R,Small,Hybrid,"PyTorch, Excel, Power BI",Google Data Analytics,43049.0,59,7.5,No
1033,23,Other,Germany,Jeremiahmouth,Masters,Senior,9,Data Analyst,SaaS,R,Small,Remote,"Spark, SQL, Excel",AWS Certified,51006.0,31,5.9,No
1034,29,Female,India,Lake Jesseport,Masters,Entry,0,Data Scntist,E-commerce,Python,Large,Onsite,"NumPy, Power BI, Excel",AWS Certified,25290.0,39,7.9,Yes
1035,35,Other,Germany,North Petermouth,Masters,Lead,14,Data Engineer,Retail,Python,Medium,Hybrid,"TensorFlow, Spark, Pandas",IBM Data Science,95956.0,36,7.8,Yes
1036,39,Female,Brazil,Joefort,Bachelors,Lead,20,Machine Learning Engineer,Retail,Julia,Small,Hybrid,"PyTorch, SQL, Tableau",Google Data Analytics,67466.0,59,5.7,No
1037,55,Other,Australia,South Katrinahaven,Masters,Lead,14,Data Engineer,Healthcare,R,Large,Onsite,"NumPy, Spark, Power BI",Google Data Analytics,114195.0,60,5.6,No
1038,45,Other,Brazil,South Ashleyberg,PhD,Entry,1,Data Scientist,Finance,Scala,Small,Onsite,"Excel, PyTorch, Power BI",TensorFlow Developer,21551.0,60,7.4,Yes
1039,55,Male,USA,West Kathleen,Masters,Lead,12,Data Scntist,Consulting,SQL,Large,Hybrid,"Spark, Power BI, Excel",Google Data Analytics,130581.0,51,6.0,Yes
1040,32,Other,India,Castilloburgh,PhD,Entry,1,Machine Learning Engineer,Finance,SQL,Small,Hybrid,"SQL, Tableau, PyTorch",Google Data Analytics,23904.0,58,6.1,No
1041,39,Other,Germany,Anitaborough,Masters,Senior,6,Data Scientist,EdTech,Scala,Small,Onsite,"Pandas, TensorFlow, Python",None,54156.0,45,5.1,Yes
1042,30,Female,Poland,Nelsonchester,PhD,Lead,17,AI Engineer,Gaming,SQL,Large,Onsite,"SQL, Tableau, Excel",Azure Data Engineer,120752.0,50,4.2,No
1043,36,Male,Germany,Lindafort,Masters,Senior,9,Machine Learning Engineer,Retail,Julia,Medium,Hybrid,"Excel, Tableau, Spark",IBM Data Science,62738.0,36,7.1,Yes
1044,52,Female,Poland,Port Katelyn,Masters,Senior,8,Analytics Engineer,Gaming,Python,Small,Hybrid,"Python, Excel, SQL",Azure Data Engineer,,41,9.6,Yes
1045,32,Female,UK,Susanmouth,PhD,Entry,1,BI Analyst,Finance,SQL,Small,Onsite,"Spark, Python, Excel",None,27627.0,42,5.3,No
1046,32,Female,USA,Josephtown,Masters,Senior,9,Data Scientist,SaaS,SQL,Small,Remote,"SQL, TensorFlow, Pandas",Azure Data Engineer,83642.0,48,6.0,No
1047,37,Male,Germany,West Philip,PhD,Lead,14,Data Analyst,Gaming,Julia,Medium,Hybrid,"SQL, Spark, Python",AWS Certified,97626.0,57,4.5,No
1048,24,Female,India,New Ashleyville,PhD,Senior,10,Analytics Engineer,SaaS,Julia,Medium,Remote,"Spark, TensorFlow, NumPy",TensorFlow Developer,46960.0,46,5.9,No
1049,49,Male,Poland,Cartermouth,Masters,Senior,8,Machine Learning Engineer,EdTech,Python,Large,Onsite,"PyTorch, SQL, Python",TensorFlow Developer,66219.0,35,4.2,No
1050,36,Male,India,Butlerborough,Bachelors,Senior,8,BI Analyst,Consulting,SQL,Small,Remote,"PyTorch, Tableau, Pandas",None,53405.0,44,8.8,Yes
1051,54,Other,Australia,Georgefurt,Masters,Senior,6,Analytics Engineer,Retail,Julia,Small,Hybrid,"Pandas, NumPy, Python",Microsoft Power BI,41100.0,52,9.7,No
1052,44,Other,Germany,Jenniferburgh,Masters,Senior,6,Data Engineer,SaaS,Scala,Medium,Onsite,"NumPy, Python, Excel",IBM Data Science,57051.0,30,9.3,No
1053,50,Other,Brazil,West Patrick,Masters,Senior,7,Data Engineer,SaaS,R,Small,Remote,"TensorFlow, Excel, Python",IBM Data Science,36642.0,38,6.5,Yes
1054,30,Other,Canada,Lake Derek,Masters,Lead,12,Data Analyst,SaaS,Python,Large,Hybrid,"NumPy, Python, TensorFlow",TensorFlow Developer,89005.0,59,7.9,Yes
1055,36,Other,Canada,Port Susan,Bachelors,Lead,14,Business Analyst,Finance,R,Large,Remote,"TensorFlow, Excel, Spark",Microsoft Power BI,86833.0,32,8.3,Yes
1056,36,Other,USA,Morrowtown,Masters,Senior,8,Machine Learning Engineer,SaaS,Python,Small,Onsite,"Spark, Excel, Python",Azure Data Engineer,61682.0,56,8.1,No
1057,33,Male,India,East Lisaberg,PhD,Lead,11,BI Analyst,SaaS,SQL,Large,Hybrid,"NumPy, Python, Tableau",Google Data Analytics,44587.0,47,8.3,No
1058,35,Male,Poland,Reynoldsland,Masters,Mid,3,Data Analyst,Retail,Julia,Large,Remote,"Excel, PyTorch, Tableau",None,32338.0,55,6.9,No
1059,35,Male,Brazil,North Jason,PhD,Entry,2,Analytics Engineer,Consulting,Julia,Medium,Onsite,"Tableau, NumPy, Power BI",None,23214.0,52,7.7,Yes
1060,45,Female,UK,Tarahaven,PhD,Lead,12,Business Analyst,Finance,Scala,Large,Hybrid,"PyTorch, Python, SQL",IBM Data Science,63446.0,30,5.5,Yes
1061,27,Other,Germany,New Jeffery,Masters,Lead,14,Analytics Engineer,Retail,R,Medium,Remote,"Spark, SQL, Python",Google Data Analytics,101358.0,35,5.4,No
1062,50,Other,UK,Port Laurenborough,PhD,Lead,16,Data Engineer,Finance,R,Medium,Hybrid,"Pandas, Excel, NumPy",AWS Certified,106764.0,48,7.4,Yes
1063,28,Female,Canada,Millershire,Masters,Senior,9,BI Analyst,E-commerce,Scala,Large,Remote,"Spark, Power BI, Python",TensorFlow Developer,64266.0,51,7.6,Yes
1064,26,Other,Brazil,North Connorbury,Bachelors,Lead,19,Business Analyst,Healthcare,R,Small,Remote,"NumPy, Tableau, Excel",AWS Certified,81070.0,35,7.4,Yes
1065,40,Female,India,North Andrea,Masters,Lead,14,Analytics Engineer,SaaS,Julia,Medium,Hybrid,"Python, Tableau, Power BI",AWS Certified,58910.0,31,9.4,No
1066,34,Female,Poland,Kevinshire,PhD,Lead,13,Data Scientist,Retail,R,Medium,Remote,"PyTorch, Excel, Python",Google Data Analytics,89695.0,42,5.2,Yes
1067,49,Female,Canada,Ashleyberg,Bachelors,Senior,10,Data Scientist,Gaming,R,Large,Remote,"SQL, Tableau, PyTorch",IBM Data Science,73140.0,55,6.9,No
1068,25,Other,USA,Crystalborough,PhD,Lead,14,Machine Learning Engineer,E-commerce,SQL,Small,Onsite,"Pandas, Power BI, Python",Microsoft Power BI,83206.0,58,7.7,Yes
1069,38,Male,USA,New Tracy,PhD,Lead,16,Business Analyst,Gaming,Python,Small,Remote,"Tableau, Excel, Power BI",AWS Certified,76095.0,47,5.5,Yes
1070,28,Female,UK,Nealville,PhD,Lead,15,Analytics Engineer,Retail,Python,Small,Remote,"NumPy, Python, TensorFlow",IBM Data Science,108400.0,54,10.0,Yes
1071,46,Male,Poland,North Danielport,Masters,Entry,1,Data Scientist,EdTech,Julia,Large,Hybrid,"Power BI, SQL, Spark",Google Data Analytics,32798.0,53,6.1,Yes
1072,36,Female,Australia,Dianeshire,Masters,Lead,19,Data Analyst,Finance,Python,Small,Hybrid,"Power BI, Python, Pandas",Google Data Analytics,,43,7.1,Yes
1073,49,Male,UK,Karenberg,Bachelors,Entry,2,AI Engineer,Finance,Scala,Large,Hybrid,"NumPy, Spark, Excel",None,58472.0,55,5.2,No
1074,27,Other,India,Davidtown,PhD,Entry,0,AI Engineer,Consulting,SQL,Medium,Hybrid,"Python, Spark, Power BI",Microsoft Power BI,27244.0,55,4.6,Yes
1075,24,Male,UK,Lake Angelafort,PhD,Senior,7,Data Scientist,Retail,R,Large,Remote,"NumPy, Spark, Power BI",Azure Data Engineer,80678.0,45,6.1,Yes
1076,27,Female,Poland,Josephshire,Masters,Lead,15,Business Analyst,Finance,Scala,Large,Remote,"Python, SQL, Excel",Azure Data Engineer,94534.0,60,9.3,Yes
1077,35,Other,USA,Barnesshire,Bachelors,Lead,17,Machine Learning Engineer,Finance,SQL,Large,Hybrid,"TensorFlow, Power BI, PyTorch",IBM Data Science,121210.0,32,8.5,No
1078,30,Male,Canada,Nicoleborough,Masters,Lead,14,Data Engineer,Finance,Scala,Small,Hybrid,"Pandas, SQL, Python",IBM Data Science,82259.0,47,7.5,Yes
1079,40,Other,UK,New Zacharyshire,Bachelors,Mid,3,Data Scientist,EdTech,Python,Medium,Hybrid,"Excel, Pandas, Spark",None,38221.0,55,7.7,No
1080,38,Other,India,South Brian,Bachelors,Lead,17,BI Analyst,Consulting,R,Medium,Hybrid,"Power BI, TensorFlow, Python",Azure Data Engineer,57346.0,53,7.3,Yes
1081,34,Male,Australia,Gomezside,PhD,Senior,8,Data Engineer,E-commerce,SQL,Large,Hybrid,"Pandas, SQL, Python",Microsoft Power BI,79318.0,37,4.9,Yes
1082,37,Female,Australia,Jessicamouth,Bachelors,Lead,20,Data Analyst,Consulting,R,Large,Hybrid,"SQL, Spark, NumPy",Azure Data Engineer,93103.0,31,9.2,Yes
1083,50,Other,Poland,Lake Terrenceberg,Bachelors,Lead,11,Business Analyst,Consulting,Scala,Large,Onsite,"Pandas, Power BI, Tableau",Microsoft Power BI,71162.0,48,7.7,Yes
1084,45,Other,Germany,New Bradley,PhD,Lead,12,AI Engineer,Retail,SQL,Small,Onsite,"PyTorch, TensorFlow, NumPy",None,80364.0,43,6.5,No
1085,37,Other,India,Petersonshire,Masters,Senior,7,Data Engineer,E-commerce,Scala,Large,Remote,"Tableau, SQL, Spark",TensorFlow Developer,58165.0,45,4.7,Yes
1086,55,Other,India,South Timothy,Bachelors,Entry,2,Business Analyst,EdTech,Julia,Large,Hybrid,"Spark, Excel, PyTorch",None,15985.0,30,8.5,No
1087,51,Other,UK,North Alexanderberg,Bachelors,Mid,4,Machine Learning Engineer,Retail,Python,Small,Onsite,"Python, NumPy, TensorFlow",Azure Data Engineer,39448.0,48,4.1,Yes
1088,24,Male,Canada,Clarkfort,Bachelors,Lead,16,Data Engineer,Healthcare,Scala,Small,Onsite,"SQL, PyTorch, Python",None,72552.0,42,6.3,No
1089,55,Male,USA,Port Brendashire,Masters,Lead,18,Data Analyst,EdTech,Python,Large,Remote,"Excel, Python, Tableau",Microsoft Power BI,131737.0,55,8.9,No
1090,33,Male,UK,Kimberlyside,PhD,Mid,4,Data Scientist,E-commerce,R,Small,Hybrid,"Excel, NumPy, Python",None,39860.0,47,9.9,Yes
1091,31,Male,UK,North Shelbyview,PhD,Lead,18,AI Engineer,Retail,Python,Medium,Hybrid,"Excel, TensorFlow, PyTorch",IBM Data Science,127327.0,34,5.1,Yes
1092,52,Other,India,Lake Christina,Masters,Senior,6,BI Analyst,E-commerce,SQL,Small,Remote,"SQL, Pandas, Tableau",IBM Data Science,,44,4.7,Yes
1093,28,Other,UK,East Julieside,Bachelors,Lead,13,Data Scientist,Retail,SQL,Small,Remote,"Pandas, Tableau, Excel",TensorFlow Developer,71064.0,38,5.3,No
1094,44,Male,India,Jacquelinestad,Masters,Senior,6,Data Scientist,Healthcare,R,Large,Hybrid,"Python, Excel, Power BI",TensorFlow Developer,46221.0,47,8.2,Yes
1095,35,Other,UK,Andrewtown,Masters,Entry,2,Data Scientist,SaaS,Julia,Medium,Hybrid,"Pandas, Excel, Python",TensorFlow Developer,44082.0,52,6.4,No
1096,47,Other,Brazil,Richardsonhaven,Bachelors,Lead,12,Machine Learning Engineer,EdTech,R,Medium,Remote,"SQL, Power BI, Excel",Google Data Analytics,47212.0,60,8.8,Yes
1097,26,Male,USA,Jenniferchester,Masters,Mid,5,Analytics Engineer,Finance,Scala,Large,Remote,"NumPy, Pandas, Excel",IBM Data Science,84506.0,40,8.7,No
1098,32,Other,Germany,Harristown,Bachelors,Lead,17,Data Analyst,Gaming,SQL,Small,Onsite,"Excel, Tableau, SQL",IBM Data Science,100011.0,36,5.2,No
1099,50,Male,Brazil,South Derek,PhD,Lead,13,AI Engineer,Gaming,R,Medium,Remote,"Spark, Tableau, SQL",Microsoft Power BI,60816.0,37,6.6,No
1100,51,Other,Canada,Port Markside,Masters,Senior,6,Analytics Engineer,Gaming,SQL,Medium,Remote,"Python, PyTorch, Power BI",Microsoft Power BI,66569.0,47,6.8,No
1101,40,Female,Canada,New David,PhD,Lead,18,Machine Learning Engineer,SaaS,Julia,Large,Hybrid,"NumPy, Spark, Tableau",None,143252.0,53,9.8,No
1102,47,Other,Germany,Bryantshire,Bachelors,Entry,1,Data Scientist,Gaming,Python,Small,Remote,"Power BI, Python, Tableau",Google Data Analytics,36273.0,50,5.4,No
1103,23,Female,Poland,Basston,PhD,Lead,15,Data Analyst,EdTech,Python,Medium,Onsite,"TensorFlow, Tableau, Spark",IBM Data Science,53106.0,36,8.9,No
1104,43,Female,India,Lake Thomasview,Masters,Lead,18,BI Analyst,E-commerce,R,Large,Onsite,"Pandas, Python, SQL",IBM Data Science,91274.0,51,6.2,No
1105,46,Male,Poland,Henryview,Masters,Senior,6,Analytics Engineer,E-commerce,R,Medium,Onsite,"SQL, Pandas, Tableau",TensorFlow Developer,36473.0,60,6.2,No
1106,52,Female,India,West Danielleborough,PhD,Senior,7,Data Scientist,Retail,SQL,Small,Remote,"SQL, Spark, Excel",AWS Certified,46069.0,42,6.0,No
1107,32,Female,Brazil,New Andreafurt,Bachelors,Lead,16,Data Scientist,Finance,Python,Large,Hybrid,"Spark, Power BI, PyTorch",None,62543.0,33,7.2,No
1108,23,Female,Brazil,Joneshaven,PhD,Lead,11,Business Analyst,Finance,Julia,Large,Remote,"Excel, NumPy, PyTorch",TensorFlow Developer,62632.0,30,10.0,Yes
1109,37,Female,Germany,North Judithburgh,Bachelors,Senior,7,Business Analyst,Gaming,Julia,Small,Onsite,"SQL, Power BI, Tableau",IBM Data Science,52392.0,34,8.5,Yes
1110,42,Other,UK,Thomasmouth,PhD,Lead,12,Machine Learning Engineer,EdTech,SQL,Small,Hybrid,"PyTorch, Pandas, Spark",Google Data Analytics,69039.0,43,8.8,Yes
1111,33,Other,Canada,Alexanderfurt,Masters,Mid,5,Machine Learning Engineer,Finance,Julia,Medium,Hybrid,"Pandas, NumPy, Tableau",TensorFlow Developer,58690.0,54,9.2,No
1112,49,Female,USA,Lake Kathleenborough,Bachelors,Mid,3,Business Analyst,EdTech,Python,Small,Onsite,"Power BI, SQL, NumPy",Azure Data Engineer,33970.0,54,5.3,Yes
1113,49,Male,Canada,Westbury,Bachelors,Entry,2,Analytics Engineer,Consulting,R,Small,Remote,"PyTorch, Power BI, NumPy",None,34071.0,44,4.8,No
1114,28,Other,Australia,Stonefort,PhD,Lead,19,Business Analyst,EdTech,Julia,Large,Hybrid,"Excel, Tableau, TensorFlow",Microsoft Power BI,83829.0,35,4.6,No
1115,48,Other,Brazil,Evansshire,PhD,Senior,9,AI Engineer,SaaS,Julia,Small,Remote,"Excel, Spark, PyTorch",IBM Data Science,60530.0,43,4.6,Yes
1116,47,Female,UK,South Destinyhaven,Masters,Lead,12,Business Analyst,Finance,SQL,Small,Hybrid,"TensorFlow, Spark, Pandas",Azure Data Engineer,63350.0,59,5.7,Yes
1117,22,Other,Australia,Murphyberg,Bachelors,Lead,15,Machine Learning Engineer,Retail,Python,Medium,Onsite,"Spark, TensorFlow, Power BI",Microsoft Power BI,78598.0,47,8.8,Yes
1118,49,Female,Germany,Davidfurt,PhD,Senior,9,Data Scientist,EdTech,Python,Small,Hybrid,"Spark, Pandas, NumPy",AWS Certified,70652.0,51,6.2,Yes
1119,40,Other,USA,West Bruce,Masters,Senior,7,AI Engineer,SaaS,SQL,Medium,Remote,"SQL, PyTorch, TensorFlow",TensorFlow Developer,94130.0,37,8.4,No
1120,39,Female,Canada,Austinmouth,PhD,Lead,11,BI Analyst,Healthcare,SQL,Small,Remote,"Pandas, Excel, SQL",Google Data Analytics,69595.0,51,6.9,No
1121,47,Male,Australia,Stonefort,Masters,Lead,19,Analytics Engineer,Healthcare,Python,Small,Remote,"PyTorch, Pandas, Python",TensorFlow Developer,91728.0,47,7.9,Yes
1122,43,Female,Poland,Kyleside,Bachelors,Senior,6,Data Scientist,Healthcare,Python,Medium,Onsite,"Spark, Python, Excel",AWS Certified,43842.0,60,10.0,Yes
1123,29,Female,Canada,Rileyberg,Bachelors,Senior,7,Analytics Engineer,Consulting,Scala,Small,Hybrid,"Tableau, Excel, Python",Azure Data Engineer,59008.0,48,6.3,Yes
1124,43,Other,Brazil,East Miguelmouth,Bachelors,Lead,11,Analytics Engineer,Gaming,Python,Medium,Onsite,"TensorFlow, Pandas, PyTorch",IBM Data Science,41390.0,49,5.5,Yes
1125,49,Male,UK,West Williammouth,Masters,Lead,14,Data Analyst,Gaming,Julia,Large,Remote,"SQL, NumPy, Pandas",TensorFlow Developer,66294.0,44,8.2,No
1126,45,Female,Australia,Diazburgh,Masters,Senior,7,BI Analyst,E-commerce,Scala,Medium,Onsite,"Excel, Tableau, Power BI",AWS Certified,47828.0,59,4.6,Yes
1127,48,Female,Australia,Lake Patrickfurt,PhD,Lead,20,AI Engineer,EdTech,Python,Small,Remote,"Pandas, SQL, Power BI",TensorFlow Developer,111905.0,52,6.9,Yes
1128,29,Male,Canada,East Victoriaville,Bachelors,Entry,1,Data Analyst,Healthcare,SQL,Small,Hybrid,"TensorFlow, NumPy, Spark",Microsoft Power BI,24721.0,53,6.2,Yes
1129,22,Female,India,Leeburgh,Bachelors,Lead,17,AI Engineer,Healthcare,Python,Large,Hybrid,"SQL, Spark, Excel",None,63690.0,37,6.5,No
1130,39,Male,India,Port Donnachester,Masters,Lead,16,Machine Learning Engineer,SaaS,Julia,Large,Remote,"Excel, Spark, Tableau",TensorFlow Developer,107607.0,42,7.2,No
1131,47,Male,Poland,Davisbury,PhD,Lead,18,Machine Learning Engineer,Gaming,Python,Medium,Remote,"Python, Power BI, NumPy",Google Data Analytics,940488.0,36,7.3,Yes
1132,24,Male,India,Markville,Bachelors,Lead,20,Data Scientist,SaaS,R,Medium,Onsite,"Excel, SQL, Tableau",TensorFlow Developer,72748.0,60,8.3,Yes
1133,49,Other,USA,Michaelburgh,Bachelors,Lead,17,Data Scientist,Healthcare,Julia,Small,Hybrid,"Tableau, TensorFlow, Python",TensorFlow Developer,72042.0,56,7.3,No
1134,38,Other,Australia,Port Melissa,Bachelors,Mid,3,BI Analyst,Finance,Scala,Large,Onsite,"PyTorch, Excel, TensorFlow",AWS Certified,40527.0,37,4.2,No
1135,39,Other,India,Smithport,PhD,Entry,0,Machine Learning Engineer,Gaming,Scala,Large,Onsite,"Excel, NumPy, SQL",IBM Data Science,27003.0,58,6.1,No
1136,23,Other,Poland,New Geneberg,PhD,Lead,11,Data Engineer,SaaS,Scala,Small,Onsite,"SQL, PyTorch, NumPy",None,66290.0,36,9.7,Yes
1137,54,Other,Poland,Brettview,Masters,Mid,5,Data Scientist,EdTech,Python,Small,Onsite,"Spark, Tableau, PyTorch",Microsoft Power BI,31184.0,32,4.3,No
1138,39,Female,Brazil,Lake Carolyn,Masters,Lead,15,AI Engineer,E-commerce,Scala,Small,Remote,"TensorFlow, Python, Tableau",None,65036.0,41,9.1,Yes
1139,22,Male,Australia,New Alec,Masters,Senior,7,Business Analyst,E-commerce,R,Small,Hybrid,"Python, Pandas, Spark",Azure Data Engineer,50807.0,57,5.8,Yes
1140,40,Other,Brazil,New Collinshire,PhD,Lead,15,Business Analyst,E-commerce,Scala,Large,Onsite,"Pandas, Python, Excel",Microsoft Power BI,55732.0,47,6.9,No
1141,54,Female,India,Christopherland,Masters,Lead,20,Business Analyst,Retail,R,Medium,Onsite,"SQL, Python, NumPy",Microsoft Power BI,72174.0,52,6.4,No
1142,43,Other,India,Tylerberg,Bachelors,Lead,12,Data Scientist,Retail,Scala,Large,Remote,"PyTorch, SQL, Power BI",Azure Data Engineer,62902.0,49,6.3,Yes
1143,44,Male,Australia,Derrickmouth,PhD,Senior,7,Data Engineer,Retail,SQL,Medium,Remote,"Tableau, Spark, NumPy",Azure Data Engineer,79053.0,50,8.3,Yes
1144,49,Female,Germany,Jeffreymouth,Bachelors,Lead,17,Machine Learning Engineer,Finance,Python,Medium,Onsite,"Excel, SQL, PyTorch",IBM Data Science,105010.0,44,5.1,Yes
1145,24,Male,Canada,Andreaberg,Masters,Lead,13,Business Analyst,Gaming,Julia,Large,Hybrid,"PyTorch, NumPy, TensorFlow",Microsoft Power BI,87283.0,52,7.1,No
1146,39,Female,Canada,New Kristaberg,Bachelors,Lead,13,Data Engineer,SaaS,Scala,Large,Remote,"Spark, NumPy, Excel",Microsoft Power BI,105762.0,42,8.9,Yes
1147,30,Female,Poland,Smithtown,PhD,Lead,11,Business Analyst,Healthcare,Python,Medium,Hybrid,"NumPy, Tableau, Pandas",AWS Certified,51068.0,51,9.7,Yes
1148,41,Other,UK,East Logan,PhD,Lead,13,Data Engineer,EdTech,Scala,Small,Onsite,"Python, PyTorch, Power BI",Azure Data Engineer,74532.0,59,6.1,No
1149,55,Female,USA,Lake Andrew,Bachelors,Senior,7,Data Scientist,Gaming,Scala,Small,Hybrid,"SQL, Spark, Tableau",AWS Certified,55386.0,45,6.4,No
1150,38,Other,USA,Ashleyberg,Bachelors,Lead,20,Machine Learning Engineer,Healthcare,Julia,Medium,Hybrid,"Power BI, Spark, PyTorch",None,140248.0,32,4.8,No
1151,25,Other,Poland,Walkerville,Bachelors,Mid,3,Business Analyst,Healthcare,SQL,Small,Remote,"Tableau, SQL, Python",Google Data Analytics,26608.0,53,7.2,Yes
1152,55,Female,Canada,East Cynthiamouth,PhD,Senior,8,Data Analyst,SaaS,Python,Small,Onsite,"Tableau, PyTorch, SQL",None,60583.0,37,9.3,No
1153,23,Female,India,Brockstad,Masters,Lead,20,Machine Learning Engineer,Healthcare,SQL,Medium,Hybrid,"SQL, Python, Excel",AWS Certified,65544.0,53,6.6,Yes
1154,38,Other,Brazil,South Samantha,Masters,Lead,16,Business Analyst,Finance,Scala,Medium,Hybrid,"PyTorch, NumPy, SQL",Azure Data Engineer,55560.0,48,4.1,Yes
1155,49,Female,Brazil,Paulmouth,Bachelors,Senior,10,AI Engineer,Consulting,SQL,Medium,Hybrid,"Python, Power BI, PyTorch",Microsoft Power BI,40924.0,44,9.6,No
1156,50,Female,Australia,Port Robinfort,PhD,Senior,9,BI Analyst,E-commerce,SQL,Medium,Hybrid,"Excel, Pandas, TensorFlow",AWS Certified,55708.0,39,8.3,Yes
1157,51,Female,India,North Jennifer,Masters,Lead,16,Analytics Engineer,Gaming,R,Medium,Remote,"PyTorch, NumPy, Tableau",IBM Data Science,,45,8.8,No
1158,39,Other,Poland,South David,PhD,Lead,18,Machine Learning Engineer,Consulting,Python,Large,Onsite,"NumPy, PyTorch, SQL",Azure Data Engineer,109339.0,43,5.5,Yes
1159,29,Other,Brazil,Clementsbury,Masters,Lead,19,Data Analyst,Retail,Julia,Small,Onsite,"Power BI, SQL, Excel",IBM Data Science,81228.0,32,5.7,No
1160,29,Male,Brazil,Port Kaylahaven,Bachelors,Lead,17,Data Scientist,Healthcare,Python,Small,Remote,"NumPy, Power BI, PyTorch",Azure Data Engineer,95443.0,44,10.0,Yes
1161,47,Female,Poland,Douglasmouth,PhD,Lead,11,BI Analyst,Healthcare,Julia,Medium,Onsite,"NumPy, PyTorch, TensorFlow",Google Data Analytics,55907.0,31,9.7,Yes
1162,28,Other,Brazil,Lake Robertside,Bachelors,Lead,17,Data Engineer,Retail,Julia,Large,Hybrid,"PyTorch, Power BI, NumPy",IBM Data Science,66011.0,53,8.9,Yes
1163,43,Male,Canada,South Markmouth,Bachelors,Entry,1,Data Engineer,Gaming,Julia,Large,Onsite,"NumPy, Python, TensorFlow",Microsoft Power BI,46644.0,34,8.4,Yes
1164,50,Female,Poland,Jesseborough,Masters,Senior,6,Data Scientist,Finance,Julia,Large,Remote,"Pandas, Excel, NumPy",Google Data Analytics,63450.0,33,9.1,No
1165,29,Female,Canada,Richardchester,Bachelors,Lead,13,Machine Learning Engineer,Healthcare,Julia,Large,Remote,"Pandas, Spark, Tableau",None,109501.0,41,7.3,No
1166,32,Male,Australia,Alexandershire,Masters,Entry,0,Data Scientist,EdTech,R,Medium,Remote,"SQL, Power BI, Pandas",AWS Certified,43731.0,45,9.3,No
1167,34,Male,Poland,East Benjamin,PhD,Entry,2,Analytics Engineer,Gaming,Julia,Large,Remote,"Power BI, PyTorch, Pandas",AWS Certified,46578.0,48,9.1,No
1168,38,Other,Australia,Port Christian,Masters,Lead,18,Data Scientist,EdTech,Python,Large,Hybrid,"Spark, Tableau, Power BI",Google Data Analytics,118474.0,35,5.1,No
1169,24,Other,Canada,South Rachel,Masters,Senior,10,AI Engineer,Gaming,Python,Medium,Hybrid,"Pandas, Excel, Spark",AWS Certified,82618.0,30,5.0,No
1170,25,Male,India,Martinborough,PhD,Senior,7,Analytics Engineer,Healthcare,Scala,Small,Onsite,"Python, Pandas, Excel",TensorFlow Developer,49710.0,34,9.4,Yes
1171,30,Other,Australia,Coxmouth,Bachelors,Entry,1,Machine Learning Engineer,Finance,Julia,Large,Hybrid,"Spark, SQL, Excel",Microsoft Power BI,51566.0,33,8.1,Yes
1172,50,Female,Australia,West Johnberg,Bachelors,Mid,4,Business Analyst,E-commerce,Julia,Small,Remote,"SQL, Pandas, NumPy",Google Data Analytics,41832.0,38,9.7,Yes
1173,52,Female,India,North Brandon,Bachelors,Lead,13,Analytics Engineer,EdTech,R,Large,Remote,"Tableau, PyTorch, Power BI",Microsoft Power BI,81708.0,55,7.3,No
1174,43,Female,India,West Marcfort,Bachelors,Lead,19,AI Engineer,EdTech,Python,Medium,Hybrid,"Pandas, Tableau, Spark",Azure Data Engineer,95489.0,46,4.1,No
1175,37,Other,Brazil,New Jacob,Bachelors,Lead,11,Machine Learning Engineer,Consulting,Julia,Small,Hybrid,"TensorFlow, Power BI, Pandas",Google Data Analytics,62456.0,50,8.4,Yes
1176,33,Male,Poland,Lake Nichole,PhD,Lead,16,AI Engineer,Retail,R,Large,Onsite,"Tableau, Excel, SQL",None,90460.0,31,6.2,Yes
1177,25,Other,Australia,North Carolyn,PhD,Lead,15,Data Engineer,E-commerce,SQL,Large,Onsite,"Python, Tableau, NumPy",Microsoft Power BI,108874.0,33,8.3,No
1178,37,Other,Germany,Amberstad,Bachelors,Lead,15,Machine Learning Engineer,Healthcare,Scala,Large,Remote,"Power BI, Pandas, NumPy",AWS Certified,79880.0,60,9.2,No
1179,54,Female,USA,Clarkland,Bachelors,Lead,20,Business Analyst,Healthcare,Python,Small,Remote,"Tableau, SQL, Power BI",Google Data Analytics,122484.0,41,9.9,No
1180,35,Other,USA,South Lauren,Masters,Lead,12,AI Engineer,EdTech,R,Small,Onsite,"NumPy, Power BI, Pandas",None,101758.0,47,6.7,No
1181,51,Other,Australia,East Roy,PhD,Mid,4,Machine Learning Engineer,Consulting,SQL,Medium,Onsite,"Python, TensorFlow, Tableau",Google Data Analytics,56812.0,49,7.2,Yes
1182,34,Female,Brazil,Allenmouth,Bachelors,Senior,6,AI Engineer,EdTech,Python,Medium,Hybrid,"Pandas, TensorFlow, NumPy",None,48694.0,36,6.0,Yes
1183,33,Male,India,Deanmouth,PhD,Mid,4,Data Scntist,Retail,Julia,Medium,Hybrid,"Excel, TensorFlow, Tableau",Google Data Analytics,26010.0,53,9.1,No
1184,37,Male,India,North Elizabethchester,Masters,Entry,2,Data Engineer,E-commerce,Python,Large,Remote,"Spark, TensorFlow, Tableau",Azure Data Engineer,38829.0,52,8.7,No
1185,55,Other,USA,Johnsonburgh,Masters,Senior,8,Business Analyst,Healthcare,R,Small,Hybrid,"NumPy, Python, Power BI",Azure Data Engineer,52294.0,54,7.6,No
1186,29,Male,Brazil,Rachelchester,Bachelors,Mid,5,BI Analyst,Finance,Python,Large,Remote,"Tableau, Power BI, TensorFlow",Microsoft Power BI,,34,7.6,No
1187,25,Other,Brazil,New Kennethchester,Bachelors,Lead,18,AI Engineer,Consulting,R,Small,Onsite,"Power BI, TensorFlow, Python",Microsoft Power BI,72604.0,51,4.1,Yes
1188,27,Female,UK,Jonathanton,PhD,Lead,11,Data Scientist,EdTech,Scala,Small,Remote,"NumPy, SQL, Pandas",TensorFlow Developer,63698.0,54,7.3,No
1189,33,Other,Australia,Lake Jenniferbury,PhD,Senior,10,AI Engineer,Consulting,SQL,Large,Remote,"TensorFlow, Power BI, PyTorch",None,96703.0,60,9.6,Yes
1190,55,Other,Canada,Nelsonside,Masters,Senior,10,Business Analyst,Gaming,SQL,Large,Onsite,"Tableau, TensorFlow, Excel",TensorFlow Developer,71091.0,41,4.8,No
1191,35,Other,Brazil,Alexismouth,Bachelors,Lead,20,Machine Learning Engineer,Gaming,R,Medium,Onsite,"Power BI, NumPy, Excel",TensorFlow Developer,86048.0,40,6.3,No
1192,37,Male,India,Smithshire,PhD,Lead,19,Analytics Engineer,Consulting,SQL,Small,Onsite,"Pandas, Spark, PyTorch",Google Data Analytics,90890.0,41,6.2,Yes
1193,54,Female,Australia,East Christinafurt,Bachelors,Senior,8,AI Engineer,Retail,SQL,Small,Hybrid,"NumPy, TensorFlow, PyTorch",Microsoft Power BI,55200.0,45,8.6,Yes
1194,36,Other,Canada,Marcchester,Masters,Mid,4,Machine Learning Engineer,Finance,Julia,Large,Hybrid,"SQL, Tableau, Power BI",None,61448.0,30,4.6,No
1195,46,Female,Brazil,Port Williamstad,Bachelors,Lead,13,AI Engineer,Consulting,Python,Small,Onsite,"TensorFlow, Power BI, PyTorch",None,53122.0,52,9.6,No
1196,29,Female,India,Clarkville,Bachelors,Lead,16,Analytics Engineer,Healthcare,Python,Medium,Onsite,"NumPy, PyTorch, Python",None,55936.0,54,4.4,Yes
1197,50,Female,USA,East Marie,Masters,Senior,7,Data Analyst,Healthcare,SQL,Large,Onsite,"TensorFlow, SQL, PyTorch",Azure Data Engineer,74042.0,35,7.4,Yes
1198,51,Other,Poland,North Zacharyville,Bachelors,Senior,8,Data Scientist,Finance,Scala,Small,Onsite,"NumPy, Pandas, Spark",Google Data Analytics,50981.0,46,9.2,No
1199,51,Female,Canada,Port Mariahaven,PhD,Lead,17,Data Scntist,EdTech,Python,Medium,Remote,"Spark, PyTorch, Pandas",Microsoft Power BI,133083.0,39,7.3,Yes
1200,51,Male,Australia,West Davidfort,PhD,Lead,12,Data Analyst,EdTech,R,Medium,Remote,"Python, Pandas, Tableau",IBM Data Science,73466.0,30,5.4,No
1201,53,Male,USA,West Mario,PhD,Mid,4,BI Analyst,Healthcare,Julia,Large,Remote,"Tableau, TensorFlow, Pandas",TensorFlow Developer,79860.0,33,7.8,Yes
1202,22,Male,India,New Nicholaston,PhD,Senior,9,Data Engineer,Consulting,Julia,Small,Hybrid,"Tableau, NumPy, Spark",None,52132.0,32,7.7,Yes
1203,38,Female,Brazil,Mckeestad,Masters,Entry,1,Data Analyst,Healthcare,R,Large,Onsite,"Power BI, Spark, Tableau",TensorFlow Developer,,38,8.8,No
1204,39,Other,India,Natalieborough,Bachelors,Mid,3,Data Scientist,E-commerce,SQL,Large,Onsite,"Excel, NumPy, Pandas",Microsoft Power BI,23601.0,51,5.9,Yes
1205,36,Male,Australia,South Sarah,PhD,Lead,17,Machine Learning Engineer,EdTech,Julia,Large,Remote,"PyTorch, Power BI, Python",Google Data Analytics,130816.0,31,7.0,Yes
1206,31,Male,India,Garciaside,PhD,Entry,0,Data Analyst,E-commerce,SQL,Small,Hybrid,"PyTorch, Spark, Tableau",Azure Data Engineer,11331.0,39,8.7,No
1207,33,Female,Germany,East Jennifermouth,Masters,Entry,2,BI Analyst,Consulting,Julia,Large,Onsite,"Python, TensorFlow, Tableau",IBM Data Science,42444.0,50,9.1,No
1208,30,Female,Brazil,Lindaside,Masters,Lead,20,BI Analyst,Gaming,Julia,Small,Remote,"Excel, Python, SQL",Google Data Analytics,61792.0,39,5.4,Yes
1209,44,Male,USA,Gonzalezview,Bachelors,Lead,12,Business Analyst,E-commerce,Python,Small,Onsite,"Excel, TensorFlow, Power BI",Google Data Analytics,59895.0,45,6.1,No
1210,36,Other,Poland,South Christineshire,PhD,Lead,17,Data Engineer,EdTech,SQL,Large,Remote,"SQL, Python, Power BI",IBM Data Science,117938.0,40,9.8,Yes
1211,24,Other,USA,Ryanchester,Masters,Lead,14,Analytics Engineer,Consulting,Python,Small,Remote,"PyTorch, SQL, Pandas",Google Data Analytics,79832.0,41,8.3,Yes
1212,45,Female,UK,Barnettside,Masters,Entry,2,Data Analyst,Gaming,R,Medium,Hybrid,"Power BI, Python, Excel",Azure Data Engineer,36118.0,53,9.2,No
1213,40,Female,Canada,Juliemouth,Masters,Lead,12,Data Analyst,Retail,R,Small,Hybrid,"Python, TensorFlow, Excel",IBM Data Science,81002.0,32,9.6,No
1214,44,Male,Canada,North Lindsey,Masters,Senior,8,Data Scientist,EdTech,R,Medium,Hybrid,"Python, Pandas, Power BI",Google Data Analytics,80644.0,45,8.4,Yes
1215,50,Female,Canada,New Timothyville,PhD,Lead,16,Machine Learning Engineer,Healthcare,Python,Large,Hybrid,"PyTorch, SQL, Python",None,125471.0,56,8.7,No
1216,52,Male,India,South Codyport,Bachelors,Lead,17,BI Analyst,SaaS,R,Medium,Hybrid,"Spark, PyTorch, Pandas",IBM Data Science,65124.0,60,6.0,No
1217,37,Male,Canada,Henryland,Masters,Senior,10,Machine Learning Engineer,Consulting,R,Large,Onsite,"SQL, PyTorch, Excel",IBM Data Science,105849.0,53,9.8,No
1218,22,Male,Canada,Gonzalezberg,Bachelors,Mid,5,AI Engineer,SaaS,Python,Small,Remote,"Python, Excel, Power BI",IBM Data Science,55597.0,54,7.2,No
1219,34,Female,Germany,Lake Danielbury,PhD,Mid,3,Data Analyst,Healthcare,Julia,Medium,Remote,"Excel, PyTorch, Pandas",Azure Data Engineer,38290.0,36,7.4,No
1220,26,Male,Canada,South Cynthiafurt,Masters,Lead,15,Data Engineer,SaaS,SQL,Medium,Onsite,"Tableau, Excel, SQL",TensorFlow Developer,91149.0,56,9.3,Yes
1221,52,Female,Germany,East Brettfurt,PhD,Lead,14,Data Engineer,Finance,Scala,Large,Onsite,"PyTorch, Excel, Python",None,94137.0,49,7.3,No
1222,42,Other,Australia,West Michael,Bachelors,Entry,1,BI Analyst,E-commerce,Julia,Large,Onsite,"NumPy, Spark, Python",AWS Certified,37848.0,55,7.2,Yes
1223,54,Other,Germany,East Donnaborough,Masters,Senior,10,Machine Learning Engineer,E-commerce,Python,Large,Remote,"Spark, Python, Excel",None,104591.0,31,7.5,Yes
1224,49,Female,USA,Baileyport,PhD,Mid,5,AI Engineer,Retail,R,Medium,Hybrid,"NumPy, Excel, SQL",None,90458.0,49,9.1,Yes
1225,34,Female,Australia,Lake Kennethview,Bachelors,Senior,7,Business Analyst,SaaS,Scala,Large,Remote,"Python, PyTorch, Power BI",IBM Data Science,70610.0,56,7.4,Yes
1226,44,Female,UK,Coxborough,PhD,Lead,20,Machine Learning Engineer,EdTech,Python,Large,Remote,"Python, SQL, Pandas",TensorFlow Developer,140592.0,39,4.4,Yes
1227,23,Female,Brazil,New Feliciamouth,Bachelors,Lead,13,BI Analyst,SaaS,R,Large,Hybrid,"Spark, Python, SQL",IBM Data Science,69119.0,39,5.4,No
1228,38,Other,Australia,Jamesside,Masters,Lead,19,Machine Learning Engineer,Consulting,SQL,Medium,Remote,"PyTorch, TensorFlow, Spark",None,125418.0,47,4.7,No
1229,46,Female,Brazil,West Cynthiaberg,PhD,Senior,9,Analytics Engineer,EdTech,Scala,Small,Onsite,"SQL, Pandas, Tableau",None,56995.0,39,9.0,No
1230,32,Other,Germany,West Michael,Bachelors,Lead,19,Data Analyst,Consulting,Julia,Medium,Hybrid,"Tableau, NumPy, TensorFlow",None,85345.0,42,4.2,No
1231,27,Other,Brazil,East Misty,Masters,Lead,11,Data Scntist,Healthcare,SQL,Large,Hybrid,"Pandas, PyTorch, Tableau",AWS Certified,59699.0,56,6.7,No
1232,35,Male,India,Beverlyburgh,Masters,Lead,20,Business Analyst,Consulting,Scala,Large,Hybrid,"SQL, Spark, Tableau",Google Data Analytics,104045.0,40,5.8,No
1233,32,Male,Australia,Port Amber,Masters,Lead,17,BI Analyst,E-commerce,Python,Small,Onsite,"Pandas, PyTorch, Spark",IBM Data Science,101402.0,50,9.3,No
1234,35,Other,USA,Port Kathystad,PhD,Lead,12,Machine Learning Engineer,Finance,Julia,Small,Onsite,"NumPy, Power BI, Tableau",Microsoft Power BI,77401.0,36,8.5,Yes
1235,39,Male,USA,Hornstad,PhD,Lead,13,Analytics Engineer,EdTech,Python,Small,Remote,"Tableau, Pandas, Power BI",None,93561.0,30,10.0,No
1236,23,Male,USA,New Stephen,Bachelors,Lead,18,Analytics Engineer,SaaS,SQL,Large,Onsite,"Power BI, TensorFlow, PyTorch",IBM Data Science,106532.0,43,8.6,No
1237,24,Female,Brazil,Hillville,PhD,Entry,2,Data Analyst,Healthcare,SQL,Large,Onsite,"Tableau, Pandas, Spark",IBM Data Science,29370.0,42,5.8,Yes
1238,42,Other,Australia,Tanyaview,Bachelors,Senior,8,Machine Learning Engineer,Gaming,R,Small,Hybrid,"NumPy, PyTorch, SQL",Azure Data Engineer,50444.0,51,8.5,Yes
1239,33,Female,Brazil,Jefferyshire,Masters,Entry,1,Data Scientist,Gaming,Python,Medium,Hybrid,"NumPy, SQL, Tableau",TensorFlow Developer,22926.0,31,7.0,Yes
1240,31,Other,UK,West John,Masters,Lead,17,Data Engineer,Retail,Scala,Small,Onsite,"Power BI, SQL, PyTorch",AWS Certified,68142.0,40,5.2,Yes
1241,55,Other,Poland,Port Carolineville,PhD,Lead,18,Data Engineer,Healthcare,SQL,Small,Remote,"NumPy, Python, Power BI",AWS Certified,71640.0,54,7.7,No
1242,30,Male,Canada,Gregoryfort,PhD,Mid,3,Analytics Engineer,Healthcare,Julia,Medium,Remote,"SQL, TensorFlow, Spark",AWS Certified,59918.0,57,4.3,No
1243,24,Female,Brazil,Wrightstad,Bachelors,Lead,15,AI Engineer,Gaming,R,Small,Remote,"NumPy, TensorFlow, PyTorch",IBM Data Science,77733.0,57,8.2,Yes
1244,27,Female,Canada,Christopherfort,Bachelors,Lead,12,BI Analyst,Healthcare,Python,Medium,Remote,"SQL, Power BI, NumPy",IBM Data Science,80202.0,40,9.9,No
1245,37,Male,Australia,Beckerborough,Masters,Mid,3,AI Engineer,Healthcare,Python,Small,Hybrid,"PyTorch, NumPy, Spark",Google Data Analytics,52364.0,52,6.5,No
1246,50,Female,Australia,Lake Mark,Bachelors,Lead,17,Machine Learning Engineer,EdTech,R,Small,Hybrid,"Spark, Tableau, SQL",None,85381.0,32,6.2,Yes
1247,42,Female,Poland,Amandachester,Bachelors,Lead,20,Business Analyst,E-commerce,SQL,Small,Remote,"Excel, Spark, Power BI",Azure Data Engineer,76759.0,58,5.1,Yes
1248,46,Male,USA,Richardfurt,Bachelors,Senior,7,Analytics Engineer,Healthcare,Python,Small,Remote,"Excel, NumPy, PyTorch",None,60771.0,45,6.2,No
1249,51,Male,Australia,South Lydia,Masters,Lead,15,Data Scientist,SaaS,Julia,Large,Onsite,"Pandas, TensorFlow, Excel",IBM Data Science,95184.0,52,5.9,No
1250,36,Other,Canada,West Adam,Bachelors,Lead,15,Business Analyst,EdTech,Scala,Small,Remote,"Tableau, Power BI, NumPy",Azure Data Engineer,90501.0,34,7.5,No
1251,24,Female,Canada,Henrystad,PhD,Senior,6,Data Engineer,E-commerce,Scala,Small,Remote,"Power BI, Excel, SQL",TensorFlow Developer,62934.0,41,7.3,Yes
1252,22,Male,USA,South Carolyn,Masters,Lead,16,BI Analyst,E-commerce,SQL,Small,Hybrid,"SQL, PyTorch, Power BI",IBM Data Science,92022.0,32,6.6,Yes
1253,51,Male,Brazil,Jenniferport,Bachelors,Lead,12,Data Analyst,Consulting,SQL,Small,Onsite,"Pandas, Power BI, Tableau",TensorFlow Developer,59538.0,40,7.0,Yes
1254,36,Other,Australia,Dixonberg,Bachelors,Lead,11,Machine Learning Engineer,SaaS,R,Small,Onsite,"Tableau, PyTorch, Power BI",Google Data Analytics,58379.0,42,5.1,Yes
1255,45,Female,Poland,East Matthewstad,Masters,Senior,10,Data Scientist,Finance,SQL,Large,Onsite,"Pandas, Excel, SQL",None,56630.0,34,9.2,No
1256,34,Female,Poland,Port Tylershire,Bachelors,Entry,2,Data Analyst,EdTech,Julia,Small,Hybrid,"NumPy, Tableau, Excel",None,22819.0,35,9.5,No
1257,33,Female,Brazil,Lake Susan,PhD,Lead,19,Data Scientist,Healthcare,Scala,Small,Remote,"Power BI, Excel, NumPy",IBM Data Science,84910.0,35,4.8,Yes
1258,39,Other,Poland,Wilsonburgh,PhD,Lead,13,AI Engineer,Finance,SQL,Medium,Onsite,"NumPy, Tableau, PyTorch",Microsoft Power BI,92905.0,53,4.8,Yes
1259,34,Other,Brazil,Lake Briantown,Masters,Senior,9,AI Engineer,EdTech,SQL,Large,Onsite,"TensorFlow, NumPy, PyTorch",TensorFlow Developer,69468.0,49,6.5,Yes
1260,55,Female,India,New Patrickville,Masters,Mid,4,Machine Learning Engineer,Healthcare,SQL,Small,Hybrid,"NumPy, PyTorch, Spark",None,29129.0,31,8.3,Yes
1261,50,Female,UK,Dustinchester,PhD,Senior,6,BI Analyst,Retail,R,Large,Onsite,"NumPy, Tableau, Pandas",Azure Data Engineer,69398.0,59,5.4,No
1262,38,Female,Brazil,West Johnburgh,Bachelors,Lead,14,Analytics Engineer,EdTech,Python,Small,Onsite,"Power BI, SQL, NumPy",IBM Data Science,76838.0,35,5.2,No
1263,48,Male,Poland,Lake Jodi,Masters,Lead,17,Machine Learning Engineer,SaaS,Julia,Small,Onsite,"Excel, Tableau, NumPy",AWS Certified,75797.0,36,8.9,Yes
1264,48,Other,Brazil,Lake Andrew,PhD,Lead,15,Analytics Engineer,Gaming,SQL,Small,Hybrid,"TensorFlow, Pandas, Power BI",Azure Data Engineer,78580.0,50,4.7,No
1265,48,Male,India,Coryville,Masters,Lead,12,AI Engineer,Retail,Scala,Medium,Remote,"Power BI, Python, PyTorch",None,81589.0,37,4.1,No
1266,51,Female,UK,Lake Michael,Masters,Senior,9,Business Analyst,Healthcare,Scala,Large,Remote,"Pandas, Excel, Python",IBM Data Science,72790.0,53,8.0,No
1267,23,Other,India,Lindahaven,PhD,Senior,7,Machine Learning Engineer,Retail,SQL,Large,Onsite,"SQL, Excel, Tableau",Azure Data Engineer,42008.0,33,6.9,Yes
1268,38,Other,Canada,Port Brandy,Masters,Lead,14,Data Engineer,Retail,Scala,Large,Hybrid,"NumPy, Power BI, Python",Microsoft Power BI,98377.0,56,7.0,Yes
1269,49,Male,India,North Williamfurt,Bachelors,Lead,17,Data Engineer,E-commerce,Python,Small,Hybrid,"Pandas, Tableau, SQL",Microsoft Power BI,90858.0,34,8.9,No
1270,37,Female,India,Maloneborough,Bachelors,Senior,7,Data Analyst,SaaS,Scala,Medium,Remote,"Power BI, Spark, SQL",IBM Data Science,49600.0,45,5.9,Yes
1271,24,Male,Poland,Scottview,Masters,Senior,9,Data Scientist,Gaming,R,Medium,Hybrid,"NumPy, Spark, Pandas",Azure Data Engineer,60812.0,34,6.9,No
1272,40,Female,Germany,Lake Jessicamouth,Bachelors,Lead,11,Analytics Engineer,Gaming,SQL,Large,Remote,"Pandas, Python, Spark",IBM Data Science,69080.0,54,5.5,Yes
1273,26,Male,Brazil,Martinezland,PhD,Lead,15,Machine Learning Engineer,SaaS,Julia,Large,Onsite,"PyTorch, Python, Power BI",TensorFlow Developer,101282.0,39,7.3,No
1274,48,Female,USA,East Patty,Bachelors,Lead,20,Business Analyst,Healthcare,Scala,Medium,Hybrid,"TensorFlow, NumPy, Spark",Google Data Analytics,71650.0,42,9.7,No
1275,53,Other,Canada,Jamesstad,Masters,Lead,14,AI Engineer,Finance,Scala,Small,Onsite,"Excel, Spark, NumPy",IBM Data Science,96216.0,45,5.2,Yes
1276,26,Female,Canada,Edwardton,Masters,Senior,6,Machine Learning Engineer,Retail,Python,Small,Hybrid,"NumPy, Excel, Spark",TensorFlow Developer,62408.0,37,9.8,No
1277,33,Female,Germany,Fisherville,PhD,Entry,2,Machine Learning Engineer,Healthcare,R,Small,Hybrid,"Pandas, PyTorch, NumPy",Microsoft Power BI,45915.0,34,7.3,No
1278,45,Male,Poland,Calebhaven,Masters,Lead,16,Data Engineer,Healthcare,R,Medium,Onsite,"SQL, Excel, Python",AWS Certified,94285.0,38,8.0,No
1279,32,Male,USA,Port Andresborough,Bachelors,Lead,17,AI Engineer,Gaming,R,Large,Onsite,"NumPy, Tableau, Pandas",Microsoft Power BI,116728.0,37,8.4,No
1280,23,Male,Poland,New Paul,Masters,Lead,19,Analytics Engineer,E-commerce,SQL,Large,Onsite,"Power BI, Python, SQL",None,122973.0,53,8.2,Yes
1281,50,Male,UK,South Marcborough,Masters,Lead,20,AI Engineer,Healthcare,R,Small,Onsite,"Python, Tableau, Pandas",None,78833.0,59,6.5,No
1282,53,Other,Poland,Bonnieshire,Bachelors,Senior,10,Business Analyst,Healthcare,SQL,Medium,Hybrid,"NumPy, Excel, Power BI",IBM Data Science,46610.0,49,8.6,No
1283,33,Other,Germany,Lake Roberta,Masters,Entry,1,Data Scntist,Consulting,R,Medium,Remote,"Pandas, NumPy, Excel",Microsoft Power BI,47250.0,35,4.8,No
1284,30,Male,Canada,Lake Susanstad,PhD,Senior,10,Machine Learning Engineer,SaaS,Scala,Medium,Hybrid,"SQL, PyTorch, NumPy",None,74759.0,46,4.2,No
1285,25,Male,USA,Lake Kevinland,Bachelors,Lead,11,Analytics Engineer,Finance,SQL,Medium,Hybrid,"Tableau, NumPy, Excel",IBM Data Science,71001.0,35,7.9,Yes
1286,47,Male,Poland,East Jeffrey,Bachelors,Lead,13,Data Engineer,Gaming,R,Large,Hybrid,"NumPy, TensorFlow, Power BI",TensorFlow Developer,94305.0,32,6.7,No
1287,54,Other,Brazil,Grayborough,Bachelors,Lead,18,BI Analyst,E-commerce,Scala,Large,Remote,"Spark, Tableau, TensorFlow",None,104852.0,36,4.4,No
1288,30,Male,Poland,Jasminebury,Masters,Entry,0,Business Analyst,Finance,Python,Medium,Onsite,"Python, Spark, NumPy",Microsoft Power BI,18966.0,32,7.0,No
1289,52,Female,India,Aaronville,Bachelors,Senior,8,BI Analyst,Gaming,SQL,Medium,Remote,"Tableau, PyTorch, NumPy",None,53646.0,43,7.7,No
1290,45,Other,USA,Jenkinsfort,Masters,Senior,8,Data Scntist,Consulting,SQL,Small,Remote,"Tableau, PyTorch, SQL",Microsoft Power BI,80797.0,59,6.0,Yes
1291,23,Other,Germany,East Davidstad,Masters,Lead,11,BI Analyst,Retail,Julia,Small,Remote,"Power BI, Spark, TensorFlow",None,55147.0,43,5.1,No
1292,48,Male,Poland,Ortizstad,Masters,Entry,1,Business Analyst,Gaming,Scala,Large,Onsite,"Pandas, NumPy, PyTorch",TensorFlow Developer,28786.0,52,8.2,No
1293,32,Male,India,East Marychester,PhD,Senior,7,AI Engineer,SaaS,SQL,Small,Remote,"Spark, SQL, Tableau",IBM Data Science,54284.0,57,4.1,Yes
1294,48,Other,UK,Angelabury,Bachelors,Mid,5,Business Analyst,Finance,Python,Large,Onsite,"TensorFlow, SQL, Excel",None,42663.0,59,6.8,Yes
1295,36,Other,Australia,Port Destinystad,Masters,Entry,2,AI Engineer,Finance,Scala,Medium,Onsite,"TensorFlow, SQL, Python",Azure Data Engineer,55175.0,36,4.9,No
1296,53,Other,Australia,North Michaelview,PhD,Entry,2,Data Analyst,E-commerce,SQL,Large,Onsite,"Python, Power BI, NumPy",Google Data Analytics,47993.0,38,5.5,No
1297,31,Male,Poland,Gabriellefort,Bachelors,Lead,18,Data Engineer,SaaS,Python,Medium,Remote,"Tableau, Spark, NumPy",Azure Data Engineer,73693.0,55,6.6,Yes
1298,32,Female,USA,Parrishshire,Masters,Lead,13,Data Scientist,E-commerce,SQL,Medium,Hybrid,"TensorFlow, Excel, Power BI",AWS Certified,82150.0,54,7.4,Yes
1299,49,Female,India,Kennethhaven,Masters,Senior,8,Business Analyst,Consulting,SQL,Small,Hybrid,"PyTorch, Spark, Tableau",AWS Certified,44105.0,38,9.6,Yes
1300,47,Other,Brazil,New Nancy,Bachelors,Senior,9,AI Engineer,Retail,SQL,Small,Hybrid,"PyTorch, Power BI, Pandas",IBM Data Science,58027.0,31,5.5,No
1301,50,Female,Brazil,West Andrewmouth,PhD,Senior,9,BI Analyst,EdTech,Python,Medium,Remote,"Pandas, Spark, Tableau",Azure Data Engineer,62840.0,47,4.2,No
1302,53,Other,Brazil,Jenniferview,Bachelors,Senior,7,Data Scientist,Healthcare,R,Large,Onsite,"SQL, Power BI, PyTorch",IBM Data Science,45078.0,40,7.5,Yes
1303,54,Male,Brazil,Fitzgeraldton,Masters,Lead,17,AI Engineer,Gaming,R,Large,Onsite,"NumPy, SQL, Python",TensorFlow Developer,116323.0,58,6.7,No
1304,36,Female,Canada,Singletonview,PhD,Lead,14,Data Analyst,Retail,Scala,Medium,Onsite,"TensorFlow, Power BI, SQL",None,87241.0,52,10.0,No
1305,39,Male,Brazil,Schultzview,Masters,Mid,4,AI Engineer,E-commerce,R,Small,Remote,"Power BI, Spark, PyTorch",TensorFlow Developer,41240.0,39,4.2,No
1306,30,Other,Germany,South Jaredmouth,Masters,Senior,9,Data Engineer,Retail,Julia,Medium,Hybrid,"SQL, TensorFlow, Python",None,82386.0,37,7.0,Yes
1307,31,Female,Australia,North Anthony,Bachelors,Entry,2,Analytics Engineer,Gaming,Python,Large,Remote,"NumPy, Python, PyTorch",Google Data Analytics,48027.0,35,5.6,Yes
1308,38,Other,UK,Williamsport,Bachelors,Senior,8,Machine Learning Engineer,Gaming,R,Medium,Onsite,"Power BI, Tableau, Spark",Azure Data Engineer,73206.0,32,4.2,No
1309,51,Other,India,Lake Crystalmouth,Masters,Lead,15,Data Analyst,E-commerce,SQL,Large,Onsite,"Spark, Pandas, NumPy",AWS Certified,65047.0,56,5.2,Yes
1310,34,Female,Poland,Lake Kyle,Bachelors,Entry,2,Business Analyst,Consulting,SQL,Small,Hybrid,"Python, TensorFlow, Tableau",None,22258.0,49,4.6,No
1311,26,Male,USA,Lake Rachelshire,Bachelors,Lead,13,Data Scientist,Finance,SQL,Large,Onsite,"Tableau, Spark, Power BI",Azure Data Engineer,110143.0,55,9.6,No
1312,24,Female,USA,New Kirk,Masters,Mid,4,Analytics Engineer,Healthcare,Julia,Large,Onsite,"Power BI, Tableau, SQL",TensorFlow Developer,69008.0,48,9.8,Yes
1313,31,Other,Poland,New Tina,Bachelors,Lead,20,AI Engineer,E-commerce,Python,Small,Remote,"Power BI, SQL, Spark",None,82845.0,32,6.8,No
1314,26,Female,UK,Lake John,Masters,Mid,5,AI Engineer,E-commerce,Julia,Medium,Onsite,"Power BI, TensorFlow, PyTorch",None,59866.0,59,7.1,No
1315,26,Other,Poland,Lake Angela,Bachelors,Senior,8,Machine Learning Engineer,SaaS,Scala,Large,Hybrid,"NumPy, Pandas, Python",IBM Data Science,53276.0,31,5.5,No
1316,45,Other,Canada,East Christopherfurt,PhD,Lead,11,Machine Learning Engineer,E-commerce,R,Large,Onsite,"Spark, SQL, Tableau",IBM Data Science,104476.0,49,7.7,Yes
1317,36,Male,UK,Gayside,Masters,Mid,5,Machine Learning Engineer,EdTech,Julia,Small,Hybrid,"Tableau, Power BI, Pandas",TensorFlow Developer,49640.0,58,6.3,Yes
1318,42,Other,UK,West Robertville,Masters,Mid,3,Machine Learning Engineer,Consulting,Scala,Large,Hybrid,"SQL, Tableau, Python",TensorFlow Developer,59451.0,60,5.8,No
1319,37,Other,Brazil,East Brad,Masters,Lead,14,Analytics Engineer,E-commerce,R,Large,Remote,"Power BI, TensorFlow, Excel",AWS Certified,85019.0,55,4.2,No
1320,51,Male,Poland,Lake Andrea,Bachelors,Lead,17,Business Analyst,Finance,R,Medium,Hybrid,"Power BI, NumPy, Python",Google Data Analytics,74288.0,31,6.8,Yes
1321,24,Female,India,Julieville,Bachelors,Entry,2,AI Engineer,SaaS,SQL,Large,Hybrid,"Pandas, SQL, NumPy",AWS Certified,31810.0,31,6.6,Yes
1322,37,Female,Germany,East Aaronberg,PhD,Entry,2,AI Engineer,EdTech,R,Medium,Onsite,"Pandas, Python, SQL",TensorFlow Developer,61630.0,40,8.2,No
1323,30,Female,USA,Lisahaven,Bachelors,Lead,18,BI Analyst,E-commerce,Julia,Medium,Hybrid,"PyTorch, Spark, Tableau",TensorFlow Developer,82063.0,40,4.7,Yes
1324,49,Other,UK,Campbellfurt,PhD,Lead,14,AI Engineer,Finance,Julia,Large,Onsite,"Python, TensorFlow, Power BI",AWS Certified,123963.0,36,6.5,Yes
1325,22,Male,UK,Port David,Masters,Senior,7,Data Engineer,E-commerce,Scala,Small,Onsite,"TensorFlow, PyTorch, NumPy",Google Data Analytics,61612.0,44,8.4,No
1326,42,Female,UK,Mcdanielburgh,Bachelors,Lead,15,Analytics Engineer,Retail,R,Medium,Hybrid,"Python, PyTorch, Spark",Microsoft Power BI,88956.0,50,9.0,No
1327,38,Other,Brazil,South Tracy,Bachelors,Lead,20,Machine Learning Engineer,EdTech,Python,Small,Hybrid,"NumPy, Power BI, Pandas",AWS Certified,66002.0,38,4.3,No
1328,33,Male,Australia,Port Jason,Masters,Entry,1,Data Scientist,Finance,Python,Medium,Remote,"Pandas, Excel, Tableau",IBM Data Science,45276.0,42,6.8,Yes
1329,30,Male,UK,Williamsview,Bachelors,Lead,15,AI Engineer,Retail,Python,Small,Hybrid,"PyTorch, SQL, Python",IBM Data Science,71497.0,57,4.0,Yes
1330,46,Female,Canada,Robbinsberg,Bachelors,Lead,11,Data Analyst,Healthcare,Julia,Large,Onsite,"SQL, Excel, TensorFlow",Google Data Analytics,80798.0,55,9.4,Yes
1331,27,Male,Australia,Millerberg,Bachelors,Entry,0,Data Analyst,Finance,SQL,Large,Remote,"TensorFlow, NumPy, Python",Azure Data Engineer,31642.0,54,8.7,Yes
1332,52,Male,Canada,Lake Carol,Masters,Entry,0,Data Analyst,Retail,SQL,Large,Remote,"PyTorch, Excel, Spark",TensorFlow Developer,37783.0,44,8.5,No
1333,31,Male,Australia,Reedborough,PhD,Lead,19,Data Engineer,Consulting,R,Medium,Hybrid,"Spark, Python, Tableau",Google Data Analytics,141973.0,43,5.3,Yes
1334,52,Female,UK,West Victoria,Masters,Lead,18,Data Analyst,SaaS,Julia,Medium,Onsite,"SQL, NumPy, PyTorch",None,63838.0,34,4.8,Yes
1335,54,Male,India,Port Michaelburgh,PhD,Mid,3,Data Scientist,Retail,Python,Medium,Hybrid,"PyTorch, Spark, SQL",Google Data Analytics,28476.0,59,7.2,No
1336,35,Male,USA,Ericton,Bachelors,Senior,8,BI Analyst,Finance,Python,Medium,Remote,"Pandas, Spark, NumPy",Google Data Analytics,78602.0,43,5.3,No
1337,22,Other,USA,Port Robert,PhD,Lead,12,Business Analyst,Retail,R,Medium,Hybrid,"Power BI, Python, NumPy",TensorFlow Developer,83352.0,34,9.8,Yes
1338,40,Male,Germany,Markville,Bachelors,Mid,3,Analytics Engineer,EdTech,SQL,Medium,Remote,"TensorFlow, Power BI, NumPy",TensorFlow Developer,45411.0,30,4.3,Yes
1339,42,Other,Brazil,Glendaville,Bachelors,Lead,15,BI Analyst,EdTech,Python,Large,Onsite,"SQL, Python, Power BI",None,55805.0,47,6.8,Yes
1340,50,Male,Germany,East Susanfurt,Bachelors,Senior,8,Data Scntist,Healthcare,Scala,Small,Hybrid,"Tableau, Power BI, Pandas",AWS Certified,51309.0,32,9.5,Yes
1341,27,Other,India,Hicksside,PhD,Lead,14,AI Engineer,Retail,Julia,Small,Remote,"Tableau, NumPy, Pandas",Google Data Analytics,77551.0,35,4.8,Yes
1342,37,Female,UK,South Michael,Bachelors,Entry,0,Data Scientist,Consulting,R,Small,Hybrid,"PyTorch, Pandas, Tableau",TensorFlow Developer,23720.0,33,5.3,No
1343,29,Male,Germany,East Sandramouth,Masters,Entry,1,Data Analyst,Consulting,Python,Large,Onsite,"TensorFlow, Tableau, NumPy",IBM Data Science,36207.0,37,5.7,No
1344,33,Other,UK,Brownland,Masters,Mid,5,Analytics Engineer,Gaming,SQL,Medium,Onsite,"Pandas, Spark, TensorFlow",AWS Certified,45021.0,46,7.4,No
1345,49,Female,UK,Paulview,Bachelors,Mid,5,Business Analyst,EdTech,R,Small,Remote,"Power BI, Spark, NumPy",Google Data Analytics,51082.0,37,9.8,Yes
1346,23,Female,Canada,North Christopherbury,Bachelors,Lead,20,Analytics Engineer,E-commerce,SQL,Small,Onsite,"SQL, Power BI, NumPy",IBM Data Science,111671.0,42,8.4,Yes
1347,40,Male,India,Martinborough,PhD,Lead,20,AI Engineer,SaaS,Julia,Large,Remote,"Pandas, PyTorch, NumPy",IBM Data Science,115208.0,46,4.3,No
1348,35,Other,UK,Johnsonland,PhD,Lead,17,Business Analyst,Consulting,Scala,Large,Remote,"NumPy, Pandas, PyTorch",Microsoft Power BI,90465.0,57,6.3,Yes
1349,41,Female,Germany,Craigport,Bachelors,Entry,2,Data Engineer,Gaming,Julia,Small,Onsite,"Excel, SQL, PyTorch",IBM Data Science,32264.0,48,5.5,Yes
1350,24,Female,Brazil,Stephentown,Bachelors,Lead,16,Data Analyst,Retail,Scala,Medium,Hybrid,"Spark, SQL, Power BI",Microsoft Power BI,49038.0,48,4.7,Yes
1351,55,Female,Germany,Lake Jessica,PhD,Lead,11,Data Analyst,E-commerce,SQL,Large,Hybrid,"NumPy, TensorFlow, Excel",None,59738.0,33,7.5,Yes
1352,48,Other,India,Matthewsshire,PhD,Senior,6,BI Analyst,Consulting,SQL,Medium,Onsite,"Power BI, NumPy, Pandas",TensorFlow Developer,34785.0,49,5.9,No
1353,44,Other,UK,New Ivanland,Bachelors,Lead,11,BI Analyst,E-commerce,SQL,Small,Hybrid,"Excel, Tableau, Power BI",Google Data Analytics,69255.0,38,8.6,No
1354,42,Male,UK,North Traciville,Masters,Lead,11,Data Analyst,Retail,R,Small,Onsite,"PyTorch, Spark, NumPy",TensorFlow Developer,61064.0,44,8.6,Yes
1355,32,Male,India,North Georgeton,Masters,Lead,20,Machine Learning Engineer,Gaming,Scala,Medium,Hybrid,"TensorFlow, PyTorch, Python",IBM Data Science,75071.0,39,7.1,No
1356,27,Female,India,West Josephfurt,Masters,Mid,5,Data Engineer,Consulting,SQL,Small,Hybrid,"TensorFlow, PyTorch, Python",Google Data Analytics,31645.0,57,7.2,Yes
1357,22,Female,Germany,Port Johnshire,Bachelors,Lead,15,Data Scientist,Retail,Scala,Medium,Onsite,"SQL, PyTorch, Tableau",None,102210.0,32,5.1,Yes
1358,35,Other,India,Lake Brandonside,Bachelors,Senior,10,Data Scientist,Healthcare,Julia,Medium,Remote,"Tableau, PyTorch, Excel",IBM Data Science,53722.0,37,9.3,Yes
1359,49,Female,Canada,North Marissa,Bachelors,Lead,16,AI Engineer,Gaming,SQL,Large,Onsite,"TensorFlow, PyTorch, Power BI",None,114851.0,55,4.9,Yes
1360,24,Other,Canada,Washingtonmouth,Bachelors,Senior,6,Data Scientist,SaaS,R,Small,Hybrid,"PyTorch, SQL, Power BI",None,54090.0,39,8.2,No
1361,34,Male,USA,Port Paulfurt,Bachelors,Entry,2,Analytics Engineer,SaaS,SQL,Medium,Onsite,"Tableau, Python, Pandas",Google Data Analytics,46060.0,57,9.8,Yes
1362,23,Male,Australia,New Georgetown,Bachelors,Lead,14,AI Engineer,EdTech,Julia,Small,Onsite,"NumPy, Tableau, Excel",Google Data Analytics,77849.0,34,7.9,Yes
1363,23,Other,Canada,Port Catherineshire,Masters,Senior,10,Data Engineer,Retail,Python,Medium,Hybrid,"Excel, TensorFlow, NumPy",Microsoft Power BI,88827.0,32,8.9,Yes
1364,33,Male,India,Michelleberg,PhD,Senior,8,Analytics Engineer,Gaming,R,Medium,Remote,"Python, PyTorch, Tableau",Google Data Analytics,56737.0,45,9.8,Yes
1365,47,Female,Poland,Alvareztown,Masters,Lead,15,Machine Learning Engineer,Retail,Julia,Small,Hybrid,"NumPy, Excel, Power BI",None,62760.0,54,5.5,No
1366,31,Other,UK,Port Sharon,Masters,Senior,9,Business Analyst,E-commerce,Scala,Small,Hybrid,"Tableau, Power BI, Spark",AWS Certified,66269.0,60,6.4,No
1367,24,Male,Germany,North Elizabethborough,PhD,Entry,2,BI Analyst,Finance,Scala,Small,Onsite,"Pandas, Tableau, Power BI",IBM Data Science,37626.0,59,7.4,Yes
1368,24,Female,USA,Stevenview,Masters,Lead,11,BI Analyst,E-commerce,Scala,Medium,Hybrid,"Tableau, SQL, Excel",TensorFlow Developer,91352.0,35,7.3,Yes
1369,44,Male,Brazil,Jonathanmouth,Bachelors,Entry,0,Data Analyst,Finance,Python,Large,Onsite,"Tableau, TensorFlow, Excel",Azure Data Engineer,16019.0,44,5.4,Yes
1370,30,Other,Germany,Brentchester,PhD,Mid,4,Business Analyst,EdTech,Python,Small,Onsite,"NumPy, Python, PyTorch",AWS Certified,39313.0,52,9.8,Yes
1371,49,Male,Australia,West Shelbymouth,Bachelors,Mid,4,Data Analyst,Consulting,Python,Large,Hybrid,"Pandas, Power BI, SQL",None,51545.0,55,5.1,No
1372,30,Female,UK,Andrewside,Masters,Mid,5,BI Analyst,Finance,Julia,Medium,Hybrid,"Python, Excel, Spark",Azure Data Engineer,40127.0,39,4.4,Yes
1373,27,Male,Canada,Jamesview,Masters,Lead,11,Data Scientist,Retail,R,Large,Hybrid,"Excel, NumPy, TensorFlow",None,72225.0,36,9.7,No
1374,45,Female,Germany,Port Megan,PhD,Senior,9,Business Analyst,Retail,Python,Medium,Hybrid,"Pandas, SQL, Python",TensorFlow Developer,74170.0,32,5.2,No
1375,29,Male,Canada,South Michaelside,PhD,Senior,7,BI Analyst,EdTech,SQL,Small,Hybrid,"PyTorch, Tableau, Pandas",Azure Data Engineer,40598.0,44,6.9,Yes
1376,38,Male,Germany,Gregoryport,Masters,Lead,15,Machine Learning Engineer,EdTech,R,Medium,Remote,"Python, TensorFlow, Pandas",Google Data Analytics,97905.0,56,8.4,Yes
1377,30,Male,India,West Kristenstad,Bachelors,Lead,11,Machine Learning Engineer,E-commerce,Scala,Small,Remote,"SQL, Excel, Spark",None,56080.0,49,9.7,Yes
1378,32,Male,Australia,Anthonyville,Masters,Lead,11,Data Scientist,Consulting,Python,Large,Hybrid,"Power BI, Pandas, SQL",TensorFlow Developer,88896.0,34,8.3,Yes
1379,36,Male,India,North Haydenbury,Bachelors,Senior,10,BI Analyst,E-commerce,Python,Medium,Hybrid,"Pandas, Spark, Tableau",TensorFlow Developer,60928.0,33,6.1,Yes
1380,36,Male,Canada,West Elizabeth,Masters,Entry,1,BI Analyst,Retail,R,Small,Hybrid,"Python, Tableau, Pandas",IBM Data Science,29587.0,42,9.6,No
1381,29,Female,India,New Jason,Masters,Mid,5,AI Engineer,Consulting,Scala,Large,Hybrid,"Power BI, TensorFlow, NumPy",IBM Data Science,48619.0,45,7.9,Yes
1382,51,Female,Australia,Reneeburgh,Masters,Lead,19,Analytics Engineer,Retail,R,Large,Remote,"NumPy, Python, SQL",AWS Certified,140861.0,32,9.8,Yes
1383,41,Other,Poland,Port Lisafurt,PhD,Entry,1,Data Engineer,Consulting,Julia,Medium,Hybrid,"NumPy, SQL, Spark",Microsoft Power BI,30804.0,38,7.4,Yes
1384,36,Male,Australia,South Lauraside,Masters,Entry,1,Data Analyst,Consulting,SQL,Medium,Onsite,"Power BI, NumPy, TensorFlow",Azure Data Engineer,30664.0,55,5.8,Yes
1385,38,Other,Canada,North Megan,Bachelors,Entry,0,Data Scntist,Consulting,Python,Large,Remote,"TensorFlow, Python, SQL",Google Data Analytics,34020.0,32,4.9,No
1386,53,Male,Canada,Claudiashire,Masters,Lead,12,AI Engineer,E-commerce,Julia,Small,Remote,"Python, Tableau, Excel",AWS Certified,94329.0,39,7.1,Yes
1387,27,Female,Australia,New Raymondside,Bachelors,Senior,7,Business Analyst,SaaS,R,Large,Remote,"PyTorch, Power BI, SQL",Microsoft Power BI,55264.0,44,7.8,Yes
1388,24,Female,Canada,Weberberg,Bachelors,Senior,8,Business Analyst,Retail,Scala,Medium,Onsite,"Excel, Python, NumPy",Azure Data Engineer,42142.0,59,9.0,Yes
1389,55,Female,Germany,Annville,Bachelors,Lead,12,Business Analyst,E-commerce,R,Small,Remote,"Excel, Spark, PyTorch",Azure Data Engineer,58736.0,40,8.6,No
1390,27,Other,UK,Lake Danny,Bachelors,Senior,6,BI Analyst,Retail,SQL,Small,Onsite,"Python, Power BI, Pandas",None,36670.0,36,8.2,No
1391,41,Male,Brazil,Gutierrezburgh,Bachelors,Entry,2,Data Scientist,E-commerce,Scala,Medium,Remote,"Excel, Power BI, PyTorch",Microsoft Power BI,28457.0,30,4.9,No
1392,50,Other,Canada,Lisaburgh,PhD,Senior,6,Machine Learning Engineer,SaaS,Python,Small,Hybrid,"Spark, Python, Power BI",AWS Certified,68141.0,46,5.1,No
1393,42,Male,Poland,Thompsonshire,PhD,Entry,1,Analytics Engineer,EdTech,Scala,Large,Onsite,"NumPy, SQL, TensorFlow",IBM Data Science,32542.0,59,8.6,No
1394,43,Female,Germany,Stephenville,PhD,Entry,2,Business Analyst,Consulting,R,Small,Remote,"Excel, Spark, Power BI",Microsoft Power BI,34966.0,49,9.3,Yes
1395,42,Female,Germany,Shellyland,PhD,Senior,9,AI Engineer,SaaS,Julia,Small,Hybrid,"Tableau, Python, Pandas",Google Data Analytics,86088.0,41,8.0,No
1396,51,Female,Australia,Lake James,Masters,Lead,13,Data Engineer,Retail,SQL,Large,Remote,"Pandas, SQL, PyTorch",IBM Data Science,101479.0,60,8.8,No
1397,39,Female,Germany,Murphyshire,Masters,Lead,15,Data Analyst,Retail,Python,Large,Hybrid,"Python, Spark, Pandas",IBM Data Science,105357.0,54,9.3,Yes
1398,24,Other,India,Port John,Bachelors,Senior,6,Data Analyst,Healthcare,R,Large,Hybrid,"SQL, Tableau, Python",Microsoft Power BI,38728.0,32,7.0,No
1399,49,Other,Poland,East Vincentville,Bachelors,Lead,11,AI Engineer,Healthcare,Python,Large,Hybrid,"Excel, TensorFlow, PyTorch",Google Data Analytics,79102.0,31,7.2,No
1400,23,Other,Poland,East Tiffany,PhD,Lead,15,Business Analyst,E-commerce,Julia,Large,Hybrid,"NumPy, PyTorch, Pandas",None,69549.0,41,5.5,Yes
1401,36,Female,USA,West Kimberlyview,PhD,Mid,4,Machine Learning Engineer,Gaming,R,Large,Hybrid,"Python, Excel, SQL",None,88596.0,40,9.3,No
1402,49,Female,USA,North Steven,PhD,Senior,6,Data Scientist,SaaS,Python,Large,Hybrid,"PyTorch, SQL, Pandas",Microsoft Power BI,94852.0,47,4.6,Yes
1403,39,Male,Germany,Chadhaven,Masters,Entry,1,Data Analyst,Finance,Python,Small,Hybrid,"Python, SQL, Spark",TensorFlow Developer,25114.0,41,5.0,Yes
1404,31,Other,UK,New Jennifer,Masters,Senior,10,Analytics Engineer,Healthcare,Julia,Small,Remote,"NumPy, Spark, PyTorch",Microsoft Power BI,69245.0,57,5.3,Yes
1405,32,Male,Canada,Clintonmouth,Masters,Senior,10,AI Engineer,Healthcare,Python,Large,Hybrid,"Python, SQL, Power BI",AWS Certified,101525.0,42,5.9,Yes
1406,25,Male,Canada,Andrewville,PhD,Mid,5,Machine Learning Engineer,Healthcare,Scala,Small,Remote,"SQL, TensorFlow, PyTorch",None,62920.0,58,9.7,No
1407,39,Male,UK,Adamton,Bachelors,Senior,7,Data Analyst,Retail,R,Large,Remote,"SQL, Spark, Tableau",None,62682.0,42,8.7,Yes
1408,37,Other,Australia,North David,Bachelors,Lead,15,Business Analyst,EdTech,Julia,Large,Remote,"Pandas, Excel, SQL",TensorFlow Developer,85020.0,52,5.7,No
1409,25,Female,Canada,Reillychester,PhD,Mid,3,Data Scntist,Consulting,Scala,Small,Onsite,"Tableau, Python, NumPy",Azure Data Engineer,55434.0,59,4.1,No
1410,33,Other,Canada,Jeremiahhaven,Bachelors,Entry,1,Data Analyst,SaaS,Julia,Medium,Onsite,"SQL, Tableau, Python",Microsoft Power BI,28537.0,50,8.5,Yes
1411,23,Male,USA,South Michael,PhD,Senior,8,Data Analyst,Finance,R,Large,Hybrid,"TensorFlow, Pandas, Spark",AWS Certified,67824.0,59,5.2,Yes
1412,32,Female,Poland,Huffmanchester,PhD,Senior,9,Data Engineer,SaaS,SQL,Small,Remote,"Power BI, Python, Pandas",AWS Certified,48942.0,32,9.2,Yes
1413,26,Male,UK,Waltersfort,Masters,Mid,4,Data Analyst,E-commerce,Python,Medium,Onsite,"Tableau, Excel, Python",Azure Data Engineer,41877.0,51,5.6,Yes
1414,35,Female,Australia,North Lori,PhD,Lead,17,Machine Learning Engineer,Consulting,R,Small,Hybrid,"Spark, Python, Pandas",Azure Data Engineer,115418.0,50,6.2,Yes
1415,36,Other,Brazil,Susantown,PhD,Senior,8,Business Analyst,E-commerce,Julia,Medium,Hybrid,"Excel, TensorFlow, Tableau",TensorFlow Developer,39155.0,52,9.4,No
1416,26,Other,Germany,West Pamelaburgh,PhD,Lead,12,Data Scientist,E-commerce,Julia,Medium,Hybrid,"NumPy, Tableau, PyTorch",Google Data Analytics,85930.0,55,5.1,No
1417,22,Female,Poland,Cassandramouth,Bachelors,Mid,4,AI Engineer,SaaS,Python,Medium,Hybrid,"Spark, SQL, Pandas",Azure Data Engineer,38013.0,45,4.1,Yes
1418,49,Male,Germany,Houstonburgh,Bachelors,Senior,10,Analytics Engineer,Healthcare,SQL,Medium,Hybrid,"PyTorch, Tableau, Power BI",Azure Data Engineer,73172.0,34,4.8,Yes
1419,43,Male,UK,East Steve,PhD,Lead,17,Machine Learning Engineer,Retail,Python,Large,Onsite,"TensorFlow, NumPy, Tableau",TensorFlow Developer,90983.0,31,4.6,Yes
1420,32,Female,Poland,South Taylorfurt,PhD,Senior,7,Analytics Engineer,EdTech,R,Medium,Remote,"Pandas, NumPy, SQL",Google Data Analytics,53797.0,53,4.4,No
1421,45,Female,Brazil,Williammouth,PhD,Lead,12,Machine Learning Engineer,Gaming,Python,Large,Remote,"NumPy, PyTorch, Tableau",Azure Data Engineer,69574.0,54,4.9,Yes
1422,48,Other,Canada,Lake Dennisberg,PhD,Entry,0,Machine Learning Engineer,EdTech,Julia,Small,Hybrid,"NumPy, Spark, PyTorch",Microsoft Power BI,40445.0,49,9.5,No
1423,34,Female,Poland,North Roberthaven,Masters,Lead,12,Data Engineer,EdTech,R,Medium,Remote,"Tableau, Excel, PyTorch",IBM Data Science,58532.0,56,9.9,Yes
1424,49,Male,Canada,Andreland,Masters,Mid,3,Data Engineer,Healthcare,Scala,Small,Hybrid,"TensorFlow, Power BI, NumPy",Google Data Analytics,44657.0,56,4.4,Yes
1425,50,Female,USA,Howardland,Masters,Lead,14,Data Engineer,Finance,Julia,Large,Onsite,"TensorFlow, Power BI, Excel",Microsoft Power BI,114572.0,35,5.5,Yes
1426,55,Female,Poland,Markbury,Bachelors,Lead,11,Data Analyst,Healthcare,Python,Medium,Hybrid,"Pandas, Power BI, TensorFlow",TensorFlow Developer,60559.0,53,6.7,No
1427,40,Male,Poland,Lake Paulbury,Masters,Senior,6,Analytics Engineer,E-commerce,Julia,Medium,Onsite,"SQL, Spark, TensorFlow",AWS Certified,43227.0,53,8.7,No
1428,53,Other,Australia,Joseside,Bachelors,Mid,4,Data Engineer,EdTech,Python,Medium,Remote,"Python, SQL, Pandas",AWS Certified,51958.0,47,5.8,Yes
1429,41,Other,Germany,New Timothyfort,PhD,Lead,12,Machine Learning Engineer,Retail,SQL,Small,Onsite,"Tableau, PyTorch, NumPy",None,77753.0,48,6.5,Yes
1430,40,Other,Australia,Reedberg,Bachelors,Lead,19,Machine Learning Engineer,Healthcare,R,Medium,Onsite,"Power BI, Tableau, Excel",AWS Certified,82863.0,37,7.9,No
1431,46,Other,Brazil,East Luis,Masters,Senior,10,Machine Learning Engineer,Healthcare,R,Small,Hybrid,"Tableau, Excel, Pandas",TensorFlow Developer,60344.0,47,4.8,Yes
1432,28,Other,Brazil,Johnmouth,Masters,Lead,20,BI Analyst,Consulting,R,Small,Remote,"PyTorch, Excel, Spark",Google Data Analytics,75896.0,47,7.4,Yes
1433,40,Male,Canada,Ashleyfurt,PhD,Senior,6,BI Analyst,Healthcare,SQL,Small,Onsite,"SQL, PyTorch, Spark",None,52247.0,45,9.9,No
1434,43,Other,UK,North Emilyberg,PhD,Entry,2,Data Scientist,EdTech,Julia,Large,Onsite,"Python, TensorFlow, Power BI",AWS Certified,58651.0,35,8.8,No
1435,37,Other,Poland,Lake Michele,Masters,Lead,18,BI Analyst,E-commerce,Julia,Large,Onsite,"Excel, TensorFlow, NumPy",TensorFlow Developer,65659.0,39,7.6,Yes
1436,55,Female,Germany,Lake Megan,Masters,Senior,10,Analytics Engineer,Healthcare,SQL,Small,Remote,"SQL, Pandas, Python",Google Data Analytics,62530.0,37,7.4,No
1437,37,Male,Brazil,Johnsonland,Masters,Lead,13,Data Scientist,SaaS,Scala,Medium,Onsite,"Python, Pandas, TensorFlow",Azure Data Engineer,56947.0,34,7.8,No
1438,25,Male,UK,Mariashire,Masters,Lead,19,Data Engineer,Gaming,R,Small,Remote,"SQL, NumPy, Python",AWS Certified,91531.0,39,5.8,No
1439,36,Other,Poland,Andreamouth,PhD,Mid,4,AI Engineer,Retail,R,Medium,Onsite,"TensorFlow, Excel, Pandas",TensorFlow Developer,48914.0,32,5.1,Yes
1440,26,Other,Australia,Callahanton,PhD,Lead,17,Data Engineer,E-commerce,Julia,Small,Hybrid,"NumPy, Power BI, Pandas",Microsoft Power BI,115639.0,34,5.7,No
1441,46,Female,UK,East Dawn,Bachelors,Mid,4,Business Analyst,EdTech,Julia,Small,Hybrid,"SQL, Spark, NumPy",None,29641.0,49,5.5,No
1442,30,Male,UK,Port Marcusborough,PhD,Entry,1,Machine Learning Engineer,Healthcare,Python,Medium,Onsite,"Spark, SQL, Tableau",Azure Data Engineer,50060.0,36,4.4,Yes
1443,44,Female,USA,Patrickberg,PhD,Lead,11,Business Analyst,EdTech,Scala,Small,Remote,"PyTorch, SQL, Pandas",IBM Data Science,67004.0,47,4.3,Yes
1444,42,Male,USA,East Elizabethstad,Masters,Lead,11,Data Analyst,Healthcare,Julia,Medium,Remote,"Pandas, Power BI, Python",TensorFlow Developer,93982.0,35,9.9,Yes
1445,25,Male,Canada,Navarroshire,Masters,Senior,10,Data Engineer,E-commerce,Julia,Medium,Remote,"SQL, Python, NumPy",AWS Certified,70437.0,41,8.7,Yes
1446,33,Male,UK,Rodriguezchester,Bachelors,Mid,5,Business Analyst,Finance,Python,Medium,Remote,"TensorFlow, PyTorch, Power BI",TensorFlow Developer,48807.0,48,4.2,Yes
1447,43,Female,India,New Colinfurt,Bachelors,Lead,14,Business Analyst,Retail,R,Small,Hybrid,"Excel, Spark, NumPy",Google Data Analytics,64050.0,38,8.0,Yes
1448,54,Male,Brazil,South Briannachester,Bachelors,Lead,11,Business Analyst,E-commerce,SQL,Small,Remote,"SQL, NumPy, PyTorch",IBM Data Science,63653.0,44,8.6,No
1449,38,Other,India,Rodriguezbury,PhD,Lead,17,Analytics Engineer,EdTech,Julia,Large,Remote,"NumPy, Spark, Power BI",AWS Certified,70835.0,51,8.1,Yes
1450,29,Male,India,East Davidberg,PhD,Entry,2,Data Engineer,SaaS,SQL,Medium,Onsite,"SQL, Spark, PyTorch",AWS Certified,31984.0,45,6.7,Yes
1451,54,Male,Canada,Gonzalesberg,Masters,Senior,10,Analytics Engineer,Gaming,SQL,Medium,Remote,"Pandas, TensorFlow, NumPy",Microsoft Power BI,,51,9.5,Yes
1452,34,Male,UK,South Justin,PhD,Entry,0,Data Analyst,Gaming,R,Small,Remote,"PyTorch, NumPy, Power BI",Microsoft Power BI,25908.0,45,5.7,Yes
1453,33,Other,UK,Ryanside,Bachelors,Lead,14,Analytics Engineer,Consulting,Python,Large,Remote,"Power BI, PyTorch, SQL",TensorFlow Developer,76284.0,50,7.1,No
1454,28,Other,Canada,Brandonfort,Masters,Lead,11,Data Analyst,Consulting,Julia,Medium,Onsite,"Python, Excel, PyTorch",IBM Data Science,58933.0,50,9.0,No
1455,51,Other,India,New Haydenberg,PhD,Mid,5,Analytics Engineer,Finance,Python,Large,Onsite,"Tableau, NumPy, Pandas",TensorFlow Developer,46979.0,41,9.2,No
1456,24,Other,USA,Lake Christophertown,Bachelors,Lead,20,BI Analyst,EdTech,SQL,Medium,Onsite,"Tableau, PyTorch, TensorFlow",AWS Certified,110006.0,52,4.1,No
1457,23,Male,Australia,East Timothy,PhD,Entry,1,Business Analyst,E-commerce,SQL,Large,Remote,"Excel, Pandas, TensorFlow",Microsoft Power BI,50385.0,32,5.5,No
1458,40,Female,India,New Heidiview,Bachelors,Lead,20,BI Analyst,Finance,R,Small,Hybrid,"TensorFlow, SQL, NumPy",None,51907.0,49,5.7,No
1459,46,Other,Canada,Daniellestad,Bachelors,Mid,5,Analytics Engineer,EdTech,Scala,Small,Hybrid,"PyTorch, NumPy, Spark",None,45190.0,59,7.1,No
1460,46,Other,Poland,Burnsville,PhD,Mid,3,Data Scntist,EdTech,Julia,Medium,Onsite,"SQL, Tableau, Spark",TensorFlow Developer,34689.0,51,7.4,Yes
1461,51,Female,USA,Castromouth,Masters,Lead,16,AI Engineer,Consulting,Python,Medium,Remote,"PyTorch, Tableau, Pandas",Azure Data Engineer,132638.0,59,7.4,Yes
1462,51,Male,Brazil,Port Ronaldbury,Masters,Senior,10,Business Analyst,EdTech,Scala,Medium,Remote,"PyTorch, Pandas, TensorFlow",Azure Data Engineer,62407.0,37,5.1,Yes
1463,50,Other,Germany,East Colleenshire,PhD,Mid,4,BI Analyst,Gaming,Python,Small,Hybrid,"Excel, Pandas, SQL",Azure Data Engineer,47018.0,32,8.6,Yes
1464,55,Other,UK,North Geraldfort,Bachelors,Lead,18,Machine Learning Engineer,Finance,Scala,Large,Remote,"NumPy, Excel, Spark",AWS Certified,127334.0,42,5.0,No
1465,49,Other,Poland,South Katie,Masters,Mid,3,AI Engineer,Finance,Scala,Small,Hybrid,"NumPy, Power BI, TensorFlow",Google Data Analytics,36395.0,49,5.2,Yes
1466,42,Other,India,Lake Guy,Masters,Senior,9,Business Analyst,Consulting,Julia,Large,Onsite,"Power BI, Excel, Spark",IBM Data Science,45549.0,50,9.3,No
1467,33,Female,Germany,Frazierfurt,PhD,Lead,15,Machine Learning Engineer,EdTech,Python,Small,Onsite,"Pandas, Excel, Python",None,95702.0,59,4.8,Yes
1468,43,Male,Poland,Perkinschester,Masters,Lead,13,Data Scientist,Healthcare,SQL,Small,Remote,"Excel, NumPy, Pandas",IBM Data Science,91516.0,57,5.3,No
1469,52,Male,UK,Lake Jamesfurt,Masters,Lead,19,BI Analyst,EdTech,Python,Small,Onsite,"Python, Power BI, Spark",None,93954.0,57,7.4,No
1470,51,Male,Germany,Lake Victoriaside,Bachelors,Entry,0,Data Analyst,Finance,SQL,Medium,Hybrid,"NumPy, Python, TensorFlow",None,23450.0,53,7.1,Yes
1471,39,Other,India,East Bryanview,Masters,Lead,18,AI Engineer,Consulting,R,Large,Hybrid,"TensorFlow, NumPy, Pandas",TensorFlow Developer,102957.0,44,6.5,Yes
1472,34,Other,Poland,Michelleside,Bachelors,Mid,4,Business Analyst,Healthcare,Julia,Large,Remote,"Excel, Power BI, Tableau",AWS Certified,37988.0,42,4.4,No
1473,27,Other,UK,West Makayla,PhD,Senior,10,AI Engineer,Finance,Python,Large,Remote,"Tableau, Power BI, Excel",Microsoft Power BI,105816.0,35,5.1,No
1474,28,Female,India,Andersonville,PhD,Mid,4,AI Engineer,Consulting,Python,Small,Onsite,"SQL, Python, TensorFlow",IBM Data Science,36188.0,49,5.4,No
1475,35,Female,Australia,New Christinemouth,Masters,Mid,5,AI Engineer,Retail,Julia,Large,Remote,"Pandas, Excel, NumPy",AWS Certified,87012.0,46,5.2,No
1476,29,Female,India,Daniellemouth,Bachelors,Lead,15,Business Analyst,Gaming,SQL,Large,Onsite,"Python, SQL, Pandas",None,82227.0,53,6.1,No
1477,35,Male,India,Port Phillipview,Bachelors,Senior,8,Analytics Engineer,Healthcare,Scala,Small,Remote,"PyTorch, TensorFlow, Tableau",IBM Data Science,53146.0,43,7.7,No
1478,43,Female,Canada,Port Alyssatown,Bachelors,Senior,8,Analytics Engineer,EdTech,Julia,Small,Hybrid,"TensorFlow, Power BI, PyTorch",AWS Certified,60575.0,41,10.0,Yes
1479,22,Other,India,West Thomas,PhD,Lead,19,BI Analyst,Consulting,Scala,Small,Remote,"PyTorch, Tableau, Spark",Azure Data Engineer,82454.0,36,6.0,Yes
1480,41,Male,Canada,Farleychester,PhD,Senior,7,Data Analyst,Consulting,R,Large,Onsite,"NumPy, TensorFlow, SQL",None,63303.0,57,6.2,Yes
1481,31,Female,Poland,Sullivanbury,PhD,Lead,17,Business Analyst,Healthcare,Python,Large,Hybrid,"Spark, SQL, Excel",TensorFlow Developer,89511.0,58,9.0,No
1482,44,Female,USA,Amandaport,Bachelors,Mid,3,Analytics Engineer,EdTech,Python,Small,Onsite,"NumPy, Python, SQL",None,40192.0,60,4.8,Yes
1483,40,Other,UK,West Douglas,Bachelors,Lead,18,AI Engineer,Healthcare,Julia,Small,Hybrid,"TensorFlow, Tableau, SQL",None,76483.0,41,6.8,No
1484,33,Male,Brazil,Bethanymouth,PhD,Senior,6,Data Engineer,Consulting,Python,Medium,Hybrid,"Tableau, Pandas, Python",Google Data Analytics,39422.0,40,8.3,Yes
1485,44,Other,Germany,Christianburgh,Masters,Entry,2,Business Analyst,E-commerce,SQL,Small,Remote,"NumPy, Excel, PyTorch",Google Data Analytics,,53,6.3,Yes
1486,48,Other,USA,Santiagochester,Masters,Mid,5,Analytics Engineer,E-commerce,Python,Small,Hybrid,"Excel, Spark, Python",Google Data Analytics,59713.0,59,7.3,No
1487,41,Male,Canada,East Deborahmouth,Bachelors,Lead,14,Data Scientist,EdTech,R,Medium,Remote,"PyTorch, Spark, TensorFlow",IBM Data Science,83578.0,49,8.3,Yes
1488,33,Male,USA,Hallstad,PhD,Entry,1,Data Scientist,Retail,Python,Large,Onsite,"Python, Power BI, SQL",None,75142.0,60,6.4,Yes
1489,42,Other,Brazil,Annport,Bachelors,Mid,4,Data Engineer,Retail,Python,Large,Remote,"PyTorch, TensorFlow, Pandas",TensorFlow Developer,38759.0,37,9.3,No
1490,54,Other,Australia,Debraberg,Bachelors,Entry,2,AI Engineer,E-commerce,R,Small,Onsite,"Pandas, NumPy, PyTorch",Azure Data Engineer,47427.0,49,7.3,No
1491,25,Male,Canada,New Michaelland,PhD,Lead,20,Data Analyst,SaaS,Julia,Large,Hybrid,"Pandas, Tableau, PyTorch",TensorFlow Developer,99604.0,41,8.5,No
1492,32,Other,UK,Brittanytown,Bachelors,Senior,9,Business Analyst,SaaS,Julia,Large,Hybrid,"SQL, Tableau, PyTorch",None,45677.0,38,6.2,Yes
1493,29,Female,Brazil,Brownton,Bachelors,Lead,20,Data Engineer,E-commerce,R,Large,Onsite,"Tableau, Pandas, PyTorch",Microsoft Power BI,112688.0,39,6.9,Yes
1494,25,Other,Canada,Smithview,Masters,Entry,0,AI Engineer,Consulting,SQL,Small,Hybrid,"TensorFlow, PyTorch, Python",TensorFlow Developer,39948.0,35,4.3,No
1495,22,Female,Australia,New Crystalborough,Bachelors,Entry,0,Data Scientist,Gaming,Scala,Medium,Remote,"Tableau, Pandas, Python",Google Data Analytics,35722.0,30,6.9,Yes
1496,55,Other,India,Benjaminville,PhD,Lead,16,Data Scientist,SaaS,Scala,Medium,Onsite,"SQL, Tableau, NumPy",Microsoft Power BI,92220.0,34,7.0,No
1497,46,Male,Brazil,Port Manuelborough,Bachelors,Lead,11,Data Scientist,E-commerce,Julia,Medium,Hybrid,"PyTorch, Tableau, Spark",AWS Certified,71175.0,52,7.3,No
1498,35,Female,Australia,Davidchester,Bachelors,Senior,10,Analytics Engineer,E-commerce,Scala,Medium,Remote,"TensorFlow, Python, Excel",TensorFlow Developer,74444.0,55,8.5,Yes
1499,38,Female,Australia,Sullivanside,Bachelors,Senior,7,AI Engineer,SaaS,Scala,Medium,Onsite,"Python, Power BI, Pandas",None,57127.0,57,4.2,Yes
1500,27,Male,Canada,North Olivia,Masters,Lead,14,Data Scientist,EdTech,Julia,Medium,Remote,"TensorFlow, Spark, SQL",Google Data Analytics,105807.0,44,9.3,Yes
1501,25,Female,Canada,Port Mathewstad,Bachelors,Lead,20,Data Engineer,Gaming,Julia,Medium,Onsite,"TensorFlow, Python, NumPy",TensorFlow Developer,84977.0,53,8.2,No
1502,31,Female,India,Lake Bradley,PhD,Lead,18,Data Scientist,EdTech,R,Small,Remote,"Pandas, NumPy, Python",IBM Data Science,59416.0,40,6.9,No
1503,46,Female,Poland,New Richard,PhD,Lead,17,Data Scntist,E-commerce,Python,Small,Remote,"Excel, Tableau, Spark",Azure Data Engineer,83960.0,39,8.6,Yes
1504,30,Female,Brazil,New Diana,Masters,Lead,17,Business Analyst,Finance,Julia,Small,Onsite,"Python, Pandas, NumPy",None,67195.0,45,5.8,No
1505,41,Other,India,East Tina,PhD,Lead,19,Business Analyst,Healthcare,Scala,Medium,Remote,"Python, SQL, Power BI",IBM Data Science,92498.0,43,6.6,Yes
1506,24,Male,Canada,South James,Bachelors,Mid,3,Business Analyst,Gaming,Scala,Large,Hybrid,"Power BI, Tableau, NumPy",AWS Certified,44809.0,53,9.7,Yes
1507,41,Other,India,Lake Ian,Bachelors,Senior,7,Business Analyst,EdTech,Python,Medium,Remote,"SQL, Python, Power BI",TensorFlow Developer,44009.0,34,8.9,Yes
1508,55,Male,Brazil,West Dustinport,PhD,Lead,19,Data Analyst,Consulting,R,Medium,Onsite,"Excel, NumPy, PyTorch",Azure Data Engineer,73042.0,37,4.2,No
1509,50,Male,Brazil,Julianhaven,Bachelors,Mid,4,Analytics Engineer,EdTech,Scala,Medium,Onsite,"PyTorch, Python, Spark",Google Data Analytics,34988.0,34,6.5,No
1510,35,Other,UK,North Karina,Bachelors,Entry,1,Data Analyst,Consulting,Python,Large,Onsite,"Power BI, NumPy, Python",None,31765.0,39,9.0,No
1511,30,Other,Canada,New Anne,Masters,Senior,8,Business Analyst,E-commerce,SQL,Small,Hybrid,"Tableau, TensorFlow, NumPy",Google Data Analytics,47810.0,51,9.3,Yes
1512,40,Female,India,West Anthonyland,PhD,Lead,11,Data Scientist,Consulting,R,Medium,Onsite,"Pandas, NumPy, TensorFlow",Google Data Analytics,42767.0,40,5.7,Yes
1513,43,Female,India,Ericville,PhD,Mid,4,Data Scntist,Consulting,Python,Medium,Hybrid,"NumPy, Python, TensorFlow",None,33358.0,49,9.5,No
1514,32,Other,USA,Lake Curtis,Masters,Mid,5,Machine Learning Engineer,SaaS,SQL,Medium,Onsite,"TensorFlow, Excel, NumPy",IBM Data Science,75067.0,44,6.1,No
1515,36,Female,Australia,Santostown,Masters,Senior,10,AI Engineer,Gaming,SQL,Large,Onsite,"PyTorch, TensorFlow, Excel",None,88236.0,36,6.9,Yes
1516,26,Other,Australia,Campbellhaven,Bachelors,Lead,16,BI Analyst,Retail,Scala,Small,Hybrid,"Python, Power BI, Pandas",TensorFlow Developer,80587.0,43,6.0,Yes
1517,22,Male,USA,North Mistyborough,PhD,Mid,4,BI Analyst,Healthcare,SQL,Small,Remote,"NumPy, Tableau, TensorFlow",None,56115.0,40,8.0,No
1518,55,Male,Canada,West Alexis,Masters,Lead,15,Data Analyst,Retail,Scala,Medium,Onsite,"NumPy, Python, Tableau",AWS Certified,62358.0,57,6.9,Yes
1519,43,Male,Australia,Port Diana,Masters,Senior,7,Data Engineer,EdTech,Python,Large,Onsite,"Pandas, TensorFlow, NumPy",Google Data Analytics,80732.0,43,6.6,No
1520,42,Other,USA,Port Breannachester,PhD,Lead,18,Business Analyst,Consulting,Python,Large,Remote,"Excel, PyTorch, SQL",Google Data Analytics,137956.0,52,6.7,Yes
1521,42,Male,Poland,East Kevinport,PhD,Mid,3,Business Analyst,Consulting,Python,Small,Onsite,"NumPy, Spark, TensorFlow",TensorFlow Developer,29316.0,37,8.6,Yes
1522,54,Other,Germany,Aaronberg,Masters,Mid,5,Data Engineer,SaaS,SQL,Large,Onsite,"NumPy, Tableau, Power BI",Microsoft Power BI,61267.0,51,9.0,No
1523,54,Female,Canada,West Aprilborough,PhD,Entry,2,Data Analyst,Retail,R,Large,Remote,"Tableau, TensorFlow, Power BI",Microsoft Power BI,54120.0,36,6.3,No
1524,44,Female,Australia,Davisbury,Bachelors,Lead,20,Analytics Engineer,Gaming,SQL,Small,Hybrid,"SQL, Tableau, Pandas",Azure Data Engineer,117762.0,59,7.1,No
1525,22,Male,Poland,East Jared,Bachelors,Entry,1,Business Analyst,EdTech,Python,Small,Onsite,"Python, TensorFlow, Spark",IBM Data Science,14954.0,54,8.7,No
1526,46,Other,Brazil,Jonport,Bachelors,Lead,14,Data Analyst,Finance,R,Medium,Remote,"TensorFlow, NumPy, PyTorch",Google Data Analytics,65659.0,39,6.3,Yes
1527,31,Other,Brazil,East Miguelborough,Masters,Lead,17,BI Analyst,E-commerce,Scala,Small,Remote,"Pandas, Python, Tableau",IBM Data Science,91055.0,39,6.1,No
1528,44,Female,UK,Port Suzanne,Bachelors,Lead,12,Data Scientist,E-commerce,SQL,Large,Hybrid,"TensorFlow, Python, Tableau",Azure Data Engineer,76592.0,50,4.8,Yes
1529,22,Female,UK,East Tanyaport,PhD,Entry,0,Data Analyst,EdTech,R,Large,Remote,"TensorFlow, Python, NumPy",AWS Certified,40488.0,43,9.4,No
1530,22,Male,Poland,New Paul,Masters,Lead,17,AI Engineer,Consulting,SQL,Small,Remote,"Python, Spark, SQL",AWS Certified,73077.0,48,6.6,Yes
1531,53,Female,Poland,Lake Tiffany,PhD,Lead,20,Machine Learning Engineer,Gaming,Scala,Small,Remote,"Excel, Pandas, Spark",IBM Data Science,100803.0,52,7.8,Yes
1532,28,Female,Australia,Summersshire,PhD,Lead,18,Machine Learning Engineer,Gaming,Python,Small,Hybrid,"SQL, Power BI, Python",Microsoft Power BI,93005.0,38,9.8,Yes
1533,22,Other,India,South Erika,PhD,Lead,14,AI Engineer,Gaming,Scala,Large,Onsite,"Spark, SQL, Pandas",AWS Certified,81066.0,40,4.7,No
1534,40,Female,India,South Amyborough,Masters,Lead,13,Data Engineer,EdTech,Scala,Small,Onsite,"Spark, NumPy, Power BI",None,48523.0,41,5.8,Yes
1535,48,Male,USA,West Caseymouth,Bachelors,Lead,17,Data Engineer,Healthcare,SQL,Medium,Onsite,"Pandas, Power BI, TensorFlow",Google Data Analytics,81981.0,34,7.8,No
1536,46,Female,Australia,Port John,Masters,Lead,16,Analytics Engineer,Healthcare,R,Medium,Hybrid,"Power BI, TensorFlow, NumPy",AWS Certified,99364.0,34,7.8,Yes
1537,33,Female,India,Port Patriciastad,PhD,Entry,1,BI Analyst,SaaS,SQL,Large,Hybrid,"PyTorch, Excel, TensorFlow",Google Data Analytics,22460.0,38,7.7,No
1538,55,Female,Canada,Joshuafurt,Masters,Mid,3,Data Engineer,Healthcare,SQL,Small,Remote,"Excel, PyTorch, Power BI",TensorFlow Developer,49836.0,35,4.9,No
1539,42,Male,India,Williamsville,PhD,Lead,17,BI Analyst,EdTech,Scala,Small,Hybrid,"Pandas, NumPy, PyTorch",IBM Data Science,89342.0,46,4.9,No
1540,24,Male,Brazil,Davischester,Bachelors,Entry,2,BI Analyst,Retail,R,Small,Remote,"Excel, NumPy, Python",AWS Certified,21180.0,37,6.0,Yes
1541,25,Male,Australia,Port Daniel,Masters,Senior,10,AI Engineer,Finance,Julia,Small,Hybrid,"Power BI, TensorFlow, SQL",Microsoft Power BI,72497.0,49,5.1,Yes
1542,54,Female,UK,Smithfort,Bachelors,Mid,4,Data Engineer,Consulting,SQL,Medium,Remote,"Spark, TensorFlow, Tableau",Google Data Analytics,53999.0,47,9.6,Yes
1543,34,Other,Germany,Lake Randyland,Masters,Lead,20,Analytics Engineer,Healthcare,Scala,Small,Remote,"Power BI, NumPy, Excel",TensorFlow Developer,92913.0,47,6.3,No
1544,55,Female,Canada,Johnland,PhD,Mid,4,BI Analyst,Finance,Scala,Large,Onsite,"TensorFlow, NumPy, Power BI",Microsoft Power BI,61624.0,44,7.5,Yes
1545,48,Female,Canada,North Jonathan,PhD,Lead,12,Machine Learning Engineer,EdTech,R,Small,Hybrid,"PyTorch, Power BI, Excel",AWS Certified,86214.0,54,9.3,No
1546,32,Other,Brazil,Sheenamouth,PhD,Senior,6,Analytics Engineer,Gaming,Scala,Small,Remote,"Tableau, Excel, Python",Microsoft Power BI,39518.0,33,6.5,No
1547,35,Male,Brazil,Barbarachester,PhD,Lead,13,Data Engineer,Retail,R,Small,Onsite,"Pandas, TensorFlow, Tableau",AWS Certified,65476.0,47,5.7,Yes
1548,39,Other,USA,Lake Daniel,PhD,Lead,19,Data Engineer,E-commerce,Python,Small,Remote,"PyTorch, Power BI, Pandas",IBM Data Science,,37,9.4,Yes
1549,23,Female,Brazil,South Joseph,Masters,Lead,17,Business Analyst,Healthcare,SQL,Small,Onsite,"Tableau, Spark, Python",IBM Data Science,73180.0,54,8.7,Yes
1550,51,Female,Poland,Lopezchester,Masters,Mid,3,BI Analyst,Healthcare,Scala,Small,Remote,"Python, Pandas, Spark",TensorFlow Developer,32928.0,35,8.8,No
1551,28,Other,Germany,Youngview,PhD,Mid,5,AI Engineer,Healthcare,SQL,Large,Remote,"PyTorch, Tableau, Pandas",Azure Data Engineer,81394.0,44,8.6,Yes
1552,52,Female,India,North Davidburgh,Bachelors,Senior,6,AI Engineer,Finance,Python,Medium,Remote,"Pandas, Power BI, TensorFlow",TensorFlow Developer,51502.0,53,5.7,Yes
1553,51,Male,Germany,North Yolanda,Masters,Mid,3,Machine Learning Engineer,Healthcare,Scala,Medium,Remote,"Excel, SQL, Power BI",TensorFlow Developer,58198.0,57,9.7,Yes
1554,32,Other,USA,Mccallfort,Bachelors,Senior,6,Business Analyst,Finance,Scala,Large,Remote,"Python, Excel, SQL",Google Data Analytics,73158.0,34,9.5,No
1555,31,Female,Brazil,Bradyhaven,Masters,Lead,19,Data Analyst,EdTech,R,Small,Remote,"Tableau, Excel, NumPy",IBM Data Science,57387.0,38,8.2,Yes
1556,49,Female,Australia,Turnerland,PhD,Lead,11,Data Engineer,EdTech,SQL,Medium,Remote,"SQL, Tableau, NumPy",AWS Certified,77873.0,35,6.3,Yes
1557,52,Male,UK,New Kenneth,PhD,Senior,10,Data Scientist,SaaS,R,Large,Hybrid,"NumPy, Excel, SQL",Microsoft Power BI,81188.0,48,9.5,Yes
1558,44,Other,India,West Kathy,Masters,Lead,18,AI Engineer,Retail,SQL,Small,Remote,"Spark, NumPy, Pandas",Microsoft Power BI,74696.0,44,9.9,No
1559,31,Female,Australia,New Kellyport,Bachelors,Senior,6,BI Analyst,Consulting,Python,Medium,Hybrid,"SQL, Python, TensorFlow",AWS Certified,48389.0,32,8.4,No
1560,40,Female,Brazil,New Nathan,Bachelors,Mid,4,Data Analyst,Finance,R,Medium,Hybrid,"Pandas, Power BI, SQL",Microsoft Power BI,34444.0,38,8.8,No
1561,33,Female,UK,Mcgrathchester,PhD,Lead,17,Machine Learning Engineer,Finance,R,Small,Onsite,"TensorFlow, PyTorch, Python",None,109532.0,41,8.2,Yes
1562,32,Other,Poland,South Seanborough,Bachelors,Senior,8,Business Analyst,SaaS,Julia,Small,Onsite,"Power BI, Pandas, Excel",Microsoft Power BI,41287.0,38,7.1,Yes
1563,25,Male,USA,East Thomas,Bachelors,Senior,10,Analytics Engineer,Consulting,Julia,Small,Remote,"Power BI, PyTorch, Excel",TensorFlow Developer,60675.0,32,9.9,No
1564,50,Female,Australia,Brittanymouth,Masters,Senior,7,Data Analyst,Gaming,SQL,Medium,Remote,"Spark, Excel, Python",None,60797.0,57,4.1,No
1565,30,Male,Canada,Port Kenneth,Masters,Senior,8,Machine Learning Engineer,Healthcare,SQL,Small,Onsite,"Pandas, Power BI, Python",Microsoft Power BI,62358.0,60,6.2,Yes
1566,28,Male,Australia,Velazquezhaven,Masters,Lead,20,Data Scientist,Consulting,R,Medium,Remote,"Tableau, TensorFlow, NumPy",AWS Certified,133370.0,32,6.6,Yes
1567,51,Female,USA,Brianaberg,Masters,Mid,5,Business Analyst,Healthcare,Julia,Small,Onsite,"SQL, Python, Pandas",Microsoft Power BI,41962.0,40,8.0,Yes
1568,31,Male,India,Smithport,Bachelors,Lead,14,Machine Learning Engineer,SaaS,R,Medium,Remote,"NumPy, Tableau, Excel",None,88714.0,37,5.8,Yes
1569,44,Other,Germany,Mariachester,PhD,Lead,15,BI Analyst,Consulting,Julia,Large,Remote,"Power BI, Python, Spark",None,109639.0,47,5.7,Yes
1570,53,Male,Poland,Cooperport,Bachelors,Lead,12,AI Engineer,Healthcare,Scala,Medium,Hybrid,"Power BI, Excel, PyTorch",Microsoft Power BI,65052.0,35,7.9,Yes
1571,44,Other,Poland,Alyssaville,Bachelors,Lead,11,Analytics Engineer,Finance,Scala,Medium,Onsite,"Pandas, PyTorch, Excel",IBM Data Science,68998.0,49,5.4,Yes
1572,30,Female,USA,East Deanburgh,PhD,Lead,16,Data Engineer,E-commerce,R,Large,Onsite,"TensorFlow, Spark, Tableau",TensorFlow Developer,129161.0,42,8.9,No
1573,48,Male,USA,New Billyberg,Masters,Senior,7,Analytics Engineer,Healthcare,Julia,Medium,Onsite,"TensorFlow, Tableau, NumPy",TensorFlow Developer,76083.0,59,5.6,Yes
1574,41,Other,Poland,Port Shawnshire,Bachelors,Lead,13,Machine Learning Engineer,Gaming,SQL,Medium,Hybrid,"NumPy, Power BI, PyTorch",IBM Data Science,64402.0,54,4.7,Yes
1575,48,Female,Brazil,Anafort,Bachelors,Mid,5,Data Engineer,Consulting,Scala,Small,Onsite,"Power BI, Excel, Tableau",AWS Certified,22775.0,59,8.1,Yes
1576,54,Other,Canada,New Jerry,Bachelors,Lead,13,Data Scientist,Gaming,R,Small,Hybrid,"Excel, Tableau, SQL",Google Data Analytics,69763.0,57,7.5,Yes
1577,31,Other,Australia,Smithshire,Masters,Lead,15,BI Analyst,Healthcare,Python,Large,Onsite,"TensorFlow, Excel, Spark",None,76904.0,58,6.3,No
1578,52,Female,Germany,Brownfurt,PhD,Senior,6,Data Engineer,E-commerce,SQL,Large,Onsite,"Python, NumPy, PyTorch",IBM Data Science,75808.0,50,4.4,Yes
1579,42,Other,USA,Port Jonathanfort,Bachelors,Entry,2,BI Analyst,Finance,Julia,Large,Onsite,"Pandas, Python, Excel",TensorFlow Developer,,30,9.2,No
1580,33,Male,Australia,New Cheryl,PhD,Lead,16,Data Scientist,Consulting,Scala,Medium,Remote,"Tableau, Spark, Power BI",None,103117.0,47,9.7,No
1581,40,Female,USA,Port Sherry,Bachelors,Senior,9,Business Analyst,Finance,Python,Medium,Hybrid,"Power BI, PyTorch, NumPy",Microsoft Power BI,54584.0,38,9.0,No
1582,55,Male,Australia,East Brittany,Bachelors,Mid,5,Business Analyst,SaaS,Julia,Medium,Onsite,"Spark, Tableau, SQL",Google Data Analytics,47427.0,39,8.1,No
1583,49,Other,USA,New Victorton,Bachelors,Senior,9,Analytics Engineer,Finance,Python,Medium,Hybrid,"Excel, PyTorch, SQL",Google Data Analytics,74585.0,53,4.8,No
1584,24,Male,USA,New Elizabeth,Bachelors,Lead,16,BI Analyst,Finance,Julia,Medium,Hybrid,"Spark, Python, Pandas",AWS Certified,92725.0,59,10.0,Yes
1585,38,Male,Poland,Port William,PhD,Lead,20,Data Engineer,Gaming,Python,Medium,Onsite,"Python, Excel, Power BI",IBM Data Science,90070.0,60,4.9,Yes
1586,44,Other,USA,North Scottfort,Masters,Lead,18,AI Engineer,Finance,Julia,Large,Hybrid,"Power BI, Tableau, NumPy",Google Data Analytics,157915.0,38,6.7,No
1587,39,Male,Canada,North Jamesfurt,Bachelors,Senior,9,Machine Learning Engineer,Gaming,R,Large,Onsite,"Spark, Tableau, Python",TensorFlow Developer,66122.0,48,6.3,Yes
1588,24,Male,UK,East William,Masters,Mid,5,Machine Learning Engineer,Retail,Julia,Small,Onsite,"Spark, NumPy, Pandas",Azure Data Engineer,49055.0,42,8.0,Yes
1589,52,Male,Germany,Sabrinastad,Bachelors,Senior,9,Business Analyst,Consulting,Julia,Medium,Remote,"Python, Power BI, TensorFlow",Azure Data Engineer,56061.0,41,7.7,Yes
1590,52,Female,UK,Davidfort,PhD,Mid,3,Data Engineer,Retail,Scala,Small,Onsite,"Tableau, Pandas, Spark",IBM Data Science,42981.0,48,9.5,Yes
1591,29,Male,USA,East Melanie,PhD,Mid,4,Business Analyst,E-commerce,R,Large,Remote,"Power BI, NumPy, Excel",Azure Data Engineer,75654.0,53,6.9,No
1592,44,Female,Brazil,Ruizland,PhD,Lead,16,Business Analyst,Consulting,Python,Medium,Hybrid,"NumPy, Spark, Tableau",Azure Data Engineer,82476.0,44,8.7,Yes
1593,28,Other,Canada,Blackville,Masters,Lead,14,Data Engineer,Finance,Scala,Small,Remote,"PyTorch, Power BI, SQL",Microsoft Power BI,92977.0,48,6.1,No
1594,28,Other,Australia,Lake Karenborough,Bachelors,Mid,3,Business Analyst,Healthcare,SQL,Large,Hybrid,"Tableau, NumPy, Excel",TensorFlow Developer,39896.0,59,4.1,No
1595,41,Male,Canada,North Troy,Masters,Lead,11,AI Engineer,Finance,R,Small,Onsite,"SQL, Pandas, Python",Azure Data Engineer,68332.0,37,5.6,No
1596,55,Male,Australia,New Luis,Masters,Lead,20,BI Analyst,Retail,SQL,Small,Remote,"SQL, PyTorch, Tableau",Microsoft Power BI,107384.0,49,9.5,Yes
1597,24,Female,Brazil,Moorechester,Bachelors,Lead,11,Data Engineer,EdTech,Julia,Large,Hybrid,"NumPy, Tableau, SQL",TensorFlow Developer,53449.0,31,5.1,No
1598,33,Male,UK,Reedshire,PhD,Entry,2,Machine Learning Engineer,EdTech,SQL,Medium,Remote,"Power BI, Pandas, Python",None,57517.0,49,4.3,No
1599,23,Male,Poland,Barnesville,Bachelors,Entry,0,Data Scientist,Gaming,Julia,Large,Hybrid,"NumPy, Excel, Tableau",AWS Certified,24639.0,36,8.6,Yes
1600,39,Other,UK,Millerland,Bachelors,Lead,14,Data Engineer,SaaS,Julia,Small,Remote,"Tableau, Power BI, NumPy",Microsoft Power BI,90266.0,49,5.3,Yes
1601,44,Female,Australia,Stephenston,Bachelors,Entry,2,AI Engineer,Retail,SQL,Small,Onsite,"NumPy, Excel, Power BI",None,39087.0,36,5.8,Yes
1602,31,Male,USA,Annashire,Bachelors,Mid,5,BI Analyst,Healthcare,R,Large,Remote,"PyTorch, Tableau, Spark",Microsoft Power BI,59321.0,31,7.3,Yes
1603,41,Other,USA,North John,Masters,Senior,8,Business Analyst,Healthcare,Scala,Medium,Hybrid,"Pandas, NumPy, SQL",IBM Data Science,50442.0,35,6.7,No
1604,54,Female,Brazil,East Sierramouth,PhD,Lead,19,Analytics Engineer,E-commerce,SQL,Small,Hybrid,"Python, Excel, Pandas",TensorFlow Developer,97794.0,46,5.3,No
1605,47,Other,USA,West William,Bachelors,Entry,0,AI Engineer,Gaming,Scala,Medium,Remote,"TensorFlow, Power BI, Excel",Azure Data Engineer,60556.0,37,5.3,Yes
1606,26,Other,Germany,Barbaraville,Masters,Lead,20,BI Analyst,EdTech,Scala,Large,Remote,"PyTorch, NumPy, Python",None,,51,7.5,No
1607,41,Female,Australia,Michaelmouth,Masters,Mid,5,Data Analyst,EdTech,Julia,Large,Onsite,"NumPy, Pandas, Tableau",None,59378.0,35,8.6,No
1608,29,Other,Australia,New Bryan,PhD,Senior,7,Data Engineer,Finance,R,Small,Remote,"Python, Excel, Pandas",AWS Certified,67629.0,45,5.8,Yes
1609,53,Male,Brazil,East Regina,PhD,Mid,4,Analytics Engineer,Healthcare,Julia,Small,Hybrid,"Pandas, Spark, PyTorch",Google Data Analytics,30815.0,52,4.0,No
1610,27,Other,USA,East Barbara,PhD,Mid,4,BI Analyst,Consulting,Julia,Small,Remote,"NumPy, SQL, Python",TensorFlow Developer,55030.0,51,7.6,No
1611,40,Female,Germany,New Stephenfort,Bachelors,Lead,20,Analytics Engineer,EdTech,R,Medium,Onsite,"TensorFlow, Tableau, NumPy",Microsoft Power BI,85945.0,45,7.7,No
1612,53,Male,UK,Danieltown,Masters,Mid,4,Machine Learning Engineer,Finance,Scala,Large,Hybrid,"Tableau, Excel, PyTorch",AWS Certified,64234.0,43,8.8,Yes
1613,49,Female,Canada,Maynardville,Masters,Entry,2,AI Engineer,Retail,Python,Small,Hybrid,"Tableau, PyTorch, Spark",IBM Data Science,46860.0,48,5.7,Yes
1614,47,Other,UK,West Melissaborough,Masters,Lead,15,Business Analyst,Gaming,Julia,Large,Onsite,"Power BI, Tableau, Excel",IBM Data Science,105072.0,31,7.6,No
1615,38,Other,Australia,Smithstad,Masters,Entry,2,Data Engineer,E-commerce,Scala,Medium,Onsite,"NumPy, Tableau, TensorFlow",IBM Data Science,42675.0,51,8.5,Yes
1616,51,Other,Brazil,West Jill,Bachelors,Senior,9,BI Analyst,Healthcare,R,Large,Onsite,"Pandas, Spark, Tableau",Azure Data Engineer,61855.0,42,6.0,No
1617,40,Male,USA,Lake Guyport,Masters,Senior,7,Business Analyst,Healthcare,SQL,Medium,Remote,"NumPy, Spark, Power BI",Microsoft Power BI,68923.0,46,5.5,Yes
1618,22,Female,UK,North Jason,Masters,Lead,11,Data Scientist,Retail,R,Small,Remote,"Excel, SQL, Tableau",IBM Data Science,,35,4.1,Yes
1619,35,Male,Brazil,East Kyle,Masters,Senior,10,Business Analyst,Healthcare,SQL,Small,Onsite,"PyTorch, Excel, Python",AWS Certified,62652.0,37,7.8,No
1620,43,Other,Canada,East Anthonyborough,Masters,Lead,18,Business Analyst,Healthcare,Julia,Small,Remote,"NumPy, PyTorch, Power BI",Azure Data Engineer,83772.0,47,7.0,No
1621,31,Other,Germany,South Kristineberg,Masters,Senior,8,BI Analyst,Gaming,SQL,Large,Remote,"Pandas, PyTorch, Tableau",None,78929.0,45,5.5,Yes
1622,39,Other,Australia,West John,PhD,Mid,3,Machine Learning Engineer,EdTech,Python,Small,Hybrid,"Pandas, TensorFlow, Tableau",None,47083.0,42,5.0,Yes
1623,30,Female,Poland,Rodgerschester,PhD,Mid,3,AI Engineer,Retail,Julia,Large,Hybrid,"NumPy, Spark, TensorFlow",Azure Data Engineer,55374.0,40,7.6,Yes
1624,24,Other,UK,Robinsontown,Bachelors,Lead,15,Data Engineer,Finance,Julia,Small,Remote,"SQL, PyTorch, Excel",TensorFlow Developer,66876.0,30,8.3,No
1625,33,Male,India,West Natalie,Bachelors,Lead,13,Analytics Engineer,EdTech,SQL,Large,Hybrid,"Spark, TensorFlow, Power BI",None,61502.0,47,7.6,No
1626,47,Female,UK,Edwardsborough,Masters,Senior,6,Data Analyst,EdTech,SQL,Small,Onsite,"NumPy, Spark, Pandas",Microsoft Power BI,38219.0,54,9.3,Yes
1627,55,Other,Germany,Andreatown,PhD,Lead,16,Analytics Engineer,Healthcare,SQL,Large,Onsite,"Excel, Pandas, Python",Microsoft Power BI,97043.0,44,6.2,Yes
1628,38,Female,Poland,Elizabethton,Bachelors,Mid,4,Analytics Engineer,Retail,Julia,Medium,Remote,"Power BI, Tableau, Spark",IBM Data Science,41259.0,43,9.4,Yes
1629,51,Other,Australia,South Sara,PhD,Mid,4,Data Scientist,Gaming,Python,Large,Remote,"Pandas, Power BI, NumPy",None,75242.0,53,6.1,No
1630,39,Other,Brazil,Lake Daisyborough,PhD,Lead,16,Analytics Engineer,EdTech,R,Small,Onsite,"Python, Power BI, SQL",Azure Data Engineer,68950.0,41,4.7,No
1631,42,Other,Germany,South Rebecca,PhD,Lead,15,AI Engineer,Consulting,SQL,Large,Hybrid,"Excel, SQL, TensorFlow",IBM Data Science,104868.0,36,4.5,No
1632,46,Female,India,West Michael,Masters,Lead,17,Machine Learning Engineer,Consulting,SQL,Large,Onsite,"Pandas, Tableau, NumPy",IBM Data Science,61256.0,42,6.3,No
1633,40,Female,UK,Sandersville,Bachelors,Lead,19,Data Scientist,Retail,R,Large,Hybrid,"Power BI, Spark, Tableau",IBM Data Science,90064.0,46,7.8,Yes
1634,46,Female,Germany,West Jessicaport,PhD,Lead,13,Data Scientist,E-commerce,SQL,Medium,Remote,"Pandas, SQL, Tableau",TensorFlow Developer,110988.0,48,6.9,Yes
1635,23,Male,India,Williamburgh,Masters,Lead,14,AI Engineer,Finance,Julia,Small,Hybrid,"Python, Excel, PyTorch",IBM Data Science,65052.0,53,9.1,Yes
1636,22,Female,UK,Holtport,Masters,Senior,8,Machine Learning Engineer,SaaS,Julia,Small,Onsite,"Spark, Python, Pandas",IBM Data Science,57676.0,57,9.9,Yes
1637,26,Other,Germany,Hughestown,Bachelors,Lead,15,Business Analyst,Finance,Scala,Small,Remote,"NumPy, Pandas, Tableau",Microsoft Power BI,78464.0,37,7.7,No
1638,26,Female,India,South Theresa,Masters,Mid,5,Data Analyst,EdTech,Python,Medium,Remote,"Excel, Pandas, NumPy",AWS Certified,39202.0,42,9.9,Yes
1639,28,Female,USA,West Christina,Masters,Senior,7,Data Engineer,Retail,Julia,Small,Remote,"Spark, SQL, Excel",Google Data Analytics,67953.0,46,8.0,No
1640,33,Other,Canada,Nicholasland,Bachelors,Entry,0,BI Analyst,Gaming,Scala,Large,Remote,"Tableau, TensorFlow, Power BI",Azure Data Engineer,40857.0,54,5.7,Yes
1641,46,Other,UK,Lake Brianville,Bachelors,Senior,9,Machine Learning Engineer,EdTech,Julia,Medium,Hybrid,"Spark, PyTorch, Python",Google Data Analytics,65522.0,34,8.9,No
1642,38,Male,India,Beckerfort,PhD,Senior,7,Data Engineer,Healthcare,SQL,Large,Onsite,"Spark, Python, Excel",Microsoft Power BI,38189.0,41,7.5,Yes
1643,45,Male,India,Ashleyfurt,Bachelors,Senior,8,Data Scientist,Retail,Scala,Medium,Hybrid,"Tableau, TensorFlow, Python",Azure Data Engineer,47834.0,54,8.1,No
1644,31,Other,Poland,East Sarah,PhD,Senior,6,Machine Learning Engineer,SaaS,Julia,Small,Onsite,"Python, TensorFlow, PyTorch",None,45080.0,52,5.8,No
1645,25,Female,Australia,Jamesview,Masters,Senior,6,Machine Learning Engineer,EdTech,Julia,Medium,Onsite,"Excel, PyTorch, Pandas",Google Data Analytics,74165.0,50,7.3,Yes
1646,23,Male,Canada,Port Melissa,Bachelors,Lead,18,Business Analyst,Retail,SQL,Small,Hybrid,"Python, PyTorch, TensorFlow",Google Data Analytics,63052.0,39,9.5,Yes
1647,32,Other,UK,New Sherrifort,Masters,Senior,6,Business Analyst,SaaS,Julia,Large,Hybrid,"SQL, NumPy, Pandas",None,43360.0,45,7.5,Yes
1648,54,Other,Poland,Justinstad,Masters,Entry,1,Data Scientist,Gaming,R,Small,Onsite,"Tableau, Spark, TensorFlow",IBM Data Science,20520.0,44,6.6,No
1649,22,Male,Canada,New Shawn,Bachelors,Lead,20,AI Engineer,Consulting,Scala,Medium,Onsite,"Power BI, TensorFlow, PyTorch",AWS Certified,123240.0,54,9.2,No
1650,50,Female,UK,Port Claytonville,PhD,Lead,16,Data Engineer,E-commerce,SQL,Small,Hybrid,"Pandas, TensorFlow, Power BI",TensorFlow Developer,104234.0,59,7.4,Yes
1651,49,Male,UK,Jonathanview,Bachelors,Senior,9,Analytics Engineer,SaaS,R,Medium,Hybrid,"TensorFlow, Power BI, PyTorch",Microsoft Power BI,61651.0,40,9.4,Yes
1652,26,Male,Canada,Smithland,Bachelors,Senior,8,Data Analyst,E-commerce,SQL,Large,Onsite,"SQL, Power BI, Pandas",TensorFlow Developer,50612.0,36,8.6,No
1653,30,Other,Brazil,West Amy,Bachelors,Mid,4,Business Analyst,Consulting,Julia,Large,Hybrid,"Tableau, SQL, TensorFlow",Google Data Analytics,35239.0,32,8.4,No
1654,24,Female,Poland,Justinton,Bachelors,Lead,13,BI Analyst,Finance,Julia,Medium,Hybrid,"PyTorch, Tableau, NumPy",Microsoft Power BI,48954.0,49,7.6,Yes
1655,32,Female,Brazil,Howardland,Masters,Entry,1,Analytics Engineer,E-commerce,Python,Medium,Hybrid,"NumPy, SQL, Tableau",Azure Data Engineer,19785.0,57,6.7,No
1656,42,Female,UK,New Heidi,PhD,Lead,19,Data Analyst,SaaS,Scala,Large,Remote,"SQL, Tableau, Python",Microsoft Power BI,81194.0,50,5.2,No
1657,50,Female,Canada,West Lawrenceside,PhD,Mid,3,AI Engineer,Gaming,R,Small,Remote,"Power BI, PyTorch, Spark",Microsoft Power BI,64864.0,42,7.5,Yes
1658,49,Male,India,Melvinside,Bachelors,Lead,19,Data Engineer,Finance,SQL,Large,Remote,"NumPy, Power BI, Excel",Google Data Analytics,74004.0,49,4.9,No
1659,55,Female,Poland,New Meghanchester,Bachelors,Entry,1,AI Engineer,SaaS,Scala,Small,Hybrid,"Python, Spark, PyTorch",IBM Data Science,26886.0,30,4.9,No
1660,23,Male,Poland,Coxfurt,Masters,Senior,9,Data Engineer,EdTech,SQL,Medium,Hybrid,"Tableau, Excel, Power BI",IBM Data Science,47651.0,55,9.3,No
1661,39,Other,India,Kimberlychester,Bachelors,Senior,7,Machine Learning Engineer,Gaming,Scala,Large,Remote,"Excel, Tableau, Spark",Google Data Analytics,57958.0,40,5.8,No
1662,39,Male,Poland,Lake Katherine,Bachelors,Lead,16,Data Scientist,E-commerce,Julia,Large,Hybrid,"Spark, SQL, Pandas",Azure Data Engineer,99615.0,52,8.9,No
1663,50,Male,USA,North Robertmouth,Masters,Senior,8,AI Engineer,Finance,Julia,Medium,Onsite,"Tableau, Python, Power BI",TensorFlow Developer,103852.0,48,9.1,Yes
1664,55,Female,Canada,Susanport,Bachelors,Lead,16,Data Analyst,Consulting,Scala,Small,Onsite,"Spark, Python, PyTorch",Microsoft Power BI,95464.0,44,6.3,No
1665,31,Female,Canada,New Robertmouth,Masters,Senior,9,Data Analyst,Finance,Python,Small,Hybrid,"Python, SQL, TensorFlow",IBM Data Science,47923.0,57,9.4,No
1666,23,Female,USA,East Mary,Bachelors,Lead,18,Business Analyst,Consulting,Scala,Small,Onsite,"SQL, Excel, Pandas",Google Data Analytics,67025.0,57,9.0,Yes
1667,55,Female,India,Woodchester,Masters,Senior,7,Analytics Engineer,SaaS,Julia,Large,Onsite,"Power BI, Pandas, Python",Google Data Analytics,52746.0,38,9.4,No
1668,35,Other,Canada,Lake Aimee,PhD,Lead,13,Analytics Engineer,SaaS,SQL,Small,Hybrid,"Pandas, Excel, Python",Microsoft Power BI,73949.0,35,8.1,No
1669,38,Female,Germany,North John,Bachelors,Entry,0,BI Analyst,EdTech,Julia,Large,Onsite,"TensorFlow, Pandas, Spark",IBM Data Science,33934.0,56,8.7,No
1670,48,Female,Brazil,New Carolynmouth,Masters,Entry,1,Data Engineer,E-commerce,Python,Medium,Hybrid,"TensorFlow, NumPy, Excel",Microsoft Power BI,23806.0,38,6.1,No
1671,25,Other,Germany,New Jaimeport,Masters,Mid,4,AI Engineer,Consulting,Scala,Large,Remote,"Power BI, Pandas, Python",TensorFlow Developer,85443.0,32,8.4,Yes
1672,24,Other,Poland,Biancaburgh,Bachelors,Entry,2,Data Engineer,Retail,SQL,Medium,Remote,"Pandas, PyTorch, Tableau",None,37298.0,44,4.3,Yes
1673,53,Other,Poland,East Marktown,Bachelors,Lead,18,Data Engineer,EdTech,Python,Large,Onsite,"Tableau, PyTorch, Power BI",IBM Data Science,92077.0,34,5.9,No
1674,48,Other,Canada,Millerfurt,Masters,Senior,9,Data Engineer,Finance,R,Medium,Hybrid,"Pandas, Tableau, PyTorch",Azure Data Engineer,75121.0,36,9.6,Yes
1675,28,Male,Poland,Braunborough,Bachelors,Mid,5,Business Analyst,Healthcare,Python,Small,Remote,"Excel, NumPy, TensorFlow",TensorFlow Developer,44706.0,35,6.8,No
1676,51,Male,Canada,Brandonbury,PhD,Senior,10,BI Analyst,Finance,Python,Small,Remote,"TensorFlow, PyTorch, Excel",AWS Certified,79593.0,53,6.3,No
1677,25,Female,Brazil,Coleview,PhD,Lead,16,Machine Learning Engineer,EdTech,R,Large,Hybrid,"Pandas, Tableau, Excel",IBM Data Science,67426.0,46,9.2,Yes
1678,24,Male,Brazil,Johnsonton,Masters,Lead,13,Data Scntist,Finance,Scala,Small,Remote,"NumPy, Tableau, TensorFlow",TensorFlow Developer,50356.0,38,5.8,No
1679,25,Male,USA,North Ashley,Bachelors,Lead,15,Machine Learning Engineer,SaaS,Julia,Medium,Onsite,"PyTorch, SQL, Power BI",Google Data Analytics,84861.0,49,7.2,Yes
1680,24,Other,UK,Markbury,Bachelors,Lead,16,Data Analyst,E-commerce,SQL,Large,Remote,"Python, NumPy, TensorFlow",TensorFlow Developer,84816.0,46,5.1,No
1681,55,Male,Poland,East Haleyville,Masters,Senior,7,BI Analyst,Retail,SQL,Medium,Remote,"SQL, Excel, Pandas",TensorFlow Developer,35584.0,47,4.4,Yes
1682,47,Female,USA,Bryanhaven,PhD,Lead,13,BI Analyst,Gaming,Scala,Large,Remote,"Tableau, Pandas, Python",Microsoft Power BI,86372.0,46,4.9,No
1683,27,Other,Brazil,South Johnmouth,Masters,Lead,13,Analytics Engineer,E-commerce,Scala,Medium,Hybrid,"Python, Tableau, PyTorch",IBM Data Science,48911.0,41,6.1,Yes
1684,49,Other,USA,Perezbury,PhD,Lead,19,BI Analyst,Finance,Julia,Small,Hybrid,"TensorFlow, NumPy, SQL",Microsoft Power BI,93514.0,43,4.4,Yes
1685,32,Other,USA,Mooreport,Masters,Lead,17,Machine Learning Engineer,EdTech,Scala,Small,Hybrid,"Power BI, SQL, PyTorch",Azure Data Engineer,84555.0,33,5.4,No
1686,45,Other,UK,Brownland,PhD,Entry,1,Data Engineer,Finance,Python,Small,Remote,"PyTorch, Tableau, Power BI",Google Data Analytics,45436.0,51,5.4,Yes
1687,29,Male,Canada,North Tiffanyfurt,PhD,Senior,8,Data Engineer,E-commerce,R,Small,Onsite,"PyTorch, SQL, NumPy",IBM Data Science,67252.0,46,9.3,Yes
1688,47,Male,UK,North Michael,Bachelors,Senior,7,AI Engineer,Finance,R,Small,Hybrid,"Tableau, Python, SQL",TensorFlow Developer,51722.0,36,4.2,No
1689,29,Other,Poland,Gillespiefurt,Bachelors,Entry,0,Data Analyst,Finance,Scala,Large,Onsite,"Excel, Power BI, SQL",TensorFlow Developer,21433.0,58,5.9,Yes
1690,46,Female,India,Lake Ryan,PhD,Lead,20,Data Scntist,Retail,R,Medium,Remote,"Spark, PyTorch, Tableau",None,65114.0,36,6.8,No
1691,45,Male,Canada,South Christopherborough,PhD,Mid,3,AI Engineer,Retail,Julia,Small,Hybrid,"SQL, TensorFlow, Tableau",Google Data Analytics,52021.0,49,6.9,No
1692,36,Female,Canada,Wagnerchester,PhD,Senior,7,BI Analyst,Consulting,R,Small,Remote,"Excel, TensorFlow, Spark",Google Data Analytics,63075.0,43,7.5,Yes
1693,27,Male,India,Angelahaven,Masters,Lead,12,AI Engineer,Healthcare,R,Small,Remote,"Pandas, Spark, Python",AWS Certified,63324.0,54,6.6,Yes
1694,40,Female,Australia,Lake Wendymouth,PhD,Senior,8,Data Engineer,SaaS,Python,Small,Remote,"Power BI, Excel, Spark",Microsoft Power BI,68950.0,40,8.9,No
1695,27,Male,UK,Lopezshire,Masters,Lead,14,Data Analyst,Consulting,Python,Large,Hybrid,"Pandas, TensorFlow, Python",None,88359.0,39,7.1,Yes
1696,27,Male,Australia,Paulashire,Masters,Lead,20,BI Analyst,E-commerce,R,Medium,Hybrid,"SQL, TensorFlow, NumPy",IBM Data Science,111825.0,53,7.8,No
1697,32,Other,Australia,Michelleport,PhD,Lead,15,Data Scntist,E-commerce,SQL,Small,Hybrid,"Excel, Pandas, NumPy",Google Data Analytics,99687.0,35,8.5,Yes
1698,26,Other,Poland,Lambertstad,Masters,Lead,19,Data Scientist,E-commerce,Scala,Small,Onsite,"Pandas, NumPy, TensorFlow",None,71587.0,55,4.2,Yes
1699,51,Other,Poland,Lake Angelchester,Bachelors,Senior,9,AI Engineer,Retail,R,Small,Onsite,"SQL, Python, Excel",Google Data Analytics,46101.0,32,5.2,Yes
1700,24,Male,Germany,Clarkstad,Masters,Mid,5,Data Engineer,Healthcare,SQL,Large,Onsite,"Pandas, Excel, NumPy",AWS Certified,67829.0,31,5.4,Yes
1701,25,Other,Poland,New Francisco,Bachelors,Senior,6,AI Engineer,EdTech,Python,Medium,Hybrid,"SQL, Pandas, TensorFlow",IBM Data Science,51318.0,57,4.7,Yes
1702,55,Other,USA,Eugenetown,Masters,Lead,16,Data Analyst,E-commerce,SQL,Large,Hybrid,"Power BI, PyTorch, NumPy",Azure Data Engineer,101293.0,53,7.8,Yes
1703,51,Male,Germany,New Jason,PhD,Entry,2,AI Engineer,E-commerce,Julia,Large,Remote,"Pandas, NumPy, Spark",IBM Data Science,,52,8.2,Yes
1704,55,Other,Germany,Morenohaven,Bachelors,Lead,20,Data Engineer,SaaS,Python,Large,Onsite,"Tableau, SQL, Excel",Microsoft Power BI,115668.0,60,8.5,Yes
1705,32,Other,USA,Lake Tabitha,PhD,Lead,14,Business Analyst,E-commerce,Python,Medium,Hybrid,"TensorFlow, SQL, PyTorch",TensorFlow Developer,109147.0,50,4.6,Yes
1706,34,Female,Poland,North Jenniferbury,PhD,Mid,5,Data Scntist,E-commerce,SQL,Small,Hybrid,"TensorFlow, Spark, SQL",Microsoft Power BI,36010.0,58,7.2,Yes
1707,38,Other,India,East Erictown,PhD,Lead,16,Analytics Engineer,SaaS,Python,Medium,Remote,"PyTorch, TensorFlow, Pandas",IBM Data Science,94188.0,31,8.9,No
1708,47,Male,Poland,North Davidbury,Masters,Mid,5,Analytics Engineer,E-commerce,SQL,Small,Hybrid,"Tableau, PyTorch, Python",TensorFlow Developer,37868.0,49,8.1,Yes
1709,40,Female,Australia,Mcphersonview,Bachelors,Lead,17,Data Scientist,EdTech,R,Large,Hybrid,"NumPy, TensorFlow, Excel",Azure Data Engineer,88592.0,47,8.9,No
1710,29,Female,Brazil,Randyside,Bachelors,Entry,0,Data Analyst,Retail,Scala,Large,Remote,"Pandas, SQL, TensorFlow",Google Data Analytics,21446.0,35,8.9,Yes
1711,38,Female,India,Sarabury,Bachelors,Lead,17,Business Analyst,E-commerce,SQL,Small,Onsite,"Excel, TensorFlow, Pandas",IBM Data Science,84022.0,55,5.2,Yes
1712,42,Other,Canada,West Reneeberg,Bachelors,Senior,6,Data Scientist,Consulting,R,Medium,Remote,"Tableau, TensorFlow, PyTorch",Microsoft Power BI,59439.0,45,4.5,Yes
1713,43,Other,Germany,Johnsonbury,PhD,Senior,6,Data Analyst,Gaming,Julia,Small,Onsite,"SQL, Power BI, Spark",Google Data Analytics,42898.0,52,5.7,Yes
1714,30,Male,Australia,Dorseyshire,Masters,Senior,10,Business Analyst,Retail,Julia,Small,Hybrid,"Tableau, Power BI, TensorFlow",IBM Data Science,53975.0,49,5.3,Yes
1715,36,Female,Poland,Delgadomouth,Masters,Lead,20,Data Analyst,Retail,Scala,Medium,Remote,"SQL, Pandas, Spark",Microsoft Power BI,117092.0,30,9.5,No
1716,46,Male,UK,Smithland,Masters,Senior,7,Data Analyst,SaaS,R,Medium,Hybrid,"TensorFlow, Excel, PyTorch",TensorFlow Developer,41655.0,51,4.9,No
1717,25,Other,Poland,Ramirezland,Masters,Lead,14,Machine Learning Engineer,Gaming,SQL,Small,Onsite,"Tableau, PyTorch, Power BI",Google Data Analytics,52244.0,39,8.1,No
1718,30,Other,Poland,West Katherine,Bachelors,Senior,6,BI Analyst,Consulting,R,Medium,Remote,"Tableau, PyTorch, Pandas",None,37325.0,47,6.5,Yes
1719,34,Male,Brazil,East Christopher,Bachelors,Mid,3,Machine Learning Engineer,Healthcare,Scala,Small,Remote,"Tableau, Spark, Pandas",Azure Data Engineer,27033.0,58,6.8,Yes
1720,44,Other,USA,Christineside,PhD,Lead,13,Data Analyst,SaaS,Scala,Large,Hybrid,"Tableau, Spark, Python",AWS Certified,95241.0,33,4.7,No
1721,31,Female,Germany,East Shannon,Bachelors,Entry,0,Data Scientist,Gaming,Julia,Small,Onsite,"TensorFlow, SQL, PyTorch",Google Data Analytics,24505.0,38,7.9,No
1722,41,Other,Brazil,East Angela,PhD,Senior,7,Analytics Engineer,Retail,Julia,Small,Remote,"Python, NumPy, Pandas",None,54805.0,57,7.2,No
1723,36,Female,India,Lake Michaela,Bachelors,Mid,5,Data Analyst,E-commerce,R,Medium,Onsite,"SQL, Excel, Power BI",Microsoft Power BI,33357.0,54,6.6,No
1724,47,Male,UK,Mcculloughhaven,PhD,Senior,7,Business Analyst,E-commerce,Python,Medium,Onsite,"Power BI, Pandas, Excel",IBM Data Science,47672.0,33,5.6,Yes
1725,22,Female,Canada,East Melissaborough,PhD,Lead,16,Machine Learning Engineer,Finance,Python,Small,Hybrid,"Excel, PyTorch, SQL",Google Data Analytics,111665.0,36,6.3,Yes
1726,34,Male,India,Lake Jacquelineshire,Bachelors,Senior,8,Data Analyst,Consulting,SQL,Large,Remote,"Python, Pandas, TensorFlow",Microsoft Power BI,48279.0,48,8.9,Yes
1727,40,Other,Canada,New Saramouth,Masters,Senior,8,Machine Learning Engineer,Finance,R,Small,Remote,"PyTorch, TensorFlow, Pandas",Microsoft Power BI,70647.0,41,5.6,No
1728,44,Other,Australia,New Christophertown,PhD,Lead,18,Analytics Engineer,EdTech,Julia,Small,Onsite,"Power BI, SQL, Excel",None,71649.0,53,9.7,No
1729,36,Male,USA,Lake Ritaborough,Bachelors,Lead,20,Machine Learning Engineer,Gaming,Python,Medium,Hybrid,"Python, PyTorch, Excel",None,105417.0,59,5.4,No
1730,43,Female,Canada,Rebeccaside,PhD,Senior,6,Machine Learning Engineer,Gaming,R,Medium,Onsite,"Pandas, TensorFlow, Tableau",Microsoft Power BI,69024.0,41,8.0,No
1731,27,Male,Poland,West Rhonda,Bachelors,Lead,13,Data Engineer,Retail,SQL,Large,Hybrid,"PyTorch, NumPy, Pandas",AWS Certified,92636.0,59,8.7,No
1732,52,Female,Poland,Zunigafort,Masters,Lead,15,BI Analyst,Healthcare,SQL,Medium,Remote,"Spark, Python, Tableau",AWS Certified,87477.0,46,7.0,Yes
1733,35,Female,Brazil,Thomashaven,PhD,Lead,12,Data Scientist,Gaming,R,Medium,Remote,"NumPy, SQL, Pandas",TensorFlow Developer,64459.0,58,6.1,No
1734,39,Male,Poland,Cortezfort,Masters,Mid,5,BI Analyst,Healthcare,Scala,Small,Hybrid,"TensorFlow, Power BI, Tableau",IBM Data Science,37666.0,31,4.6,Yes
1735,39,Female,Brazil,South John,PhD,Lead,20,Analytics Engineer,Retail,Python,Large,Hybrid,"PyTorch, Tableau, Python",Google Data Analytics,86345.0,55,5.2,No
1736,34,Other,Poland,Port Seanstad,PhD,Entry,2,Analytics Engineer,Consulting,R,Small,Onsite,"Tableau, SQL, Spark",Google Data Analytics,30797.0,46,4.7,No
1737,30,Male,India,Beckside,Bachelors,Senior,7,Business Analyst,E-commerce,Python,Medium,Hybrid,"Pandas, TensorFlow, NumPy",Azure Data Engineer,42761.0,44,4.4,Yes
1738,27,Female,India,Allenstad,PhD,Mid,3,Data Engineer,Finance,Python,Medium,Hybrid,"NumPy, Spark, Excel",Microsoft Power BI,34401.0,44,5.5,Yes
1739,28,Other,USA,Lake John,PhD,Lead,18,Machine Learning Engineer,Gaming,Scala,Small,Remote,"PyTorch, NumPy, Pandas",Microsoft Power BI,1056496.0,31,7.4,No
1740,37,Male,Australia,South Raymond,Masters,Senior,6,Machine Learning Engineer,Retail,SQL,Large,Hybrid,"Tableau, Power BI, NumPy",IBM Data Science,82177.0,32,7.2,Yes
1741,46,Male,Poland,Williamton,PhD,Lead,11,Machine Learning Engineer,Finance,Scala,Medium,Hybrid,"Power BI, Excel, Spark",AWS Certified,55091.0,54,7.2,Yes
1742,29,Other,Canada,Lake Ashley,Bachelors,Entry,0,AI Engineer,Consulting,Python,Medium,Onsite,"Pandas, Tableau, SQL",AWS Certified,41228.0,57,9.3,No
1743,37,Other,Poland,Wilsonchester,Bachelors,Lead,15,Data Engineer,Finance,R,Small,Remote,"Power BI, NumPy, Pandas",Microsoft Power BI,578392.0,48,9.3,Yes
1744,51,Other,India,Carlamouth,Masters,Entry,1,Data Scntist,EdTech,Scala,Small,Onsite,"Tableau, Pandas, PyTorch",None,15740.0,38,9.2,No
1745,28,Female,Brazil,East Johnshire,Masters,Mid,5,Business Analyst,Retail,Julia,Large,Onsite,"PyTorch, Tableau, Power BI",TensorFlow Developer,31708.0,44,5.4,No
1746,28,Male,Canada,Brandonmouth,Masters,Senior,8,AI Engineer,Gaming,R,Medium,Hybrid,"NumPy, TensorFlow, Python",AWS Certified,87912.0,53,4.7,Yes
1747,53,Other,Germany,Matthewton,Bachelors,Entry,0,Analytics Engineer,Retail,Scala,Small,Remote,"Spark, PyTorch, Python",TensorFlow Developer,31193.0,32,7.2,No
1748,35,Male,UK,South Sharon,Masters,Lead,16,Analytics Engineer,E-commerce,R,Large,Remote,"Pandas, Spark, Excel",AWS Certified,80446.0,36,9.3,Yes
1749,39,Other,UK,New Christopherburgh,PhD,Lead,11,AI Engineer,E-commerce,SQL,Large,Onsite,"Pandas, PyTorch, SQL",Azure Data Engineer,93846.0,54,9.4,No
1750,50,Female,Poland,South Daniel,Masters,Senior,10,Machine Learning Engineer,Retail,R,Large,Onsite,"Excel, SQL, Pandas",TensorFlow Developer,69397.0,51,6.7,Yes
1751,24,Other,Brazil,Mclaughlinberg,Masters,Lead,20,Analytics Engineer,Finance,R,Small,Remote,"SQL, PyTorch, NumPy",AWS Certified,72199.0,56,4.1,No
1752,26,Female,Brazil,South Adam,Bachelors,Lead,14,Data Scientist,Retail,Julia,Medium,Hybrid,"NumPy, SQL, Pandas",Microsoft Power BI,62829.0,44,7.5,Yes
1753,47,Male,Germany,New Johnberg,Bachelors,Senior,9,Data Engineer,EdTech,Scala,Large,Remote,"PyTorch, NumPy, Power BI",None,72878.0,35,9.0,No
1754,27,Male,Brazil,Reidview,Masters,Senior,7,BI Analyst,Gaming,Julia,Medium,Onsite,"PyTorch, Python, Spark",None,44572.0,42,8.1,No
1755,22,Male,USA,West Steven,Bachelors,Lead,12,Data Scientist,SaaS,Julia,Small,Remote,"PyTorch, SQL, Excel",AWS Certified,92098.0,51,4.1,No
1756,44,Male,India,Shahside,Masters,Senior,9,Analytics Engineer,EdTech,Python,Medium,Remote,"NumPy, Power BI, Spark",Microsoft Power BI,50100.0,38,6.6,No
1757,30,Male,Poland,Allentown,Bachelors,Senior,6,Machine Learning Engineer,Gaming,Scala,Small,Hybrid,"NumPy, TensorFlow, Pandas",IBM Data Science,44335.0,54,8.8,Yes
1758,38,Female,UK,Wallville,Masters,Lead,19,Data Scientist,Healthcare,Julia,Large,Hybrid,"Excel, Tableau, Pandas",AWS Certified,132587.0,38,9.0,No
1759,50,Male,Australia,Teresaport,PhD,Lead,15,Business Analyst,Healthcare,Scala,Medium,Hybrid,"Pandas, Tableau, Power BI",AWS Certified,102322.0,44,9.1,No
1760,22,Other,USA,South Vicki,Bachelors,Senior,9,Data Analyst,EdTech,Julia,Large,Onsite,"Python, NumPy, Spark",Azure Data Engineer,58241.0,39,5.0,No
1761,54,Male,USA,Toddborough,Masters,Senior,10,Analytics Engineer,SaaS,SQL,Large,Onsite,"SQL, Pandas, Power BI",Google Data Analytics,87924.0,32,9.2,No
1762,44,Male,Canada,Garciaview,PhD,Mid,5,Data Scientist,Finance,Python,Large,Remote,"SQL, Excel, PyTorch",IBM Data Science,77285.0,42,8.6,Yes
1763,37,Female,Canada,Paigetown,PhD,Lead,13,Machine Learning Engineer,SaaS,R,Small,Onsite,"Tableau, SQL, Spark",Microsoft Power BI,73956.0,34,8.5,No
1764,46,Female,Poland,Cassandratown,PhD,Entry,2,Data Analyst,Healthcare,R,Small,Hybrid,"Power BI, TensorFlow, Python",IBM Data Science,19459.0,35,7.0,Yes
1765,33,Female,Germany,Nathanport,Bachelors,Lead,18,Analytics Engineer,Finance,R,Medium,Hybrid,"Excel, Spark, SQL",Google Data Analytics,104596.0,34,9.4,No
1766,54,Other,Poland,East Kristin,PhD,Lead,18,AI Engineer,Finance,Scala,Small,Remote,"TensorFlow, Python, Power BI",IBM Data Science,76214.0,55,9.6,No
1767,55,Other,Canada,Jenniferstad,Bachelors,Senior,6,Data Scientist,Healthcare,SQL,Large,Hybrid,"SQL, NumPy, PyTorch",Azure Data Engineer,58960.0,53,7.0,Yes
1768,51,Male,Poland,East Megan,Bachelors,Mid,4,Machine Learning Engineer,Gaming,R,Large,Onsite,"Excel, Python, TensorFlow",IBM Data Science,41860.0,40,5.2,No
1769,46,Other,UK,Hornemouth,PhD,Senior,8,Analytics Engineer,Retail,Julia,Medium,Onsite,"Tableau, Power BI, Excel",TensorFlow Developer,55680.0,51,7.6,Yes
1770,37,Female,Poland,Bassmouth,Masters,Entry,2,AI Engineer,Gaming,SQL,Medium,Remote,"SQL, Tableau, PyTorch",AWS Certified,44034.0,34,9.1,Yes
1771,40,Female,UK,Toddberg,PhD,Entry,0,Analytics Engineer,Retail,SQL,Medium,Hybrid,"Tableau, Spark, Power BI",Google Data Analytics,37970.0,35,5.2,Yes
1772,44,Male,USA,Lake Yolandastad,PhD,Senior,8,Analytics Engineer,Healthcare,SQL,Medium,Remote,"Excel, PyTorch, Spark",Azure Data Engineer,72076.0,37,6.2,No
1773,23,Other,Brazil,Robinsonfurt,Masters,Entry,0,Data Scientist,Consulting,Python,Medium,Onsite,"Excel, Tableau, PyTorch",TensorFlow Developer,16845.0,50,8.5,No
1774,30,Female,India,Williambury,Masters,Mid,4,Machine Learning Engineer,Retail,SQL,Small,Onsite,"Pandas, PyTorch, Spark",None,29835.0,40,5.5,Yes
1775,43,Other,Australia,Matthewsmouth,Masters,Entry,0,AI Engineer,E-commerce,SQL,Medium,Hybrid,"TensorFlow, Spark, Excel",TensorFlow Developer,46773.0,43,4.6,No
1776,38,Other,Canada,Cummingsland,Bachelors,Senior,9,AI Engineer,E-commerce,Julia,Small,Hybrid,"SQL, TensorFlow, Spark",Microsoft Power BI,74100.0,48,8.2,No
1777,30,Female,Germany,Fletcherview,Bachelors,Entry,0,Business Analyst,Healthcare,Scala,Medium,Hybrid,"Tableau, Python, TensorFlow",AWS Certified,178064.0,60,5.2,No
1778,40,Female,UK,Allenton,Masters,Mid,4,Data Analyst,Healthcare,Python,Small,Hybrid,"Tableau, Python, TensorFlow",None,33136.0,52,6.3,No
1779,54,Other,UK,Hendersonfurt,Masters,Lead,19,Data Engineer,EdTech,SQL,Medium,Remote,"Excel, Pandas, Spark",Azure Data Engineer,104309.0,57,6.7,Yes
1780,31,Female,USA,Patrickberg,PhD,Lead,20,Machine Learning Engineer,Gaming,R,Small,Onsite,"Excel, SQL, PyTorch",None,113212.0,52,5.9,Yes
1781,51,Male,USA,West Linda,Bachelors,Entry,2,Business Analyst,Healthcare,R,Small,Hybrid,"Python, PyTorch, Power BI",TensorFlow Developer,34247.0,55,6.7,No
1782,31,Other,Australia,Port Julie,Bachelors,Senior,8,Data Scientist,EdTech,SQL,Large,Onsite,"TensorFlow, NumPy, Spark",Azure Data Engineer,66609.0,31,8.5,No
1783,50,Male,Brazil,Parkborough,Masters,Mid,5,Data Scntist,EdTech,Scala,Large,Remote,"Spark, PyTorch, Excel",TensorFlow Developer,45835.0,60,4.8,Yes
1784,32,Other,Canada,Lake Katelyn,Bachelors,Mid,3,AI Engineer,EdTech,Scala,Large,Remote,"PyTorch, Spark, Excel",TensorFlow Developer,67078.0,45,6.1,Yes
1785,47,Female,USA,North Gabriellechester,PhD,Senior,8,BI Analyst,SaaS,Scala,Medium,Onsite,"PyTorch, SQL, Tableau",Microsoft Power BI,69665.0,43,4.3,Yes
1786,54,Male,USA,Debrafurt,Bachelors,Mid,5,Machine Learning Engineer,Consulting,Julia,Medium,Onsite,"SQL, Spark, Excel",IBM Data Science,538200.0,44,5.4,No
1787,22,Other,Germany,Mileston,PhD,Senior,6,Analytics Engineer,EdTech,SQL,Small,Remote,"Pandas, Tableau, Excel",Microsoft Power BI,58828.0,46,6.4,No
1788,34,Other,Poland,South Michaelton,Masters,Senior,9,Data Scientist,Finance,Python,Small,Remote,"PyTorch, Python, SQL",AWS Certified,47677.0,52,7.9,Yes
1789,38,Other,India,Carlachester,Bachelors,Entry,0,Machine Learning Engineer,SaaS,SQL,Large,Hybrid,"TensorFlow, Tableau, Power BI",IBM Data Science,18070.0,52,10.0,No
1790,53,Female,Brazil,Lake Deborahchester,PhD,Senior,10,Data Scientist,Healthcare,Python,Large,Remote,"Spark, Tableau, Excel",AWS Certified,54246.0,31,6.6,Yes
1791,25,Female,Australia,East Jamesland,Bachelors,Senior,6,Analytics Engineer,Healthcare,SQL,Small,Onsite,"Tableau, TensorFlow, NumPy",None,51801.0,36,8.9,No
1792,43,Other,Canada,Yvonnefurt,Bachelors,Lead,16,Data Analyst,Retail,Scala,Medium,Hybrid,"Excel, PyTorch, Spark",AWS Certified,96489.0,53,8.2,Yes
1793,24,Male,India,Amandaland,PhD,Entry,1,BI Analyst,EdTech,R,Medium,Hybrid,"Power BI, Spark, Excel",TensorFlow Developer,18575.0,32,5.1,Yes
1794,40,Female,Australia,Smithfurt,Masters,Mid,3,Data Scientist,Retail,Python,Small,Onsite,"PyTorch, TensorFlow, Python",None,40601.0,51,9.4,No
1795,49,Female,Poland,Port Evan,Bachelors,Senior,7,Business Analyst,EdTech,R,Medium,Hybrid,"Excel, Tableau, Pandas",IBM Data Science,46785.0,39,6.6,Yes
1796,25,Female,Brazil,Yangside,Bachelors,Senior,8,Analytics Engineer,Gaming,Julia,Small,Onsite,"Power BI, SQL, Tableau",Google Data Analytics,52244.0,34,8.2,Yes
1797,39,Female,Poland,West Kathleenberg,PhD,Lead,20,Machine Learning Engineer,SaaS,SQL,Large,Onsite,"SQL, Spark, Python",Azure Data Engineer,91047.0,59,8.4,No
1798,54,Female,UK,Port Lonnie,Bachelors,Lead,13,BI Analyst,Healthcare,Python,Medium,Onsite,"PyTorch, Tableau, Excel",TensorFlow Developer,57512.0,57,8.6,No
1799,51,Male,Germany,East Ericbury,Masters,Lead,18,Business Analyst,Gaming,Python,Medium,Onsite,"Excel, Tableau, Spark",None,67357.0,41,5.9,No
1800,53,Other,Canada,New Jenniferfort,Masters,Lead,12,Data Engineer,Consulting,SQL,Medium,Hybrid,"Pandas, Python, SQL",AWS Certified,,57,10.0,No
1801,24,Male,UK,Vargasfurt,Bachelors,Lead,16,Machine Learning Engineer,EdTech,R,Large,Remote,"Python, Power BI, TensorFlow",Azure Data Engineer,95905.0,44,7.7,Yes
1802,54,Female,Brazil,North Katiefurt,PhD,Lead,12,Data Analyst,E-commerce,Python,Small,Remote,"Pandas, SQL, NumPy",Azure Data Engineer,75885.0,52,4.1,Yes
1803,32,Female,USA,North Kevin,Bachelors,Senior,6,Data Analyst,EdTech,R,Large,Onsite,"Power BI, SQL, PyTorch",Google Data Analytics,57561.0,44,4.3,No
1804,42,Other,Brazil,Jacksonshire,PhD,Senior,7,BI Analyst,Finance,Julia,Medium,Remote,"Excel, Pandas, PyTorch",TensorFlow Developer,57482.0,55,4.1,Yes
1805,31,Female,Canada,Raymondport,Bachelors,Lead,17,BI Analyst,Consulting,Julia,Medium,Remote,"Excel, Python, Spark",Google Data Analytics,111740.0,49,9.7,Yes
1806,24,Female,Germany,New Jessicafurt,Masters,Lead,12,Data Engineer,SaaS,Python,Medium,Remote,"Spark, SQL, PyTorch",TensorFlow Developer,79622.0,35,9.2,No
1807,30,Other,Poland,Valerieberg,Masters,Senior,6,BI Analyst,Healthcare,Python,Large,Remote,"Python, PyTorch, NumPy",Google Data Analytics,55432.0,59,9.9,Yes
1808,37,Female,Brazil,Nashside,Bachelors,Lead,17,AI Engineer,Retail,Julia,Medium,Onsite,"TensorFlow, NumPy, Pandas",IBM Data Science,58046.0,30,5.1,No
1809,31,Female,Canada,West Ernestview,PhD,Lead,19,Machine Learning Engineer,SaaS,R,Medium,Remote,"Excel, Tableau, Spark",Microsoft Power BI,101915.0,46,4.5,Yes
1810,52,Other,Germany,Lake William,Masters,Lead,18,Machine Learning Engineer,Finance,Scala,Small,Hybrid,"TensorFlow, Spark, Python",None,74423.0,36,5.7,Yes
1811,52,Other,India,South Bonnieborough,Masters,Senior,8,Data Scntist,Finance,SQL,Large,Remote,"Power BI, Spark, Python",Google Data Analytics,52623.0,41,4.1,No
1812,42,Other,Poland,Thomaston,Masters,Mid,4,AI Engineer,EdTech,Scala,Large,Onsite,"Python, TensorFlow, Power BI",Azure Data Engineer,52688.0,56,9.4,No
1813,54,Other,Poland,South Dannyside,PhD,Senior,6,AI Engineer,E-commerce,SQL,Small,Hybrid,"Excel, PyTorch, Power BI",None,41486.0,37,5.8,Yes
1814,26,Female,UK,Padillaborough,Bachelors,Senior,10,Data Engineer,SaaS,R,Large,Onsite,"Excel, Tableau, Pandas",IBM Data Science,75217.0,39,9.3,No
1815,38,Other,Germany,South Ashleystad,Masters,Lead,18,Data Scientist,Gaming,Python,Small,Hybrid,"Python, SQL, NumPy",Google Data Analytics,78326.0,59,4.9,No
1816,41,Other,Brazil,South Samantha,Bachelors,Senior,7,Data Scientist,Gaming,Julia,Large,Onsite,"Excel, PyTorch, Tableau",AWS Certified,46699.0,57,4.7,No
1817,42,Female,Poland,Lake Melissa,Masters,Lead,20,Data Engineer,SaaS,R,Medium,Remote,"Pandas, Tableau, TensorFlow",Microsoft Power BI,101531.0,39,6.2,Yes
1818,52,Female,Brazil,East Denisemouth,Masters,Lead,17,Analytics Engineer,Retail,SQL,Medium,Remote,"Excel, Python, Spark",Google Data Analytics,77567.0,56,5.5,Yes
1819,55,Female,UK,Port Jamesstad,Masters,Senior,10,Data Scientist,SaaS,Python,Medium,Remote,"Spark, TensorFlow, Python",Google Data Analytics,79925.0,32,6.8,No
1820,36,Female,USA,Tylerbury,Bachelors,Lead,20,Business Analyst,Gaming,Python,Small,Hybrid,"Excel, Python, Spark",Azure Data Engineer,77357.0,43,7.4,Yes
1821,33,Female,Germany,Figueroaview,PhD,Senior,9,Business Analyst,Consulting,R,Medium,Remote,"Excel, Spark, Power BI",Azure Data Engineer,57576.0,46,8.6,Yes
1822,40,Male,Germany,North Kaylatown,PhD,Mid,4,Machine Learning Engineer,EdTech,Python,Medium,Hybrid,"NumPy, Tableau, SQL",TensorFlow Developer,63316.0,48,7.4,No
1823,51,Male,Australia,Lake Sharonfurt,Masters,Lead,13,BI Analyst,Healthcare,Julia,Small,Hybrid,"SQL, Python, TensorFlow",None,76466.0,41,8.7,Yes
1824,39,Other,Brazil,South Jennifer,Masters,Senior,6,Analytics Engineer,Gaming,R,Large,Onsite,"Pandas, Excel, TensorFlow",None,45147.0,57,6.1,Yes
1825,54,Male,Poland,Port Steven,Masters,Mid,5,Data Scientist,Healthcare,Scala,Large,Remote,"Power BI, NumPy, Excel",Azure Data Engineer,51156.0,35,4.9,No
1826,43,Male,Brazil,Donnastad,Masters,Lead,18,Machine Learning Engineer,Healthcare,Julia,Small,Hybrid,"SQL, TensorFlow, NumPy",None,90397.0,44,7.4,Yes
1827,36,Female,Australia,Lake Dustinstad,Masters,Senior,9,Business Analyst,E-commerce,R,Large,Remote,"Tableau, PyTorch, Excel",TensorFlow Developer,62324.0,60,8.1,No
1828,33,Male,India,Gillside,Bachelors,Senior,8,Data Scientist,EdTech,R,Medium,Remote,"Tableau, Excel, NumPy",TensorFlow Developer,54075.0,56,7.5,No
1829,47,Other,USA,Richardside,Masters,Lead,15,AI Engineer,EdTech,SQL,Small,Onsite,"Pandas, Excel, Spark",AWS Certified,79500.0,51,6.9,Yes
1830,32,Female,Poland,North Tracy,PhD,Lead,16,Business Analyst,EdTech,R,Large,Remote,"Tableau, TensorFlow, PyTorch",Azure Data Engineer,96318.0,30,6.9,Yes
1831,45,Female,Australia,North Stephen,Bachelors,Lead,17,Data Engineer,Consulting,R,Small,Hybrid,"PyTorch, Pandas, Python",TensorFlow Developer,61189.0,55,6.7,Yes
1832,33,Male,India,North Brandon,PhD,Lead,19,Business Analyst,EdTech,Julia,Small,Remote,"SQL, Excel, NumPy",IBM Data Science,104818.0,58,6.1,No
1833,43,Male,India,Lake Brittanyfort,Bachelors,Lead,18,Data Engineer,E-commerce,SQL,Small,Remote,"Tableau, TensorFlow, Spark",None,103788.0,31,5.1,Yes
1834,44,Other,Australia,North Tanyaland,Bachelors,Senior,8,BI Analyst,E-commerce,Python,Medium,Hybrid,"SQL, Power BI, Tableau",Google Data Analytics,63010.0,38,9.5,No
1835,45,Other,UK,New Danielport,Masters,Mid,5,AI Engineer,Finance,Python,Large,Hybrid,"Excel, Python, Spark",Azure Data Engineer,70181.0,60,6.9,No
1836,51,Male,USA,Stephensville,PhD,Entry,2,AI Engineer,Gaming,Python,Small,Onsite,"Spark, Excel, Python",AWS Certified,69571.0,32,6.6,Yes
1837,46,Other,Brazil,Port Aprilchester,Masters,Lead,16,Data Engineer,Retail,Python,Small,Onsite,"TensorFlow, SQL, Python",AWS Certified,95184.0,35,9.5,Yes
1838,47,Female,USA,Parkview,PhD,Entry,1,Data Scientist,E-commerce,Julia,Large,Hybrid,"Power BI, Python, PyTorch",TensorFlow Developer,71102.0,34,4.9,No
1839,41,Female,Canada,New Christineview,Bachelors,Lead,19,Data Engineer,E-commerce,Julia,Medium,Remote,"Tableau, NumPy, TensorFlow",Google Data Analytics,102043.0,54,6.2,Yes
1840,38,Male,USA,Lauramouth,PhD,Lead,19,Data Analyst,Retail,Julia,Medium,Remote,"Power BI, NumPy, Pandas",None,124527.0,52,8.1,No
1841,42,Male,Germany,South Andrew,Masters,Entry,1,Machine Learning Engineer,Retail,R,Small,Hybrid,"Power BI, NumPy, Tableau",Microsoft Power BI,36472.0,39,6.5,No
1842,28,Other,India,South Kristenstad,Bachelors,Lead,14,Business Analyst,Gaming,Julia,Small,Hybrid,"Excel, Tableau, Pandas",Azure Data Engineer,81060.0,40,7.3,Yes
1843,24,Male,Australia,Bishopmouth,Masters,Lead,14,AI Engineer,Consulting,SQL,Medium,Onsite,"PyTorch, Tableau, Power BI",TensorFlow Developer,92336.0,47,5.4,Yes
1844,27,Other,Australia,New Willie,PhD,Lead,17,Data Scientist,Retail,R,Small,Remote,"TensorFlow, Excel, SQL",Google Data Analytics,123197.0,31,4.3,No
1845,54,Other,UK,Lindafurt,Bachelors,Senior,7,BI Analyst,E-commerce,Julia,Medium,Hybrid,"SQL, TensorFlow, NumPy",AWS Certified,45406.0,35,6.3,No
1846,48,Female,Brazil,New Christopher,PhD,Senior,8,Business Analyst,Consulting,Python,Large,Hybrid,"Spark, Excel, Pandas",Google Data Analytics,42465.0,58,8.7,No
1847,49,Female,Brazil,North Tina,Masters,Entry,1,Analytics Engineer,E-commerce,SQL,Medium,Onsite,"Spark, Excel, TensorFlow",None,22185.0,32,5.8,No
1848,32,Male,India,Sullivanburgh,Masters,Lead,11,Data Analyst,Retail,R,Medium,Hybrid,"SQL, PyTorch, Pandas",Google Data Analytics,40161.0,31,6.5,Yes
1849,52,Male,India,Lewisfurt,PhD,Lead,12,Machine Learning Engineer,Retail,Python,Small,Onsite,"Tableau, NumPy, Python",IBM Data Science,58015.0,52,9.8,No
1850,31,Male,Australia,North Pamela,PhD,Mid,5,Business Analyst,Consulting,Julia,Large,Remote,"TensorFlow, Power BI, Spark",TensorFlow Developer,56843.0,33,8.6,Yes
1851,46,Other,Germany,South Natasha,Bachelors,Senior,9,Data Analyst,Finance,Julia,Small,Hybrid,"PyTorch, NumPy, Tableau",Microsoft Power BI,47579.0,47,6.4,No
1852,34,Other,Australia,Port Melissachester,Bachelors,Lead,13,AI Engineer,Healthcare,R,Medium,Hybrid,"Excel, Power BI, NumPy",IBM Data Science,99019.0,37,5.1,No
1853,30,Other,Australia,East Robertbury,PhD,Lead,15,AI Engineer,Healthcare,R,Small,Remote,"Python, SQL, Spark",Google Data Analytics,124453.0,36,8.3,No
1854,44,Male,USA,East Tammy,PhD,Senior,6,Analytics Engineer,Retail,Scala,Large,Hybrid,"Excel, TensorFlow, Spark",Microsoft Power BI,86427.0,30,5.9,Yes
1855,30,Other,India,Tylerfurt,PhD,Entry,0,Data Scntist,Finance,R,Large,Onsite,"Spark, Power BI, PyTorch",AWS Certified,26324.0,33,8.1,Yes
1856,47,Female,Germany,Wendyside,Bachelors,Mid,4,Data Scntist,Finance,Julia,Small,Remote,"Power BI, TensorFlow, Excel",Microsoft Power BI,34684.0,35,4.6,No
1857,55,Other,UK,Lake Michael,Bachelors,Senior,6,Data Scientist,E-commerce,Julia,Large,Remote,"Tableau, Pandas, Excel",Azure Data Engineer,68230.0,36,6.0,No
1858,52,Female,USA,Williamton,PhD,Lead,11,Data Scntist,EdTech,Python,Small,Onsite,"NumPy, SQL, TensorFlow",None,83782.0,42,6.0,Yes
1859,46,Male,UK,Bowmanchester,Masters,Entry,2,AI Engineer,Finance,SQL,Large,Hybrid,"Excel, NumPy, Python",Azure Data Engineer,62534.0,57,6.3,Yes
1860,40,Other,Germany,Katelynburgh,Masters,Lead,12,BI Analyst,EdTech,Scala,Medium,Remote,"PyTorch, Pandas, Tableau",AWS Certified,81192.0,55,4.6,No
1861,51,Female,Australia,Marissatown,Bachelors,Lead,19,Machine Learning Engineer,Consulting,Python,Medium,Onsite,"SQL, Excel, TensorFlow",Google Data Analytics,102329.0,38,6.8,No
1862,22,Female,UK,Richardshire,Masters,Lead,14,Data Analyst,E-commerce,Python,Large,Remote,"NumPy, Excel, SQL",None,93357.0,40,6.6,Yes
1863,35,Male,Poland,Port Leslieborough,Masters,Lead,16,AI Engineer,Finance,SQL,Medium,Hybrid,"TensorFlow, Excel, Python",AWS Certified,75532.0,49,5.8,Yes
1864,29,Male,Germany,Aprilburgh,PhD,Senior,8,Data Analyst,EdTech,Julia,Large,Hybrid,"Pandas, TensorFlow, Power BI",Google Data Analytics,56066.0,47,8.3,No
1865,30,Female,USA,Johnmouth,Masters,Lead,15,Analytics Engineer,EdTech,R,Medium,Onsite,"PyTorch, TensorFlow, Excel",Microsoft Power BI,98151.0,57,5.6,Yes
1866,30,Other,Canada,Walkerport,PhD,Mid,4,Business Analyst,Retail,Scala,Small,Onsite,"Python, PyTorch, TensorFlow",Microsoft Power BI,35179.0,31,4.5,No
1867,51,Male,Canada,East Christopher,Bachelors,Mid,4,Data Scientist,E-commerce,R,Medium,Onsite,"Spark, Excel, PyTorch",TensorFlow Developer,46301.0,47,5.0,No
1868,45,Female,USA,Sandovalberg,Bachelors,Senior,9,AI Engineer,EdTech,R,Large,Hybrid,"Power BI, TensorFlow, PyTorch",Microsoft Power BI,90234.0,57,7.0,Yes
1869,48,Female,UK,Patriciachester,PhD,Lead,12,Machine Learning Engineer,E-commerce,Scala,Small,Remote,"Python, Pandas, NumPy",AWS Certified,88744.0,58,9.9,No
1870,36,Female,Brazil,Port Stacey,Masters,Senior,7,BI Analyst,Finance,Python,Large,Hybrid,"NumPy, PyTorch, SQL",None,38859.0,30,9.2,Yes
1871,31,Other,Germany,Port Molly,Masters,Lead,20,Data Scntist,EdTech,R,Small,Remote,"Tableau, NumPy, Python",Azure Data Engineer,105777.0,51,8.5,No
1872,51,Male,Germany,South Michellechester,Bachelors,Entry,0,Data Engineer,Finance,Scala,Medium,Onsite,"Pandas, Tableau, Python",Google Data Analytics,33506.0,51,4.0,No
1873,54,Female,UK,Catherineburgh,Masters,Lead,15,Analytics Engineer,Retail,Scala,Small,Hybrid,"Pandas, Tableau, SQL",Microsoft Power BI,96565.0,46,9.9,No
1874,38,Male,Brazil,East Carolyn,Masters,Entry,0,Data Scientist,SaaS,Julia,Large,Onsite,"Pandas, Power BI, NumPy",None,21523.0,40,7.8,No
1875,41,Female,Germany,South Erica,Masters,Lead,16,Business Analyst,Finance,Scala,Large,Hybrid,"NumPy, SQL, Python",Microsoft Power BI,74721.0,36,5.8,Yes
1876,27,Other,UK,Port Kathrynport,Masters,Lead,16,Data Analyst,SaaS,Julia,Small,Onsite,"Spark, Python, Power BI",None,57486.0,34,4.7,Yes
1877,41,Female,UK,Nicholasview,Bachelors,Senior,6,Business Analyst,E-commerce,SQL,Large,Hybrid,"Python, Tableau, Power BI",AWS Certified,54254.0,31,5.1,No
1878,53,Female,Australia,Port Timothyton,PhD,Mid,5,Data Engineer,E-commerce,SQL,Medium,Onsite,"Pandas, Python, PyTorch",None,69064.0,33,9.4,No
1879,23,Other,Brazil,New Kellyland,Bachelors,Senior,10,Data Analyst,Retail,Python,Large,Onsite,"Python, SQL, TensorFlow",IBM Data Science,42709.0,38,9.4,No
1880,30,Other,Germany,South Michael,Masters,Senior,6,BI Analyst,Finance,Python,Large,Hybrid,"Power BI, PyTorch, Python",Microsoft Power BI,58983.0,51,5.1,Yes
1881,49,Male,UK,North Bradley,Bachelors,Lead,14,Machine Learning Engineer,Gaming,Scala,Medium,Hybrid,"NumPy, Spark, Tableau",Azure Data Engineer,64039.0,40,6.5,Yes
1882,42,Other,Brazil,Brendaborough,Bachelors,Lead,19,Data Engineer,Consulting,R,Medium,Remote,"Tableau, NumPy, PyTorch",IBM Data Science,83047.0,35,6.6,Yes
1883,52,Other,Australia,New Robert,PhD,Lead,20,Data Engineer,Healthcare,R,Small,Onsite,"NumPy, Python, SQL",None,106127.0,45,8.2,Yes
1884,27,Other,Germany,Port Jessica,PhD,Senior,8,AI Engineer,E-commerce,Python,Large,Remote,"TensorFlow, PyTorch, Pandas",None,86894.0,37,8.8,No
1885,43,Male,Poland,Andersonview,Bachelors,Mid,5,Analytics Engineer,Gaming,R,Medium,Hybrid,"Tableau, Pandas, Spark",AWS Certified,37280.0,36,9.3,No
1886,44,Female,USA,South Miranda,Masters,Senior,7,AI Engineer,EdTech,SQL,Medium,Hybrid,"Spark, Excel, Tableau",Microsoft Power BI,87617.0,55,10.0,No
1887,37,Other,Australia,Davidberg,Masters,Senior,10,Business Analyst,SaaS,Scala,Medium,Onsite,"Power BI, Excel, TensorFlow",IBM Data Science,60934.0,45,4.6,Yes
1888,24,Male,India,Andrewton,Bachelors,Lead,11,Machine Learning Engineer,EdTech,R,Small,Remote,"Power BI, TensorFlow, Excel",IBM Data Science,66688.0,59,6.7,No
1889,44,Female,UK,Lake Alyssabury,PhD,Entry,1,Machine Learning Engineer,Retail,Julia,Large,Remote,"TensorFlow, NumPy, Tableau",AWS Certified,68065.0,43,6.5,No
1890,26,Female,Germany,Scotthaven,Masters,Mid,3,BI Analyst,Finance,Python,Medium,Remote,"PyTorch, SQL, TensorFlow",Microsoft Power BI,40518.0,30,9.9,Yes
1891,43,Other,Germany,East Justin,Bachelors,Entry,2,Analytics Engineer,Healthcare,Julia,Medium,Onsite,"NumPy, SQL, TensorFlow",IBM Data Science,39179.0,51,4.8,No
1892,42,Male,Poland,South Julie,PhD,Entry,0,Machine Learning Engineer,Retail,Python,Medium,Hybrid,"Tableau, PyTorch, Pandas",None,33385.0,37,4.5,No
1893,35,Female,Brazil,Nashmouth,PhD,Lead,13,Data Scientist,SaaS,R,Large,Onsite,"Pandas, Python, Tableau",None,74658.0,49,7.6,No
1894,34,Male,India,New Scottton,Bachelors,Lead,11,Data Engineer,Consulting,Julia,Small,Remote,"SQL, Spark, Python",Microsoft Power BI,52853.0,56,4.3,No
1895,48,Other,Brazil,Wilsonport,PhD,Senior,7,Machine Learning Engineer,Healthcare,Scala,Medium,Onsite,"Spark, TensorFlow, Python",Azure Data Engineer,48271.0,39,9.4,Yes
1896,32,Other,Brazil,Nicholashaven,Masters,Lead,18,Analytics Engineer,Finance,Julia,Small,Remote,"PyTorch, Power BI, Spark",Azure Data Engineer,97234.0,50,9.1,No
1897,52,Other,Australia,Sanchezview,Bachelors,Lead,20,Data Scientist,Finance,Python,Medium,Hybrid,"Python, NumPy, Excel",IBM Data Science,111435.0,54,8.4,Yes
1898,22,Female,Poland,North Edwin,PhD,Lead,18,AI Engineer,E-commerce,Scala,Large,Remote,"Python, SQL, Excel",None,125929.0,45,7.2,Yes
1899,42,Male,UK,Hunterstad,Masters,Senior,10,Business Analyst,Gaming,SQL,Medium,Onsite,"Pandas, Excel, Python",Google Data Analytics,67231.0,35,7.1,No
1900,29,Other,USA,Victoriahaven,Bachelors,Entry,2,Data Scientist,EdTech,SQL,Large,Onsite,"SQL, Pandas, Excel",TensorFlow Developer,59431.0,45,7.1,No
1901,35,Male,Poland,New Alyssa,PhD,Mid,5,AI Engineer,E-commerce,Julia,Medium,Onsite,"PyTorch, Pandas, Python",Google Data Analytics,56250.0,46,7.2,No
1902,52,Male,USA,East Jenniferville,Masters,Senior,9,BI Analyst,Finance,R,Medium,Hybrid,"Pandas, PyTorch, Tableau",Google Data Analytics,,50,8.1,Yes
1903,51,Male,Australia,North Teresashire,PhD,Lead,16,Data Engineer,Finance,Scala,Small,Onsite,"Power BI, PyTorch, Tableau",Microsoft Power BI,94148.0,37,7.3,Yes
1904,53,Other,USA,Johnsonland,PhD,Entry,0,Analytics Engineer,SaaS,Scala,Large,Hybrid,"PyTorch, Power BI, SQL",IBM Data Science,60546.0,53,8.7,Yes
1905,33,Female,Brazil,East Ryanton,Bachelors,Entry,2,Data Engineer,Gaming,Python,Medium,Hybrid,"SQL, Tableau, Spark",Google Data Analytics,29093.0,36,9.9,No
1906,50,Other,Germany,Andrewchester,PhD,Lead,18,Data Scientist,Retail,Python,Medium,Remote,"PyTorch, Power BI, SQL",Microsoft Power BI,112641.0,55,6.7,No
1907,47,Male,UK,Jeffreymouth,Masters,Senior,7,Data Analyst,EdTech,Python,Small,Hybrid,"PyTorch, Excel, NumPy",AWS Certified,48622.0,47,4.1,Yes
1908,47,Male,India,Davidport,Bachelors,Lead,14,BI Analyst,EdTech,Python,Small,Onsite,"Tableau, Pandas, Excel",None,46828.0,52,6.1,No
1909,29,Male,India,Barbaraland,PhD,Lead,15,BI Analyst,Consulting,Scala,Large,Remote,"TensorFlow, Excel, Python",None,84097.0,43,9.7,Yes
1910,36,Other,India,Gomezport,PhD,Senior,6,Data Analyst,SaaS,Python,Small,Remote,"Spark, Python, Pandas",None,35874.0,34,6.8,Yes
1911,31,Female,Poland,Haroldborough,Bachelors,Lead,11,Machine Learning Engineer,Healthcare,R,Small,Onsite,"NumPy, Power BI, TensorFlow",Microsoft Power BI,49375.0,50,9.4,No
1912,30,Male,USA,North Erikashire,Masters,Lead,19,BI Analyst,EdTech,Scala,Large,Remote,"NumPy, PyTorch, Tableau",Microsoft Power BI,95548.0,35,7.3,Yes
1913,36,Male,India,Michaelberg,Bachelors,Lead,19,Data Engineer,Healthcare,Scala,Small,Remote,"Spark, Python, NumPy",TensorFlow Developer,82858.0,58,7.4,Yes
1914,47,Male,Canada,Whitemouth,PhD,Senior,8,Business Analyst,Healthcare,Python,Small,Onsite,"Pandas, NumPy, TensorFlow",Azure Data Engineer,58114.0,33,6.1,Yes
1915,29,Male,Poland,South Glendaport,Bachelors,Lead,17,Data Engineer,Healthcare,Julia,Large,Onsite,"Excel, Tableau, Python",IBM Data Science,106190.0,51,7.7,Yes
1916,35,Male,India,Lake Sara,Masters,Entry,0,Business Analyst,Gaming,Julia,Medium,Remote,"TensorFlow, Python, SQL",Microsoft Power BI,17181.0,50,5.7,No
1917,32,Female,USA,Port Travisview,Bachelors,Mid,4,Machine Learning Engineer,Retail,Julia,Large,Onsite,"Power BI, Tableau, TensorFlow",Google Data Analytics,76674.0,48,8.9,Yes
1918,42,Male,USA,Jameshaven,PhD,Lead,14,BI Analyst,EdTech,Python,Large,Remote,"Python, Tableau, PyTorch",Microsoft Power BI,711496.0,55,6.5,Yes
1919,36,Male,Australia,North Baileytown,Masters,Lead,13,AI Engineer,Consulting,Python,Small,Hybrid,"Pandas, Spark, PyTorch",TensorFlow Developer,94544.0,32,8.0,Yes
1920,55,Female,USA,South Scott,Bachelors,Lead,12,BI Analyst,Retail,Python,Small,Onsite,"PyTorch, NumPy, Python",TensorFlow Developer,78737.0,58,4.3,No
1921,41,Other,Australia,New Jenniferburgh,Masters,Lead,17,Data Engineer,SaaS,Scala,Large,Hybrid,"TensorFlow, Python, SQL",Google Data Analytics,91153.0,37,6.9,Yes
1922,24,Other,Poland,West Carlosberg,Bachelors,Senior,10,Data Engineer,Finance,Julia,Small,Remote,"Power BI, Spark, NumPy",IBM Data Science,55305.0,44,5.6,Yes
1923,24,Other,India,East Andreaberg,Bachelors,Entry,2,BI Analyst,Consulting,SQL,Medium,Remote,"TensorFlow, SQL, PyTorch",Azure Data Engineer,19071.0,33,8.4,Yes
1924,31,Female,Brazil,Rileybury,Masters,Mid,5,Data Analyst,E-commerce,SQL,Large,Onsite,"Power BI, NumPy, Spark",Microsoft Power BI,36912.0,38,9.0,No
1925,55,Female,Australia,South Anthonymouth,PhD,Lead,12,Machine Learning Engineer,Retail,Python,Medium,Onsite,"Power BI, Pandas, Python",None,92679.0,52,8.8,Yes
1926,24,Female,UK,West Katelyn,PhD,Entry,0,Machine Learning Engineer,E-commerce,Scala,Small,Remote,"NumPy, PyTorch, Spark",IBM Data Science,45011.0,60,7.1,No
1927,45,Male,India,New Kevinhaven,Bachelors,Entry,0,Data Scientist,E-commerce,Python,Medium,Remote,"Power BI, PyTorch, Pandas",None,20057.0,34,5.4,No
1928,47,Male,USA,North Emily,Bachelors,Senior,8,Data Engineer,SaaS,Julia,Medium,Onsite,"Pandas, Spark, Excel",IBM Data Science,80183.0,59,9.9,Yes
1929,37,Female,UK,East Cindyton,Bachelors,Senior,7,Data Scientist,Consulting,Julia,Large,Hybrid,"Excel, TensorFlow, Python",Azure Data Engineer,61807.0,38,9.0,Yes
1930,36,Female,India,West Andrewborough,Masters,Lead,16,Data Engineer,Consulting,Python,Large,Hybrid,"Tableau, TensorFlow, Power BI",IBM Data Science,68516.0,35,9.3,No
1931,46,Male,Brazil,Georgeberg,Masters,Lead,20,BI Analyst,Gaming,Julia,Large,Hybrid,"Excel, PyTorch, Tableau",None,92613.0,59,4.4,Yes
1932,23,Female,Canada,Robintown,Bachelors,Lead,13,Data Analyst,SaaS,Python,Large,Remote,"Spark, Pandas, SQL",None,95867.0,44,6.6,No
1933,25,Male,USA,Thompsonfort,Bachelors,Lead,19,Data Analyst,SaaS,Julia,Medium,Onsite,"PyTorch, TensorFlow, NumPy",AWS Certified,118600.0,51,4.3,No
1934,38,Female,Germany,Maddenfurt,Bachelors,Entry,1,Analytics Engineer,Consulting,SQL,Medium,Onsite,"Tableau, Spark, PyTorch",Azure Data Engineer,33722.0,53,9.2,No
1935,46,Female,UK,Lake Richardstad,Masters,Lead,19,Business Analyst,Gaming,Scala,Medium,Onsite,"NumPy, TensorFlow, Spark",AWS Certified,88605.0,32,5.2,Yes
1936,40,Other,Poland,Spencerfurt,PhD,Lead,14,BI Analyst,EdTech,R,Small,Onsite,"Pandas, Power BI, Tableau",TensorFlow Developer,72733.0,60,5.1,Yes
1937,34,Male,Australia,Rebeccafort,PhD,Senior,10,Business Analyst,E-commerce,Julia,Medium,Remote,"Python, Pandas, PyTorch",AWS Certified,59354.0,49,5.7,No
1938,28,Female,India,Johnsonmouth,PhD,Senior,7,Data Analyst,Gaming,Julia,Medium,Remote,"Pandas, Power BI, PyTorch",None,50523.0,41,4.8,Yes
1939,31,Female,Brazil,New Luke,Bachelors,Lead,19,Machine Learning Engineer,Gaming,R,Small,Remote,"SQL, TensorFlow, PyTorch",IBM Data Science,94651.0,50,8.8,Yes
1940,27,Male,India,Cameronside,Bachelors,Lead,13,Business Analyst,Finance,Julia,Large,Hybrid,"Python, Tableau, Power BI",Microsoft Power BI,44619.0,44,5.7,No
1941,45,Other,Brazil,South Anthony,Bachelors,Entry,2,Data Engineer,Gaming,Scala,Small,Remote,"Tableau, PyTorch, Spark",TensorFlow Developer,26582.0,38,9.1,Yes
1942,37,Male,Germany,Franklinchester,PhD,Entry,2,Machine Learning Engineer,Finance,SQL,Large,Hybrid,"SQL, Tableau, TensorFlow",Azure Data Engineer,485360.0,50,7.5,Yes
1943,31,Female,Australia,Melindafort,Masters,Lead,13,Machine Learning Engineer,SaaS,Julia,Medium,Hybrid,"Pandas, Power BI, Excel",Google Data Analytics,83903.0,51,8.3,No
1944,30,Female,USA,Port Robert,Masters,Lead,12,BI Analyst,Finance,Scala,Small,Hybrid,"TensorFlow, Spark, PyTorch",AWS Certified,60660.0,40,5.9,No
1945,25,Male,Poland,Arthurland,PhD,Lead,13,Business Analyst,Retail,SQL,Medium,Hybrid,"Python, NumPy, Pandas",None,68580.0,60,4.4,Yes
1946,24,Other,Canada,North Amyshire,Masters,Mid,4,Business Analyst,EdTech,Scala,Medium,Hybrid,"Python, NumPy, TensorFlow",TensorFlow Developer,50533.0,43,6.6,No
1947,39,Female,USA,Port Steventon,PhD,Lead,16,Analytics Engineer,EdTech,SQL,Medium,Remote,"PyTorch, Power BI, Python",TensorFlow Developer,122066.0,39,7.9,Yes
1948,32,Female,India,Josephfort,Bachelors,Senior,9,BI Analyst,Consulting,SQL,Small,Remote,"NumPy, Spark, Python",Microsoft Power BI,38333.0,40,6.6,Yes
1949,35,Other,USA,Russellport,Bachelors,Lead,13,Data Engineer,Consulting,SQL,Small,Remote,"Excel, NumPy, TensorFlow",IBM Data Science,67051.0,56,4.9,Yes
1950,39,Male,Brazil,Martinview,Bachelors,Lead,15,Machine Learning Engineer,EdTech,SQL,Medium,Remote,"Python, NumPy, PyTorch",IBM Data Science,91229.0,33,4.2,No
1951,52,Male,Germany,North Jenniferbury,PhD,Lead,12,Data Scientist,Healthcare,R,Large,Onsite,"SQL, TensorFlow, PyTorch",AWS Certified,89460.0,30,8.0,Yes
1952,26,Male,USA,West Lacey,Masters,Mid,4,Data Scientist,Gaming,Julia,Large,Onsite,"Excel, NumPy, Tableau",Azure Data Engineer,71006.0,55,7.2,No
1953,38,Female,Poland,East Michaelshire,PhD,Senior,6,Data Analyst,EdTech,Scala,Large,Onsite,"PyTorch, TensorFlow, Python",Azure Data Engineer,45193.0,56,8.9,No
1954,44,Other,India,Walkerburgh,Masters,Senior,7,Machine Learning Engineer,Consulting,Python,Medium,Remote,"PyTorch, Power BI, TensorFlow",AWS Certified,40215.0,46,9.7,Yes
1955,51,Male,Germany,Dixonchester,Masters,Senior,10,Data Scientist,Healthcare,R,Small,Remote,"Excel, Spark, SQL",None,81224.0,57,5.1,No
1956,32,Female,Germany,Blackwellfurt,Bachelors,Lead,20,Data Scientist,E-commerce,Python,Small,Hybrid,"TensorFlow, SQL, Tableau",TensorFlow Developer,80091.0,30,10.0,No
1957,46,Other,Poland,North Tommyview,Bachelors,Lead,13,Machine Learning Engineer,E-commerce,R,Medium,Remote,"Spark, Tableau, Excel",None,80890.0,54,4.2,No
1958,42,Other,Brazil,West Tammy,PhD,Senior,6,AI Engineer,Retail,R,Medium,Hybrid,"Pandas, Python, PyTorch",None,55221.0,35,7.7,No
1959,54,Female,Poland,North Renee,PhD,Lead,16,Data Scntist,Gaming,Python,Medium,Onsite,"Tableau, Spark, Excel",IBM Data Science,67864.0,39,4.2,Yes
1960,25,Male,Germany,Hughesborough,Masters,Entry,1,AI Engineer,E-commerce,Scala,Small,Hybrid,"Excel, Tableau, Pandas",Google Data Analytics,43176.0,51,9.9,Yes
1961,46,Female,India,Port Stevenville,Masters,Lead,16,BI Analyst,EdTech,Scala,Large,Remote,"Python, TensorFlow, PyTorch",TensorFlow Developer,54722.0,45,6.2,Yes
1962,45,Female,Poland,North Christophermouth,PhD,Senior,9,Data Scientist,EdTech,R,Large,Onsite,"Python, NumPy, SQL",Google Data Analytics,62212.0,38,6.4,Yes
1963,51,Female,UK,Bradleytown,Masters,Entry,1,Data Analyst,Finance,Scala,Large,Hybrid,"PyTorch, Python, Pandas",Microsoft Power BI,31054.0,57,6.9,No
1964,30,Other,UK,North Darrenstad,Masters,Lead,20,Data Scientist,EdTech,R,Large,Onsite,"Excel, Python, Tableau",TensorFlow Developer,86398.0,53,8.1,Yes
1965,47,Other,Germany,South Jeanborough,PhD,Entry,0,Data Analyst,Consulting,Scala,Medium,Hybrid,"Spark, SQL, Excel",Microsoft Power BI,30642.0,59,6.4,No
1966,36,Male,Poland,Vargasberg,PhD,Senior,7,Data Analyst,E-commerce,Julia,Medium,Hybrid,"NumPy, TensorFlow, Excel",AWS Certified,41802.0,35,9.2,Yes
1967,50,Male,UK,Mcmillanburgh,Masters,Entry,1,Data Engineer,Retail,R,Medium,Onsite,"Pandas, NumPy, PyTorch",AWS Certified,41701.0,35,6.0,No
1968,39,Male,India,Lake Christina,Masters,Lead,19,Analytics Engineer,Finance,Julia,Medium,Remote,"PyTorch, SQL, NumPy",Microsoft Power BI,113872.0,58,4.6,Yes
1969,23,Other,Poland,Roberthaven,Bachelors,Lead,17,AI Engineer,Consulting,SQL,Medium,Hybrid,"SQL, NumPy, PyTorch",Microsoft Power BI,108915.0,34,7.8,No
1970,34,Male,USA,Christinefurt,Bachelors,Lead,16,AI Engineer,Healthcare,R,Large,Onsite,"Spark, PyTorch, Tableau",None,102768.0,51,9.8,Yes
1971,40,Female,Germany,West Andrew,PhD,Mid,3,AI Engineer,Consulting,Python,Medium,Remote,"Tableau, Excel, SQL",Google Data Analytics,66784.0,42,5.4,Yes
1972,54,Other,UK,Alexandermouth,Masters,Entry,0,Data Scientist,SaaS,R,Small,Remote,"PyTorch, Excel, Spark",Google Data Analytics,31420.0,46,7.4,Yes
1973,38,Male,Canada,Griffinmouth,PhD,Entry,2,AI Engineer,Retail,SQL,Large,Remote,"Spark, Power BI, Tableau",AWS Certified,80464.0,58,5.9,No
1974,30,Female,India,Heathershire,PhD,Lead,19,Data Engineer,Finance,Julia,Large,Onsite,"Tableau, Excel, Spark",IBM Data Science,87369.0,35,5.9,Yes
1975,51,Male,Poland,Smithville,PhD,Senior,8,Business Analyst,Healthcare,Julia,Small,Hybrid,"NumPy, Power BI, SQL",None,53958.0,45,9.4,No
1976,38,Other,India,West Jessicashire,Bachelors,Lead,18,Data Scientist,Consulting,Julia,Large,Remote,"Excel, Spark, Power BI",Azure Data Engineer,85690.0,30,6.3,No
1977,48,Female,Canada,Ericstad,Bachelors,Senior,8,AI Engineer,EdTech,Python,Small,Onsite,"Python, NumPy, Excel",Azure Data Engineer,72717.0,43,5.7,Yes
1978,55,Female,Poland,Chenfurt,Masters,Senior,6,Machine Learning Engineer,Retail,SQL,Large,Hybrid,"Spark, Pandas, Tableau",Azure Data Engineer,60809.0,36,5.6,No
1979,37,Other,India,Dianechester,Masters,Lead,16,Analytics Engineer,Consulting,R,Large,Onsite,"PyTorch, Tableau, Power BI",Microsoft Power BI,83373.0,35,9.6,No
1980,55,Male,UK,New Michelle,Bachelors,Lead,15,Data Analyst,Healthcare,Julia,Medium,Hybrid,"Spark, Pandas, NumPy",Google Data Analytics,61218.0,43,4.8,No
1981,52,Other,UK,Hardyview,PhD,Mid,3,Machine Learning Engineer,E-commerce,Scala,Medium,Remote,"Spark, Python, NumPy",Google Data Analytics,65129.0,47,9.0,No
1982,33,Female,Brazil,Smithberg,Bachelors,Senior,10,Data Scientist,Healthcare,Scala,Large,Onsite,"PyTorch, Spark, Excel",IBM Data Science,45289.0,47,5.9,No
1983,45,Female,India,Jamietown,Masters,Entry,1,BI Analyst,Gaming,Python,Large,Onsite,"Excel, PyTorch, TensorFlow",AWS Certified,22453.0,34,8.2,No
1984,50,Other,India,Bennettborough,PhD,Lead,13,Data Engineer,E-commerce,Python,Large,Hybrid,"SQL, Tableau, Excel",Microsoft Power BI,62635.0,39,9.1,Yes
1985,22,Female,USA,Port Laurentown,Masters,Entry,1,Data Scientist,Finance,Julia,Large,Hybrid,"Python, Excel, NumPy",AWS Certified,64584.0,36,7.0,Yes
1986,36,Female,Canada,Gutierrezfurt,Bachelors,Mid,3,AI Engineer,Finance,Scala,Medium,Onsite,"PyTorch, NumPy, TensorFlow",IBM Data Science,57098.0,51,6.6,Yes
1987,39,Other,USA,East Edwardberg,Masters,Lead,15,Data Engineer,EdTech,Python,Large,Hybrid,"Python, Pandas, Tableau",None,110802.0,49,8.6,Yes
1988,32,Female,Brazil,South Danielburgh,Masters,Mid,5,Data Engineer,EdTech,R,Medium,Onsite,"Excel, Python, NumPy",AWS Certified,39157.0,37,7.7,Yes
1989,53,Male,USA,Reginaldmouth,Masters,Mid,4,BI Analyst,Healthcare,Python,Medium,Hybrid,"NumPy, PyTorch, Python",TensorFlow Developer,46616.0,34,4.5,No
1990,46,Other,USA,South Ericstad,Masters,Mid,5,Machine Learning Engineer,SaaS,Python,Small,Remote,"TensorFlow, Python, Tableau",TensorFlow Developer,72766.0,51,8.7,Yes
1991,40,Male,Poland,North Virginiaton,Bachelors,Senior,7,Data Engineer,E-commerce,Julia,Medium,Onsite,"Python, SQL, Pandas",AWS Certified,57804.0,54,8.6,No
1992,51,Female,UK,South Joshua,Masters,Entry,1,Machine Learning Engineer,Finance,Julia,Large,Remote,"Tableau, SQL, Python",Azure Data Engineer,61403.0,31,6.6,No
1993,30,Male,Poland,East Taylor,Masters,Lead,20,Analytics Engineer,Retail,SQL,Medium,Remote,"Power BI, Python, PyTorch",Google Data Analytics,114792.0,56,9.5,Yes
1994,44,Male,India,Schmidtchester,Bachelors,Lead,11,Analytics Engineer,Healthcare,SQL,Small,Onsite,"PyTorch, Pandas, Excel",AWS Certified,53791.0,54,6.3,No
1995,45,Female,Poland,New Micheleberg,Bachelors,Mid,5,BI Analyst,Finance,Julia,Large,Remote,"Pandas, SQL, Spark",Google Data Analytics,42270.0,31,9.5,Yes
1996,42,Male,UK,Kelleymouth,PhD,Lead,19,Machine Learning Engineer,Retail,R,Small,Remote,"Excel, SQL, Pandas",AWS Certified,96039.0,45,8.8,No
1997,35,Male,Australia,New Danielle,Bachelors,Entry,0,Data Scntist,Gaming,Python,Small,Hybrid,"Pandas, Excel, NumPy",Google Data Analytics,32415.0,45,6.0,No
1998,54,Other,Australia,West Vincentshire,Masters,Senior,6,Data Scientist,Gaming,Julia,Medium,Hybrid,"Tableau, Pandas, Spark",Microsoft Power BI,52626.0,56,8.0,No
1999,30,Male,India,West Charlesburgh,PhD,Entry,2,Data Analyst,Consulting,Julia,Medium,Remote,"TensorFlow, Tableau, Excel",Google Data Analytics,23356.0,48,5.5,No
1979,37,Other,India,Dianechester,Masters,Lead,16,Analytics Engineer,Consulting,R,Large,Onsite,"PyTorch, Tableau, Power BI",Microsoft Power BI,83373.0,35,9.6,No
959,46,Other,Brazil,North Joyfurt,Masters,Entry,1,Data Scientist,E-commerce,R,Large,Remote,"Tableau, TensorFlow, Power BI",Azure Data Engineer,33508.0,31,7.2,Yes
1230,32,Other,Germany,West Michael,Bachelors,Lead,19,Data Analyst,Consulting,Julia,Medium,Hybrid,"Tableau, NumPy, TensorFlow",None,85345.0,42,4.2,No
1606,26,Other,Germany,Barbaraville,Masters,Lead,20,BI Analyst,EdTech,Scala,Large,Remote,"PyTorch, NumPy, Python",None,,51,7.5,No
1198,51,Other,Poland,North Zacharyville,Bachelors,Senior,8,Data Scientist,Finance,Scala,Small,Onsite,"NumPy, Pandas, Spark",Google Data Analytics,50981.0,46,9.2,No
1355,32,Male,India,North Georgeton,Masters,Lead,20,Machine Learning Engineer,Gaming,Scala,Medium,Hybrid,"TensorFlow, PyTorch, Python",IBM Data Science,75071.0,39,7.1,No
1740,37,Male,Australia,South Raymond,Masters,Senior,6,Machine Learning Engineer,Retail,SQL,Large,Hybrid,"Tableau, Power BI, NumPy",IBM Data Science,82177.0,32,7.2,Yes
1662,39,Male,Poland,Lake Katherine,Bachelors,Lead,16,Data Scientist,E-commerce,Julia,Large,Hybrid,"Spark, SQL, Pandas",Azure Data Engineer,99615.0,52,8.9,No
1254,36,Other,Australia,Dixonberg,Bachelors,Lead,11,Machine Learning Engineer,SaaS,R,Small,Onsite,"Tableau, PyTorch, Power BI",Google Data Analytics,58379.0,42,5.1,Yes
1657,50,Female,Canada,West Lawrenceside,PhD,Mid,3,AI Engineer,Gaming,R,Small,Remote,"Power BI, PyTorch, Spark",Microsoft Power BI,64864.0,42,7.5,Yes
1042,30,Female,Poland,Nelsonchester,PhD,Lead,17,AI Engineer,Gaming,SQL,Large,Onsite,"SQL, Tableau, Excel",Azure Data Engineer,120752.0,50,4.2,No
1636,22,Female,UK,Holtport,Masters,Senior,8,Machine Learning Engineer,SaaS,Julia,Small,Onsite,"Spark, Python, Pandas",IBM Data Science,57676.0,57,9.9,Yes
264,45,Male,India,Johnsonside,Bachelors,Senior,7,Data Analyst,Retail,SQL,Small,Hybrid,"Excel, PyTorch, NumPy",AWS Certified,34251.0,51,8.0,No
978,41,Other,Poland,Port Kelly,Bachelors,Mid,4,AI Engineer,Healthcare,R,Small,Onsite,"Power BI, NumPy, SQL",IBM Data Science,40168.0,49,5.9,Yes
1914,47,Male,Canada,Whitemouth,PhD,Senior,8,Business Analyst,Healthcare,Python,Small,Onsite,"Pandas, NumPy, TensorFlow",Azure Data Engineer,58114.0,33,6.1,Yes
263,23,Male,India,Brandyview,PhD,Entry,1,Data Engineer,Gaming,SQL,Small,Hybrid,"Excel, NumPy, Pandas",TensorFlow Developer,18778.0,53,4.2,No
1880,30,Other,Germany,South Michael,Masters,Senior,6,BI Analyst,Finance,Python,Large,Hybrid,"Power BI, PyTorch, Python",Microsoft Power BI,58983.0,51,5.1,Yes
1479,22,Other,India,West Thomas,PhD,Lead,19,BI Analyst,Consulting,Scala,Small,Remote,"PyTorch, Tableau, Spark",Azure Data Engineer,82454.0,36,6.0,Yes
244,31,Female,Germany,South Sean,Bachelors,Lead,13,Analytics Engineer,Consulting,R,Medium,Hybrid,"Python, Pandas, Power BI",IBM Data Science,91340.0,36,6.0,No
1668,35,Other,Canada,Lake Aimee,PhD,Lead,13,Analytics Engineer,SaaS,SQL,Small,Hybrid,"Pandas, Excel, Python",Microsoft Power BI,73949.0,35,8.1,No
